ocid,title,buyer,province,status,industries,industry_scores,is_standing_offer,contract_end_date,value_amount,value_currency,tender_period_end,award_date,award_value,source_release_date
ocds-9t57fa-169076,NRA 2026/0694,South African National Roads Agency Soc Limited (SANRAL),Gauteng,active,['Professional & consulting services'],"[{'industry': 'Professional & consulting services', 'score': 1.0, 'reasons': [""category field contains 'consulting'""]}]",False,,0,ZAR,2026-09-07T12:00:00Z,,5461875.0,2026-09-04T00:00:00Z
ocds-9t57fa-169084,1005/68110/2020/02,South African National Roads Agency Soc Limited (SANRAL),Gauteng,active,['Construction & civil'],"[{'industry': 'Construction & civil', 'score': 1.0, 'reasons': [""category field contains 'building'""]}]",False,,0,ZAR,2026-09-07T12:00:00Z,,95713479.0,2026-09-04T00:00:00Z
ocds-9t57fa-169195,RFQ085/2026,Artscape,Western Cape,complete,['Other / uncategorised'],"[{'industry': 'Other / uncategorised', 'score': 0.0, 'reasons': []}]",False,,0,ZAR,2026-09-05T14:00:00Z,,,2026-09-04T00:00:00Z
ocds-9t57fa-169148,ZNQ59/26/27,Kwazulu Natal - Public Works (Head Office),KwaZulu-Natal,active,['Other / uncategorised'],"[{'industry': 'Other / uncategorised', 'score': 0.0, 'reasons': []}]",True,,0,ZAR,2026-09-11T11:00:00Z,,,2026-09-04T00:00:00Z
ocds-9t57fa-168978,SCMU12-26/27-0002,Eastern Cape - Provincial Treasury,Eastern Cape,active,['Professional & consulting services'],"[{'industry': 'Professional & consulting services', 'score': 1.0, 'reasons': [""category field contains 'consulting'""]}]",True,,0,ZAR,2026-09-25T11:00:00Z,,,2026-09-04T00:00:00Z
ocds-9t57fa-168991,5-2-2-1 DLRRD 0009 2026-2027,Department of Rural Development & Land Reform,National,active,['Professional & consulting services'],"[{'industry': 'Professional & consulting services', 'score': 1.0, 'reasons': [""category field contains 'consulting'""]}]",True,,0,ZAR,2026-09-29T11:00:00Z,,,2026-09-04T00:00:00Z
ocds-9t57fa-169068,CSD NOTICE 154 OF 2026,Oudtshoorn Municipality,Western Cape,active,['Other / uncategorised'],"[{'industry': 'Other / uncategorised', 'score': 0.0, 'reasons': []}]",True,,0,ZAR,2026-09-30T11:00:00Z,,,2026-09-04T00:00:00Z
ocds-9t57fa-169169, NRF RIISA SIIA/19/2026-27 ,National Research Foundation,National,active,['Professional & consulting services'],"[{'industry': 'Professional & consulting services', 'score': 1.0, 'reasons': [""category field contains 'consulting'""]}]",True,,0,ZAR,2026-09-30T12:00:00Z,,,2026-09-04T00:00:00Z
ocds-9t57fa-169172,AHMK00135,Amatola Water Board,Eastern Cape,active,['Other / uncategorised'],"[{'industry': 'Other / uncategorised', 'score': 0.0, 'reasons': []}]",False,,0,ZAR,2026-09-04T11:00:00Z,,67878.0,2026-09-03T00:00:00Z
ocds-9t57fa-169173,AHMK00136,Amatola Water Board,Eastern Cape,active,['Other / uncategorised'],"[{'industry': 'Other / uncategorised', 'score': 0.0, 'reasons': []}]",False,,0,ZAR,2026-09-04T11:00:00Z,,32087.0,2026-09-03T00:00:00Z
ocds-9t57fa-168958,RFQ081/2026,Artscape,Western Cape,complete,['Other / uncategorised'],"[{'industry': 'Other / uncategorised', 'score': 0.0, 'reasons': []}]",False,,0,ZAR,2026-09-04T12:00:00Z,,,2026-09-03T00:00:00Z
ocds-9t57fa-168678,H004L2708RFQ000147,Border Management Authority,Gauteng,complete,['Other / uncategorised'],"[{'industry': 'Other / uncategorised', 'score': 0.0, 'reasons': []}]",False,,0,ZAR,2026-09-03T11:00:00Z,,,2026-09-02T00:00:00Z
ocds-9t57fa-168832,PLMT  25-26/03 Notice,Phumelela Local Municipality,Free State,complete,"['Construction & civil', 'Water & sanitation']","[{'industry': 'Construction & civil', 'score': 1.0, 'reasons': [""category field contains 'construction'""]}, {'industry': 'Water & sanitation', 'score': 1.0, 'reasons': [""text fuzzy-matches 'wastewater' (similarity 1.00)""]}]",False,,0,ZAR,2026-09-03T16:30:00Z,,,2026-09-02T00:00:00Z
ocds-9t57fa-168750,NOTICE TO CANCEL TO RE-ADVERTISE RFQ 02/07/2026,Oudtshoorn Municipality,Western Cape,complete,['Supply of goods'],"[{'industry': 'Supply of goods', 'score': 1.0, 'reasons': [""text fuzzy-matches 'supply and delivery' (similarity 1.00)""]}]",False,,0,ZAR,2026-09-04T12:00:00Z,,,2026-09-02T00:00:00Z
ocds-9t57fa-168730,Znq 56/26/27,Kwazulu Natal - Public Works (Head Office),KwaZulu-Natal,active,['Supply of goods'],"[{'industry': 'Supply of goods', 'score': 1.0, 'reasons': [""text fuzzy-matches 'supply and delivery' (similarity 1.00)""]}]",True,,0,ZAR,2026-09-09T11:00:00Z,,,2026-09-02T00:00:00Z
ocds-9t57fa-167663,E3098GXMPGROCancell,ESKOM,Mpumalanga,complete,['Construction & civil'],"[{'industry': 'Construction & civil', 'score': 1.0, 'reasons': [""category field contains 'construction'""]}]",False,,0,ZAR,2026-09-02T11:00:00Z,,,2026-09-01T00:00:00Z
ocds-9t57fa-167761,RFQ/SAEON/FYNBOS/GPU SERVER/132/2026,National Research Foundation,Western Cape,complete,"['Professional & consulting services', 'ICT & telecommunications']","[{'industry': 'Professional & consulting services', 'score': 1.0, 'reasons': [""category field contains 'consulting'""]}, {'industry': 'ICT & telecommunications', 'score': 0.92, 'reasons': [""text fuzzy-matches 'server' (similarity 0.92)""]}]",False,,0,ZAR,2026-09-03T11:00:00Z,,,2026-09-01T00:00:00Z
ocds-9t57fa-167684,RFQ10001070K,Council for Geoscience,Gauteng,complete,['Professional & consulting services'],"[{'industry': 'Professional & consulting services', 'score': 1.0, 'reasons': [""category field contains 'consulting'""]}]",False,,0,ZAR,2026-09-04T11:00:00Z,,,2026-09-01T00:00:00Z
ocds-9t57fa-167760,iLABS/RFQ 2026/27/118,National Research Foundation,Western Cape,complete,['Other / uncategorised'],"[{'industry': 'Other / uncategorised', 'score': 0.0, 'reasons': []}]",False,,0,ZAR,2026-09-04T11:00:00Z,,,2026-09-01T00:00:00Z
ocds-9t57fa-167653,ASA 05/09/2026,Agrément South Africa,National,complete,['Other / uncategorised'],"[{'industry': 'Other / uncategorised', 'score': 0.0, 'reasons': []}]",False,,0,ZAR,2026-09-04T12:00:00Z,,,2026-09-01T00:00:00Z
ocds-9t57fa-167734,RFQ074/2026,Artscape,Western Cape,complete,['Electrical'],"[{'industry': 'Electrical', 'score': 1.0, 'reasons': [""category field contains 'electrical'""]}]",False,,0,ZAR,2026-09-04T13:00:00Z,,,2026-09-01T00:00:00Z
ocds-9t57fa-167765,RFQ/ICT/26/27/020,"Manufacturing, Engineering and Related Services SETA (merSETA)",Gauteng,complete,"['ICT & telecommunications', 'Professional & consulting services']","[{'industry': 'ICT & telecommunications', 'score': 1.0, 'reasons': [""text fuzzy-matches 'ict' (similarity 1.00)""]}, {'industry': 'Professional & consulting services', 'score': 1.0, 'reasons': [""category field contains 'consulting'""]}]",False,,0,ZAR,2026-09-04T15:00:00Z,,,2026-09-01T00:00:00Z
ocds-9t57fa-167488,SCD3710/2026,Overstrand Municipality,Western Cape,active,['Professional & consulting services'],"[{'industry': 'Professional & consulting services', 'score': 1.0, 'reasons': [""category field contains 'consulting'""]}]",False,,0,ZAR,2026-09-01T08:00:00Z,,16234315.0,2026-08-31T00:00:00Z
ocds-9t57fa-167672,SO/VO/04/09/2026,South African National Space Agency,Gauteng,active,['Health & medical'],"[{'industry': 'Health & medical', 'score': 2.0, 'reasons': [""category field contains 'medical'"", ""text fuzzy-matches 'medical' (similarity 1.00)""]}]",False,,0,ZAR,2026-09-01T10:00:00Z,,460000.0,2026-08-31T00:00:00Z
ocds-9t57fa-167661,CCMADIV-26-10,Commission for Conciliation Mediation & Arbitration,National,active,['ICT & telecommunications'],"[{'industry': 'ICT & telecommunications', 'score': 1.0, 'reasons': [""text fuzzy-matches 'ict' (similarity 1.00)""]}]",False,,0,ZAR,2026-09-01T11:00:00Z,,740000.0,2026-08-31T00:00:00Z
ocds-9t57fa-167649,Ex Post Facto - MW Deviation 3 (FY 2026-27),Magalies Water,North West,active,['Other / uncategorised'],"[{'industry': 'Other / uncategorised', 'score': 0.0, 'reasons': []}]",False,,0,ZAR,2026-09-01T12:00:00Z,,10876850.0,2026-08-31T00:00:00Z
ocds-9t57fa-167655,Contract Expansion - MW Deviation 4 (FY 2026-27),Magalies Water,North West,active,['Other / uncategorised'],"[{'industry': 'Other / uncategorised', 'score': 0.0, 'reasons': []}]",False,,0,ZAR,2026-09-01T12:00:00Z,,195249470.0,2026-08-31T00:00:00Z
ocds-9t57fa-167594,H004L2708RFQ00150,Border Management Authority,Gauteng,complete,['Supply of goods'],"[{'industry': 'Supply of goods', 'score': 1.0, 'reasons': [""text fuzzy-matches 'supply and delivery' (similarity 1.00)""]}]",False,,0,ZAR,2026-09-02T11:00:00Z,,,2026-08-31T00:00:00Z
ocds-9t57fa-167547,ID3291699,Public Works,Mpumalanga,complete,['ICT & telecommunications'],"[{'industry': 'ICT & telecommunications', 'score': 0.89, 'reasons': [""text fuzzy-matches 'fibre' (similarity 0.89)""]}]",False,,0,ZAR,2026-09-02T16:00:00Z,,,2026-08-31T00:00:00Z
ocds-9t57fa-167507,RFQ2026-008 -043,National Lotteries Commission,Limpopo,complete,['Other / uncategorised'],"[{'industry': 'Other / uncategorised', 'score': 0.0, 'reasons': []}]",False,,0,ZAR,2026-09-03T11:00:00Z,,,2026-08-31T00:00:00Z
ocds-9t57fa-167517,RFP/2021/001477,Public Service Sector Education and Training Authority,Gauteng,complete,['Professional & consulting services'],"[{'industry': 'Professional & consulting services', 'score': 1.0, 'reasons': [""category field contains 'consulting'""]}]",False,,0,ZAR,2026-09-03T11:00:00Z,,,2026-08-31T00:00:00Z
ocds-9t57fa-167523,RFQ070/2026,Artscape,Western Cape,complete,['Other / uncategorised'],"[{'industry': 'Other / uncategorised', 'score': 0.0, 'reasons': []}]",False,,0,ZAR,2026-09-03T11:00:00Z,,,2026-08-31T00:00:00Z
ocds-9t57fa-167529,RFQ071/2026,Artscape,Western Cape,complete,['Other / uncategorised'],"[{'industry': 'Other / uncategorised', 'score': 0.0, 'reasons': []}]",False,,0,ZAR,2026-09-03T11:00:00Z,,,2026-08-31T00:00:00Z
ocds-9t57fa-167636,CPSC/B/187/2026,Defence,Northern Cape,complete,['Other / uncategorised'],"[{'industry': 'Other / uncategorised', 'score': 0.0, 'reasons': []}]",False,,0,ZAR,2026-09-03T11:00:00Z,,,2026-08-31T00:00:00Z
ocds-9t57fa-167637,CPSC/B/188/2026,Defence,Northern Cape,complete,['Other / uncategorised'],"[{'industry': 'Other / uncategorised', 'score': 0.0, 'reasons': []}]",False,,0,ZAR,2026-09-03T11:00:00Z,,,2026-08-31T00:00:00Z
ocds-9t57fa-167525,RFQ068/2026,Artscape,Western Cape,complete,['Other / uncategorised'],"[{'industry': 'Other / uncategorised', 'score': 0.0, 'reasons': []}]",False,,0,ZAR,2026-09-03T13:00:00Z,,,2026-08-31T00:00:00Z
ocds-9t57fa-167530,RFQ069/2026,Artscape,Western Cape,complete,['Other / uncategorised'],"[{'industry': 'Other / uncategorised', 'score': 0.0, 'reasons': []}]",False,,0,ZAR,2026-09-03T13:00:00Z,,,2026-08-31T00:00:00Z
ocds-9t57fa-167556,RFQ/CMS/ICT/31/08/2026,Council for Medical Schemes,Gauteng,complete,['Other / uncategorised'],"[{'industry': 'Other / uncategorised', 'score': 0.0, 'reasons': []}]",False,,0,ZAR,2026-09-04T00:00:00Z,,,2026-08-31T00:00:00Z
ocds-9t57fa-167527,RFQ 2026-008-046,National Lotteries Commission,National,complete,['Supply of goods'],"[{'industry': 'Supply of goods', 'score': 1.0, 'reasons': [""text fuzzy-matches 'supply and delivery' (similarity 1.00)""]}]",False,,0,ZAR,2026-09-04T11:00:00Z,,,2026-08-31T00:00:00Z
ocds-9t57fa-167617,PR 10117919,Road Accident Fund,Gauteng,complete,"['Professional & consulting services', 'Construction & civil']","[{'industry': 'Professional & consulting services', 'score': 1.0, 'reasons': [""category field contains 'consulting'""]}, {'industry': 'Construction & civil', 'score': 0.89, 'reasons': [""text fuzzy-matches 'roads' (similarity 0.89)""]}]",False,,0,ZAR,2026-09-04T11:00:00Z,,,2026-08-31T00:00:00Z
ocds-9t57fa-167641,2224431,Limpopo - Economic Development Agency,Limpopo,complete,['Other / uncategorised'],"[{'industry': 'Other / uncategorised', 'score': 0.0, 'reasons': []}]",False,,0,ZAR,2026-09-04T11:00:00Z,,,2026-08-31T00:00:00Z
ocds-9t57fa-167478,IM1892026,Tourism,National,complete,['Professional & consulting services'],"[{'industry': 'Professional & consulting services', 'score': 1.0, 'reasons': [""category field contains 'consulting'""]}]",False,,0,ZAR,2026-09-04T11:00:00Z,,,2026-08-30T00:00:00Z
ocds-9t57fa-167479,IM1922026,Tourism,Gauteng,complete,['Other / uncategorised'],"[{'industry': 'Other / uncategorised', 'score': 0.0, 'reasons': []}]",False,,0,ZAR,2026-09-04T11:00:00Z,,,2026-08-30T00:00:00Z
ocds-9t57fa-167263,E2062GXMPKUSEXTENSI,ESKOM,Mpumalanga,complete,['Supply of goods'],"[{'industry': 'Supply of goods', 'score': 1.0, 'reasons': [""text fuzzy-matches 'supply and delivery' (similarity 1.00)""]}]",False,,0,ZAR,2026-08-31T10:00:00Z,,,2026-08-28T00:00:00Z
ocds-9t57fa-167436,RFQ NO- 33- 2026-2027,Alexkor Limited,Northern Cape,complete,['Other / uncategorised'],"[{'industry': 'Other / uncategorised', 'score': 0.0, 'reasons': []}]",False,,0,ZAR,2026-09-01T16:00:00Z,,,2026-08-28T00:00:00Z
ocds-9t57fa-167318,GKM-Q 09/08/26-27,Greater Kokstad Local Municipality,KwaZulu-Natal,complete,['Other / uncategorised'],"[{'industry': 'Other / uncategorised', 'score': 0.0, 'reasons': []}]",False,,0,ZAR,2026-09-02T11:00:00Z,,,2026-08-28T00:00:00Z
ocds-9t57fa-167332,RFQ-NCB-007-26,South African Tourism,Gauteng,complete,['Professional & consulting services'],"[{'industry': 'Professional & consulting services', 'score': 1.0, 'reasons': [""category field contains 'consulting'""]}]",False,,0,ZAR,2026-09-02T12:00:00Z,,,2026-08-28T00:00:00Z
ocds-9t57fa-167395,RFQ26405,Basic Education,Gauteng,complete,['Other / uncategorised'],"[{'industry': 'Other / uncategorised', 'score': 0.0, 'reasons': []}]",False,,0,ZAR,2026-09-03T10:00:00Z,,,2026-08-28T00:00:00Z
ocds-9t57fa-167401,RFQ26403,Basic Education,Gauteng,complete,['Other / uncategorised'],"[{'industry': 'Other / uncategorised', 'score': 0.0, 'reasons': []}]",False,,0,ZAR,2026-09-03T10:00:00Z,,,2026-08-28T00:00:00Z
ocds-9t57fa-167397,SLM/SCM/09/2026/2027,Sakhisizwe Local Municipality,Eastern Cape,complete,['Other / uncategorised'],"[{'industry': 'Other / uncategorised', 'score': 0.0, 'reasons': []}]",False,,0,ZAR,2026-09-03T12:00:00Z,,,2026-08-28T00:00:00Z
ocds-9t57fa-167429,RFQ/MAR/26/27/110(1),"Manufacturing, Engineering and Related Services SETA (merSETA)",Gauteng,complete,['Professional & consulting services'],"[{'industry': 'Professional & consulting services', 'score': 1.0, 'reasons': [""category field contains 'consulting'""]}]",False,,0,ZAR,2026-09-03T12:00:00Z,,,2026-08-28T00:00:00Z
ocds-9t57fa-167446,SARAO-SRES-TM-(PRF-4326)-2026-27 (Re-advert),National Research Foundation,Northern Cape,complete,['Professional & consulting services'],"[{'industry': 'Professional & consulting services', 'score': 1.0, 'reasons': [""category field contains 'consulting'""]}]",False,,0,ZAR,2026-09-03T12:00:00Z,,,2026-08-28T00:00:00Z
ocds-9t57fa-167294,OLT2128213,ESKOM,Free State,complete,['Other / uncategorised'],"[{'industry': 'Other / uncategorised', 'score': 0.0, 'reasons': []}]",False,,0,ZAR,2026-09-04T10:00:00Z,,,2026-08-28T00:00:00Z
ocds-9t57fa-167298,SCMU3-P26/27-0617-EMSCH,Eastern Cape - Health,Eastern Cape,complete,"['Security services', 'Cleaning & facilities']","[{'industry': 'Security services', 'score': 1.0, 'reasons': [""category field contains 'security services'""]}, {'industry': 'Cleaning & facilities', 'score': 1.0, 'reasons': [""text fuzzy-matches 'cleaning services' (similarity 1.00)""]}]",False,,0,ZAR,2026-09-04T11:00:00Z,,,2026-08-28T00:00:00Z
ocds-9t57fa-167351,Znq 45/26/27,Kwazulu Natal - Public Works (Head Office),KwaZulu-Natal,complete,['ICT & telecommunications'],"[{'industry': 'ICT & telecommunications', 'score': 1.0, 'reasons': [""text fuzzy-matches 'network' (similarity 1.00)""]}]",False,,0,ZAR,2026-09-04T11:00:00Z,,,2026-08-28T00:00:00Z
ocds-9t57fa-167414,RFQ 4421d/26,South African Weather Service,Gauteng,complete,['Professional & consulting services'],"[{'industry': 'Professional & consulting services', 'score': 1.0, 'reasons': [""category field contains 'consulting'""]}]",False,,0,ZAR,2026-09-04T11:00:00Z,,,2026-08-28T00:00:00Z
ocds-9t57fa-167417,IZIKO-RFQ-FIN-TENDER BOX 06/08/26,Iziko Museums of Cape Town,Western Cape,complete,['Supply of goods'],"[{'industry': 'Supply of goods', 'score': 1.0, 'reasons': [""text fuzzy-matches 'supply and delivery' (similarity 1.00)""]}]",False,,0,ZAR,2026-09-04T11:00:00Z,,,2026-08-28T00:00:00Z
ocds-9t57fa-167245,GMQ004/26-27,George Municipality,Western Cape,complete,['Other / uncategorised'],"[{'industry': 'Other / uncategorised', 'score': 0.0, 'reasons': []}]",False,,0,ZAR,2026-09-04T12:00:00Z,,,2026-08-28T00:00:00Z
ocds-9t57fa-167327,REQ0000000834,South African Nursing Council,Gauteng,complete,['ICT & telecommunications'],"[{'industry': 'ICT & telecommunications', 'score': 0.92, 'reasons': [""text fuzzy-matches 'server' (similarity 0.92)""]}]",False,,0,ZAR,2026-09-04T12:00:00Z,,,2026-08-28T00:00:00Z
ocds-9t57fa-167328,QUOTATION 8/2/40-2026 / MN180-2026,Bergrivier - WC Local Municipality,Western Cape,complete,['Professional & consulting services'],"[{'industry': 'Professional & consulting services', 'score': 1.0, 'reasons': [""category field contains 'consulting'""]}]",False,,0,ZAR,2026-09-04T12:00:00Z,,,2026-08-28T00:00:00Z
ocds-9t57fa-167357,JCPZ/RFQ/ICT04/2026,Johannesburg City Parks and Zoo,National,complete,['ICT & telecommunications'],"[{'industry': 'ICT & telecommunications', 'score': 1.0, 'reasons': [""text fuzzy-matches 'telecommunications' (similarity 1.00)""]}]",False,,0,ZAR,2026-09-04T12:00:00Z,,,2026-08-28T00:00:00Z
ocds-9t57fa-167392,SLM/SCM/13/2026/2027,Sakhisizwe Local Municipality,Eastern Cape,complete,['Construction & civil'],"[{'industry': 'Construction & civil', 'score': 0.94, 'reasons': [""text fuzzy-matches 'building' (similarity 0.94)""]}]",False,,0,ZAR,2026-09-04T12:00:00Z,,,2026-08-28T00:00:00Z
ocds-9t57fa-167319,NRF/SAAO/RFQ/119063,National Research Foundation,Western Cape,complete,['Transport & logistics'],"[{'industry': 'Transport & logistics', 'score': 1.0, 'reasons': [""category field contains 'transport'""]}]",False,,0,ZAR,2026-09-04T16:00:00Z,,,2026-08-28T00:00:00Z
ocds-9t57fa-167422,SCMU5-26/27-0008 CHR,Eastern Cape - Roads and Public Works,Eastern Cape,active,"['Construction & civil', 'ICT & telecommunications']","[{'industry': 'Construction & civil', 'score': 1.0, 'reasons': [""category field contains 'construction'""]}, {'industry': 'ICT & telecommunications', 'score': 0.89, 'reasons': [""text fuzzy-matches 'fibre' (similarity 0.89)""]}]",True,,0,ZAR,2026-09-22T11:00:00Z,,,2026-08-28T00:00:00Z
ocds-9t57fa-169216,Dev 08/2026,Gauteng - Co-operative Governance & Traditional Affairs (COGTA),National,active,['Professional & consulting services'],"[{'industry': 'Professional & consulting services', 'score': 1.0, 'reasons': [""category field contains 'consulting'""]}]",False,,0,ZAR,2026-08-28T11:00:00Z,,3700.0,2026-08-27T00:00:00Z
ocds-9t57fa-167376,DJ7760NTCSA,ESKOM,Gauteng,active,['Other / uncategorised'],"[{'industry': 'Other / uncategorised', 'score': 0.0, 'reasons': []}]",False,0001-01-01T00:00:00Z,0,ZAR,2026-08-28T23:30:00Z,,66263151.0,2026-08-27T00:00:00Z
ocds-9t57fa-168669,DEVIATION 004-2026-27,Government Technical Advisory Centre (GTAC),National,active,['Professional & consulting services'],"[{'industry': 'Professional & consulting services', 'score': 1.0, 'reasons': [""category field contains 'consulting'""]}]",False,2026-12-31T00:00:00Z,0,ZAR,2026-08-31T11:00:00Z,,58366180.0,2026-08-27T00:00:00Z
ocds-9t57fa-167168,NB025/2026,Tourism,Gauteng,complete,['Other / uncategorised'],"[{'industry': 'Other / uncategorised', 'score': 0.0, 'reasons': []}]",False,,0,ZAR,2026-08-31T09:00:00Z,,,2026-08-27T00:00:00Z
ocds-9t57fa-167191,NB043/2026,Tourism,Gauteng,complete,['Other / uncategorised'],"[{'industry': 'Other / uncategorised', 'score': 0.0, 'reasons': []}]",False,,0,ZAR,2026-08-31T09:00:00Z,,,2026-08-27T00:00:00Z
ocds-9t57fa-167176,NB048/2026,Tourism,Gauteng,complete,['Other / uncategorised'],"[{'industry': 'Other / uncategorised', 'score': 0.0, 'reasons': []}]",False,,0,ZAR,2026-08-31T10:00:00Z,,,2026-08-27T00:00:00Z
ocds-9t57fa-167088,RFQ BB 49/2026,South Cape TVET College,Western Cape,complete,['Transport & logistics'],"[{'industry': 'Transport & logistics', 'score': 2.0, 'reasons': [""category field contains 'transport'"", ""text fuzzy-matches 'transport' (similarity 1.00)""]}]",False,,0,ZAR,2026-08-31T11:00:00Z,,,2026-08-27T00:00:00Z
ocds-9t57fa-167102,RFQ2026-008-039,National Lotteries Commission,North West,complete,['Other / uncategorised'],"[{'industry': 'Other / uncategorised', 'score': 0.0, 'reasons': []}]",False,,0,ZAR,2026-08-31T11:00:00Z,,,2026-08-27T00:00:00Z
ocds-9t57fa-167122,RFQ2026-008-041,National Lotteries Commission,KwaZulu-Natal,complete,['Other / uncategorised'],"[{'industry': 'Other / uncategorised', 'score': 0.0, 'reasons': []}]",False,,0,ZAR,2026-08-31T11:00:00Z,,,2026-08-27T00:00:00Z
ocds-9t57fa-167126,6832-ZNQ-FIN-26,Kwa-Zulu Natal - Natal Sharks Board,KwaZulu-Natal,complete,['Supply of goods'],"[{'industry': 'Supply of goods', 'score': 0.97, 'reasons': [""text fuzzy-matches 'supply and delivery' (similarity 0.97)""]}]",False,,0,ZAR,2026-09-01T11:00:00Z,,,2026-08-27T00:00:00Z
ocds-9t57fa-167078,ASA 02/09/2026,Agrément South Africa,National,complete,['ICT & telecommunications'],"[{'industry': 'ICT & telecommunications', 'score': 0.89, 'reasons': [""text fuzzy-matches 'fibre' (similarity 0.89)""]}]",False,,0,ZAR,2026-09-01T12:00:00Z,,,2026-08-27T00:00:00Z
ocds-9t57fa-167112,ASA 03/09/2026,Agrément South Africa,National,complete,['Water & sanitation'],"[{'industry': 'Water & sanitation', 'score': 1.0, 'reasons': [""text fuzzy-matches 'sanitation' (similarity 1.00)""]}]",False,,0,ZAR,2026-09-01T12:00:00Z,,,2026-08-27T00:00:00Z
ocds-9t57fa-167127,ASA 04/09/2026,Agrément South Africa,National,complete,['Construction & civil'],"[{'industry': 'Construction & civil', 'score': 1.0, 'reasons': [""text fuzzy-matches 'construction' (similarity 1.00)""]}]",False,,0,ZAR,2026-09-01T12:00:00Z,,,2026-08-27T00:00:00Z
ocds-9t57fa-167091,INF012608RFQ01,Agricultural Research Council,Western Cape,complete,"['Professional & consulting services', 'Supply of goods']","[{'industry': 'Professional & consulting services', 'score': 1.0, 'reasons': [""category field contains 'consulting'""]}, {'industry': 'Supply of goods', 'score': 0.89, 'reasons': [""text fuzzy-matches 'supply and delivery' (similarity 0.89)""]}]",False,,0,ZAR,2026-09-02T11:00:00Z,,,2026-08-27T00:00:00Z
ocds-9t57fa-167131,DOH 333/2026-2027,Health,Gauteng,complete,['Professional & consulting services'],"[{'industry': 'Professional & consulting services', 'score': 1.0, 'reasons': [""category field contains 'consulting'""]}]",False,,0,ZAR,2026-09-02T11:00:00Z,,,2026-08-27T00:00:00Z
ocds-9t57fa-167146,iLABS-RFQ 2026-27-179,National Research Foundation,Western Cape,complete,['Supply of goods'],"[{'industry': 'Supply of goods', 'score': 1.0, 'reasons': [""text fuzzy-matches 'supply and delivery' (similarity 1.00)""]}]",False,,0,ZAR,2026-09-02T11:00:00Z,,,2026-08-27T00:00:00Z
ocds-9t57fa-167189,ITS012608RFQ00000007,Agricultural Research Council,Eastern Cape,complete,['Other / uncategorised'],"[{'industry': 'Other / uncategorised', 'score': 0.0, 'reasons': []}]",False,,0,ZAR,2026-09-02T11:00:00Z,,,2026-08-27T00:00:00Z
ocds-9t57fa-167198,MIDSCM008/2026,Kwazulu Natal - Public Works (Head Office),KwaZulu-Natal,complete,['Supply of goods'],"[{'industry': 'Supply of goods', 'score': 1.0, 'reasons': [""text fuzzy-matches 'supply and delivery' (similarity 1.00)""]}]",False,,0,ZAR,2026-09-02T11:00:00Z,,,2026-08-27T00:00:00Z
ocds-9t57fa-167215,RFQ 202060,The South African Bureau of Standards (SABS),Gauteng,complete,['Other / uncategorised'],"[{'industry': 'Other / uncategorised', 'score': 0.0, 'reasons': []}]",False,,0,ZAR,2026-09-02T11:00:00Z,,,2026-08-27T00:00:00Z
ocds-9t57fa-167192,RFQ/SASSETA/2627114,Safety and Security Sector Education and Training Authority (Sasseta),Gauteng,complete,['Professional & consulting services'],"[{'industry': 'Professional & consulting services', 'score': 1.0, 'reasons': [""category field contains 'consulting'""]}]",False,,0,ZAR,2026-09-02T15:00:00Z,,,2026-08-27T00:00:00Z
ocds-9t57fa-167130,116 2026/27,Special Investigation Unit,Western Cape,complete,['Other / uncategorised'],"[{'industry': 'Other / uncategorised', 'score': 0.0, 'reasons': []}]",False,,0,ZAR,2026-09-03T04:00:00Z,,,2026-08-27T00:00:00Z
ocds-9t57fa-167109,OVI01REQ004490,Agricultural Research Council,Gauteng,complete,['Other / uncategorised'],"[{'industry': 'Other / uncategorised', 'score': 0.0, 'reasons': []}]",False,,0,ZAR,2026-09-03T11:00:00Z,,,2026-08-27T00:00:00Z
ocds-9t57fa-167140,iLABS-RFQ 2026-27-178,National Research Foundation,Western Cape,complete,['Supply of goods'],"[{'industry': 'Supply of goods', 'score': 1.0, 'reasons': [""text fuzzy-matches 'supply and delivery' (similarity 1.00)""]}]",False,,0,ZAR,2026-09-03T11:00:00Z,,,2026-08-27T00:00:00Z
ocds-9t57fa-167134,COMM-STAT/08/2026,Passenger Rail Agency of South Africa,Gauteng,complete,['Security services'],"[{'industry': 'Security services', 'score': 1.0, 'reasons': [""category field contains 'security services'""]}]",False,,0,ZAR,2026-09-03T12:00:00Z,,,2026-08-27T00:00:00Z
ocds-9t57fa-167152,JCPZ/RFQ/CID01/2026,Johannesburg City Parks and Zoo,National,complete,['Professional & consulting services'],"[{'industry': 'Professional & consulting services', 'score': 1.0, 'reasons': [""text fuzzy-matches 'professional services' (similarity 1.00)""]}]",False,,0,ZAR,2026-09-03T12:00:00Z,,,2026-08-27T00:00:00Z
ocds-9t57fa-167172,Q06153,Umzinyathi District Municipality,KwaZulu-Natal,complete,['Supply of goods'],"[{'industry': 'Supply of goods', 'score': 1.0, 'reasons': [""text fuzzy-matches 'supply and delivery' (similarity 1.00)""]}]",False,,0,ZAR,2026-09-03T12:00:00Z,,,2026-08-27T00:00:00Z
ocds-9t57fa-167139,RFQ2026/076-06199/NYDA,National Youth Development Agency,National,complete,['Other / uncategorised'],"[{'industry': 'Other / uncategorised', 'score': 0.0, 'reasons': []}]",False,,0,ZAR,2026-09-03T17:00:00Z,,,2026-08-27T00:00:00Z
ocds-9t57fa-167119,RFQ/024/2026/27,BRAND RSA,Gauteng,complete,['Other / uncategorised'],"[{'industry': 'Other / uncategorised', 'score': 0.0, 'reasons': []}]",False,,0,ZAR,2026-09-04T04:00:00Z,,,2026-08-27T00:00:00Z
ocds-9t57fa-167061,SMQ07-26-27,Swellendam Municipality,Western Cape,complete,['Supply of goods'],"[{'industry': 'Supply of goods', 'score': 1.0, 'reasons': [""text fuzzy-matches 'supply and delivery' (similarity 1.00)""]}]",False,,0,ZAR,2026-09-04T11:00:00Z,,,2026-08-27T00:00:00Z
ocds-9t57fa-167063,SMQ09-26-27,Swellendam Municipality,Western Cape,complete,"['Supply of goods', 'ICT & telecommunications']","[{'industry': 'Supply of goods', 'score': 1.0, 'reasons': [""text fuzzy-matches 'supply and delivery' (similarity 1.00)""]}, {'industry': 'ICT & telecommunications', 'score': 0.89, 'reasons': [""text fuzzy-matches 'fibre' (similarity 0.89)""]}]",False,,0,ZAR,2026-09-04T11:00:00Z,,,2026-08-27T00:00:00Z
ocds-9t57fa-167064,SMQ10-26-27,Swellendam Municipality,Western Cape,complete,['Supply of goods'],"[{'industry': 'Supply of goods', 'score': 1.0, 'reasons': [""text fuzzy-matches 'supply and delivery' (similarity 1.00)""]}]",False,,0,ZAR,2026-09-04T11:00:00Z,,,2026-08-27T00:00:00Z
ocds-9t57fa-167114,6833-ZNQ-BDD-26,Kwa-Zulu Natal - Natal Sharks Board,KwaZulu-Natal,complete,['Other / uncategorised'],"[{'industry': 'Other / uncategorised', 'score': 0.0, 'reasons': []}]",False,,0,ZAR,2026-09-04T11:00:00Z,,,2026-08-27T00:00:00Z
ocds-9t57fa-167135,REQ0006209,South African National Accreditation System,Gauteng,complete,['Professional & consulting services'],"[{'industry': 'Professional & consulting services', 'score': 1.0, 'reasons': [""category field contains 'consulting'""]}]",False,,0,ZAR,2026-09-04T11:00:00Z,,,2026-08-27T00:00:00Z
ocds-9t57fa-167150,NRWDI/ICT/2026-15,National Radioactive Waste Disposal Institute (NRWDI),Gauteng,complete,['Professional & consulting services'],"[{'industry': 'Professional & consulting services', 'score': 1.0, 'reasons': [""category field contains 'consulting'""]}]",False,,0,ZAR,2026-09-04T11:00:00Z,,,2026-08-27T00:00:00Z
ocds-9t57fa-167149,PGL/08/2026,CEF (Pty) Ltd,KwaZulu-Natal,complete,['Other / uncategorised'],"[{'industry': 'Other / uncategorised', 'score': 0.0, 'reasons': []}]",False,,0,ZAR,2026-09-04T12:00:00Z,,,2026-08-27T00:00:00Z
ocds-9t57fa-167169,PRA/LDPT/DRIVERACCOMM/MALAMULELE/08/2026,Passenger Rail Agency of South Africa,Limpopo,complete,['Other / uncategorised'],"[{'industry': 'Other / uncategorised', 'score': 0.0, 'reasons': []}]",False,,0,ZAR,2026-09-04T12:00:00Z,,,2026-08-27T00:00:00Z
ocds-9t57fa-167185,RFQ202627/41,Kwa-Zulu Natal - Trade and Investment KwaZulu-Natal,KwaZulu-Natal,complete,['ICT & telecommunications'],"[{'industry': 'ICT & telecommunications', 'score': 1.0, 'reasons': [""text fuzzy-matches 'network' (similarity 1.00)""]}]",False,,0,ZAR,2026-09-04T12:00:00Z,,,2026-08-27T00:00:00Z
ocds-9t57fa-167197,Quotation Number Q12/1389 of 26/27,Msunduzi Local Municipality,KwaZulu-Natal,complete,['Supply of goods'],"[{'industry': 'Supply of goods', 'score': 1.0, 'reasons': [""text fuzzy-matches 'supply and delivery' (similarity 1.00)""]}]",False,,0,ZAR,2026-09-04T12:00:00Z,,,2026-08-27T00:00:00Z
ocds-9t57fa-167199,10374131 10373383,Passenger Rail Agency of South Africa,Gauteng,complete,['Other / uncategorised'],"[{'industry': 'Other / uncategorised', 'score': 0.0, 'reasons': []}]",False,,0,ZAR,2026-09-04T12:00:00Z,,,2026-08-27T00:00:00Z
ocds-9t57fa-167090,RFQ-KZNM26AUG0110,KwaZulu-Natal Museum,KwaZulu-Natal,complete,['Professional & consulting services'],"[{'industry': 'Professional & consulting services', 'score': 1.0, 'reasons': [""category field contains 'consulting'""]}]",False,,0,ZAR,2026-09-04T16:00:00Z,,,2026-08-27T00:00:00Z
ocds-9t57fa-167142,SENT-026-2026-27,Sentech Limited,National,active,['Professional & consulting services'],"[{'industry': 'Professional & consulting services', 'score': 1.0, 'reasons': [""category field contains 'consulting'""]}]",True,,0,ZAR,2026-09-17T12:00:00Z,,,2026-08-27T00:00:00Z
ocds-9t57fa-167764,SS 2026/65210/1027/019,South African National Roads Agency Soc Limited (SANRAL),KwaZulu-Natal,active,['Construction & civil'],"[{'industry': 'Construction & civil', 'score': 1.0, 'reasons': [""text fuzzy-matches 'construction' (similarity 1.00)""]}]",False,,0,ZAR,2026-08-28T11:00:00Z,,88500.0,2026-08-26T00:00:00Z
ocds-9t57fa-166953,RFQ2026-008-031,National Lotteries Commission,Mpumalanga,complete,['Other / uncategorised'],"[{'industry': 'Other / uncategorised', 'score': 0.0, 'reasons': []}]",False,,0,ZAR,2026-08-28T11:00:00Z,,,2026-08-26T00:00:00Z
ocds-9t57fa-166965,RFQ2026-008-032,National Lotteries Commission,Northern Cape,complete,['Other / uncategorised'],"[{'industry': 'Other / uncategorised', 'score': 0.0, 'reasons': []}]",False,,0,ZAR,2026-08-28T11:00:00Z,,,2026-08-26T00:00:00Z
ocds-9t57fa-166975,RFQ2026-008-033,National Lotteries Commission,Eastern Cape,complete,['Other / uncategorised'],"[{'industry': 'Other / uncategorised', 'score': 0.0, 'reasons': []}]",False,,0,ZAR,2026-08-28T11:00:00Z,,,2026-08-26T00:00:00Z
ocds-9t57fa-166981,RFQ2026-008-036,National Lotteries Commission,Limpopo,complete,['Other / uncategorised'],"[{'industry': 'Other / uncategorised', 'score': 0.0, 'reasons': []}]",False,,0,ZAR,2026-08-28T11:00:00Z,,,2026-08-26T00:00:00Z
ocds-9t57fa-166993,10/26-IP,"Department of Sports, Arts & Culture",National,complete,['Other / uncategorised'],"[{'industry': 'Other / uncategorised', 'score': 0.0, 'reasons': []}]",False,,0,ZAR,2026-08-28T11:00:00Z,,,2026-08-26T00:00:00Z
ocds-9t57fa-167026,RFQ2026-008-037,National Lotteries Commission,Free State,complete,['Other / uncategorised'],"[{'industry': 'Other / uncategorised', 'score': 0.0, 'reasons': []}]",False,,0,ZAR,2026-08-28T11:00:00Z,,,2026-08-26T00:00:00Z
ocds-9t57fa-167056,E2274NTCSAMWP1,ESKOM,Limpopo,complete,"['Electrical', 'Security services']","[{'industry': 'Electrical', 'score': 1.0, 'reasons': [""text fuzzy-matches 'substation' (similarity 1.00)""]}, {'industry': 'Security services', 'score': 1.0, 'reasons': [""category field contains 'security services'""]}]",False,,0,ZAR,2026-08-31T10:00:00Z,,,2026-08-26T00:00:00Z
ocds-9t57fa-167023,RFQ2026-008-035,National Lotteries Commission,Gauteng,complete,['Other / uncategorised'],"[{'industry': 'Other / uncategorised', 'score': 0.0, 'reasons': []}]",False,,0,ZAR,2026-08-31T11:00:00Z,,,2026-08-26T00:00:00Z
ocds-9t57fa-167040,ASA 01/09/2026,Agrément South Africa,National,complete,['Construction & civil'],"[{'industry': 'Construction & civil', 'score': 1.0, 'reasons': [""text fuzzy-matches 'structural' (similarity 1.00)""]}]",False,,0,ZAR,2026-08-31T12:00:00Z,,,2026-08-26T00:00:00Z
ocds-9t57fa-166944,SCMU3-P26/27-0591-CH,Eastern Cape - Health,Eastern Cape,complete,['Construction & civil'],"[{'industry': 'Construction & civil', 'score': 1.0, 'reasons': [""category field contains 'construction'""]}]",False,,0,ZAR,2026-09-01T11:00:00Z,,,2026-08-26T00:00:00Z
ocds-9t57fa-166945,SCMU3-P26/27-0594-CH,Eastern Cape - Health,Eastern Cape,complete,"['Construction & civil', 'Health & medical']","[{'industry': 'Construction & civil', 'score': 1.0, 'reasons': [""category field contains 'construction'""]}, {'industry': 'Health & medical', 'score': 1.0, 'reasons': [""text fuzzy-matches 'clinic' (similarity 1.00)""]}]",False,,0,ZAR,2026-09-01T11:00:00Z,,,2026-08-26T00:00:00Z
ocds-9t57fa-166946,SCMU3-P26/27-0650-CH,Eastern Cape - Health,Eastern Cape,complete,['Construction & civil'],"[{'industry': 'Construction & civil', 'score': 1.0, 'reasons': [""category field contains 'construction'""]}]",False,,0,ZAR,2026-09-01T11:00:00Z,,,2026-08-26T00:00:00Z
ocds-9t57fa-167058,RFQ 171 AM (26/27),"National - Environment, Forestry and Fisheries",Gauteng,complete,['Other / uncategorised'],"[{'industry': 'Other / uncategorised', 'score': 0.0, 'reasons': []}]",False,,0,ZAR,2026-09-02T11:00:00Z,,,2026-08-26T00:00:00Z
ocds-9t57fa-166976,RFQ20262-21,Kwa-Zulu Natal - Trade and Investment KwaZulu-Natal,KwaZulu-Natal,complete,['Other / uncategorised'],"[{'industry': 'Other / uncategorised', 'score': 0.0, 'reasons': []}]",False,,0,ZAR,2026-09-02T12:00:00Z,,,2026-08-26T00:00:00Z
ocds-9t57fa-166995,PR10117927,Road Accident Fund,Western Cape,complete,"['Mechanical & HVAC', 'Construction & civil']","[{'industry': 'Mechanical & HVAC', 'score': 1.0, 'reasons': [""category field contains 'air conditioning'""]}, {'industry': 'Construction & civil', 'score': 0.89, 'reasons': [""text fuzzy-matches 'roads' (similarity 0.89)""]}]",False,,0,ZAR,2026-09-02T14:00:00Z,,,2026-08-26T00:00:00Z
ocds-9t57fa-166940,Iziko-RFQ- R-E -Catering and Catering Equipment-23,Iziko Museums of Cape Town,Western Cape,complete,['Supply of goods'],"[{'industry': 'Supply of goods', 'score': 1.0, 'reasons': [""text fuzzy-matches 'supply and delivery' (similarity 1.00)""]}]",False,,0,ZAR,2026-09-03T11:00:00Z,,,2026-08-26T00:00:00Z
ocds-9t57fa-166962,COM105/2026,Mbombela Local Municipality,Mpumalanga,complete,['Other / uncategorised'],"[{'industry': 'Other / uncategorised', 'score': 0.0, 'reasons': []}]",False,,0,ZAR,2026-09-03T11:00:00Z,,,2026-08-26T00:00:00Z
ocds-9t57fa-166969,GPFQ724B,Gauteng Partnership Fund,Gauteng,complete,['Professional & consulting services'],"[{'industry': 'Professional & consulting services', 'score': 1.0, 'reasons': [""category field contains 'consulting'""]}]",False,,0,ZAR,2026-09-03T11:00:00Z,,,2026-08-26T00:00:00Z
ocds-9t57fa-167053,IDT ANNUAL REPORTS 202324 AND 202425 AND 202526,Independent Development Trust,National,complete,['Supply of goods'],"[{'industry': 'Supply of goods', 'score': 1.0, 'reasons': [""text fuzzy-matches 'supply and delivery' (similarity 1.00)""]}]",False,,0,ZAR,2026-09-03T12:00:00Z,,,2026-08-26T00:00:00Z
ocds-9t57fa-167055,E1928NTCSARR,ESKOM,Free State,complete,['Cleaning & facilities'],"[{'industry': 'Cleaning & facilities', 'score': 0.97, 'reasons': [""text fuzzy-matches 'cleaning services' (similarity 0.97)""]}]",False,,0,ZAR,2026-09-04T10:00:00Z,,,2026-08-26T00:00:00Z
ocds-9t57fa-167057,E1927NTCSASGRR,ESKOM,Free State,complete,['Cleaning & facilities'],"[{'industry': 'Cleaning & facilities', 'score': 1.0, 'reasons': [""text fuzzy-matches 'waste removal' (similarity 1.00)""]}]",False,,0,ZAR,2026-09-04T10:00:00Z,,,2026-08-26T00:00:00Z
ocds-9t57fa-166936,IHLM/26/2026-27/COMM,Ingquza Hill Local Municipality,Eastern Cape,complete,['Supply of goods'],"[{'industry': 'Supply of goods', 'score': 1.0, 'reasons': [""text fuzzy-matches 'supply and delivery' (similarity 1.00)""]}]",False,,0,ZAR,2026-09-04T12:00:00Z,,,2026-08-26T00:00:00Z
ocds-9t57fa-166956,RQ-001042,Statistics South Africa,North West,complete,['Other / uncategorised'],"[{'industry': 'Other / uncategorised', 'score': 0.0, 'reasons': []}]",False,,0,ZAR,2026-09-04T16:00:00Z,,,2026-08-26T00:00:00Z
ocds-9t57fa-167666,RFQ0002-2026/2027,Eastern Cape - Sport Recreation Arts and Culture,Eastern Cape,active,['Security services'],"[{'industry': 'Security services', 'score': 1.0, 'reasons': [""category field contains 'security services'""]}]",False,2026-11-30T00:00:00Z,0,ZAR,2026-08-28T11:00:00Z,,78281296.0,2026-08-25T00:00:00Z
ocds-9t57fa-167777,5/2/1/1/2026-2027/deviation/25(52112026-2027/300),National - Department of Agriculture,Gauteng,complete,"['Security services', 'Agriculture']","[{'industry': 'Security services', 'score': 2.0, 'reasons': [""category field contains 'security services'"", ""text fuzzy-matches 'guarding' (similarity 1.00)""]}, {'industry': 'Agriculture', 'score': 1.0, 'reasons': [""text fuzzy-matches 'agriculture' (similarity 1.00)""]}]",False,,0,ZAR,2026-08-26T11:00:00Z,,,2026-08-25T00:00:00Z
ocds-9t57fa-166915,IDT/HO/25/08/2026,Independent Development Trust,National,complete,['Professional & consulting services'],"[{'industry': 'Professional & consulting services', 'score': 1.0, 'reasons': [""category field contains 'consulting'""]}]",False,,0,ZAR,2026-08-28T11:00:00Z,,,2026-08-25T00:00:00Z
ocds-9t57fa-166828,RFX 6000003568,Sentech Limited,Gauteng,complete,['Other / uncategorised'],"[{'industry': 'Other / uncategorised', 'score': 0.0, 'reasons': []}]",False,,0,ZAR,2026-08-28T12:00:00Z,,,2026-08-25T00:00:00Z
ocds-9t57fa-166872,OHSC/RFQ5/AUGUST/2026,Office of Health Standards Compliance (OHSC),Gauteng,complete,['ICT & telecommunications'],"[{'industry': 'ICT & telecommunications', 'score': 1.0, 'reasons': [""text fuzzy-matches 'server' (similarity 1.00)""]}]",False,,0,ZAR,2026-08-28T16:00:00Z,,,2026-08-25T00:00:00Z
ocds-9t57fa-166838,RFQ2572,Mine Health and Safety Council,Gauteng,complete,['Mining & resources'],"[{'industry': 'Mining & resources', 'score': 0.93, 'reasons': [""text fuzzy-matches 'mineral' (similarity 0.93)""]}]",False,,0,ZAR,2026-08-31T11:00:00Z,,,2026-08-25T00:00:00Z
ocds-9t57fa-166840,RFQ26407,Basic Education,Gauteng,complete,['Other / uncategorised'],"[{'industry': 'Other / uncategorised', 'score': 0.0, 'reasons': []}]",False,,0,ZAR,2026-08-31T11:00:00Z,,,2026-08-25T00:00:00Z
ocds-9t57fa-166841,CTC 27,Water and Sanitation,Gauteng,complete,['Other / uncategorised'],"[{'industry': 'Other / uncategorised', 'score': 0.0, 'reasons': []}]",False,,0,ZAR,2026-08-31T11:00:00Z,,,2026-08-25T00:00:00Z
ocds-9t57fa-166843,RFQ26409,Basic Education,Gauteng,complete,['Other / uncategorised'],"[{'industry': 'Other / uncategorised', 'score': 0.0, 'reasons': []}]",False,,0,ZAR,2026-08-31T11:00:00Z,,,2026-08-25T00:00:00Z
ocds-9t57fa-166844,IM1862026,Tourism,Gauteng,complete,['Professional & consulting services'],"[{'industry': 'Professional & consulting services', 'score': 1.0, 'reasons': [""text fuzzy-matches 'project management' (similarity 1.00)""]}]",False,,0,ZAR,2026-08-31T11:00:00Z,,,2026-08-25T00:00:00Z
ocds-9t57fa-166846,TW 27,Water and Sanitation,Mpumalanga,complete,"['Construction & civil', 'Water & sanitation', 'Supply of goods']","[{'industry': 'Construction & civil', 'score': 1.0, 'reasons': [""category field contains 'construction'""]}, {'industry': 'Water & sanitation', 'score': 1.0, 'reasons': [""text fuzzy-matches 'water treatment' (similarity 1.00)""]}, {'industry': 'Supply of goods', 'score': 1.0, 'reasons': [""text fuzzy-matches 'supply and delivery' (similarity 1.00)""]}]",False,,0,ZAR,2026-08-31T11:00:00Z,,,2026-08-25T00:00:00Z
ocds-9t57fa-166892,RFQ 6/08/2026,Kwa-Zulu Natal - Ezemvelo KwaZulu-Natal Wildlife,KwaZulu-Natal,complete,['Supply of goods'],"[{'industry': 'Supply of goods', 'score': 1.0, 'reasons': [""text fuzzy-matches 'supply and delivery' (similarity 1.00)""]}]",False,,0,ZAR,2026-08-31T11:00:00Z,,,2026-08-25T00:00:00Z
ocds-9t57fa-166878,RFQ26363,Basic Education,Gauteng,complete,['Professional & consulting services'],"[{'industry': 'Professional & consulting services', 'score': 0.88, 'reasons': [""text fuzzy-matches 'advisory' (similarity 0.88)""]}]",False,,0,ZAR,2026-08-31T12:00:00Z,,,2026-08-25T00:00:00Z
ocds-9t57fa-166917,RFQ2026/27/26,Ports Regulator of South Africa,KwaZulu-Natal,complete,"['Professional & consulting services', 'Supply of goods']","[{'industry': 'Professional & consulting services', 'score': 1.0, 'reasons': [""category field contains 'consulting'""]}, {'industry': 'Supply of goods', 'score': 1.0, 'reasons': [""text fuzzy-matches 'supply and delivery' (similarity 1.00)""]}]",False,,0,ZAR,2026-08-31T12:00:00Z,,,2026-08-25T00:00:00Z
ocds-9t57fa-166809,RFQ 29533,Airports Company of South Africa,KwaZulu-Natal,complete,['Other / uncategorised'],"[{'industry': 'Other / uncategorised', 'score': 0.0, 'reasons': []}]",False,,0,ZAR,2026-08-31T16:00:00Z,,,2026-08-25T00:00:00Z
ocds-9t57fa-166819,RFQ GSM061/2026 ,South African Airways (Pty) Limited,National,complete,['Other / uncategorised'],"[{'industry': 'Other / uncategorised', 'score': 0.0, 'reasons': []}]",False,,0,ZAR,2026-08-31T16:00:00Z,,,2026-08-25T00:00:00Z
ocds-9t57fa-166867,RFQ2026/067-06124/NYDA,National Youth Development Agency,Gauteng,complete,['Transport & logistics'],"[{'industry': 'Transport & logistics', 'score': 1.0, 'reasons': [""category field contains 'transport'""]}]",False,,0,ZAR,2026-08-31T17:00:00Z,,,2026-08-25T00:00:00Z
ocds-9t57fa-166868,RFQ0001274,"National - Environment, Forestry and Fisheries",Western Cape,complete,['Supply of goods'],"[{'industry': 'Supply of goods', 'score': 0.97, 'reasons': [""text fuzzy-matches 'supply and delivery' (similarity 0.97)""]}]",False,,0,ZAR,2026-09-01T11:00:00Z,,,2026-08-25T00:00:00Z
ocds-9t57fa-166858,IHLM/28/2026-27/COMM,Ingquza Hill Local Municipality,Eastern Cape,complete,['Other / uncategorised'],"[{'industry': 'Other / uncategorised', 'score': 0.0, 'reasons': []}]",False,,0,ZAR,2026-09-01T12:00:00Z,,,2026-08-25T00:00:00Z
ocds-9t57fa-166859,IHLM/29/2026-27/ADMIN,Ingquza Hill Local Municipality,Eastern Cape,complete,['Supply of goods'],"[{'industry': 'Supply of goods', 'score': 1.0, 'reasons': [""text fuzzy-matches 'supply and delivery' (similarity 1.00)""]}]",False,,0,ZAR,2026-09-01T12:00:00Z,,,2026-08-25T00:00:00Z
ocds-9t57fa-166914,SGR/ELECT-MAT-AS-AND-WHEN-SUP-AND-DELIV/08/2026,Passenger Rail Agency of South Africa,Gauteng,complete,"['Electrical', 'Supply of goods']","[{'industry': 'Electrical', 'score': 2.0, 'reasons': [""category field contains 'electrical'"", ""text fuzzy-matches 'electrical' (similarity 1.00)""]}, {'industry': 'Supply of goods', 'score': 1.0, 'reasons': [""text fuzzy-matches 'supply and delivery' (similarity 1.00)""]}]",False,,0,ZAR,2026-09-01T12:00:00Z,,,2026-08-25T00:00:00Z
ocds-9t57fa-166895,EWSETA/RFP/030/2026-27,Energy and Water Sector Education and Training Authority,Gauteng,complete,"['Security services', 'Cleaning & facilities']","[{'industry': 'Security services', 'score': 1.0, 'reasons': [""category field contains 'security services'""]}, {'industry': 'Cleaning & facilities', 'score': 1.0, 'reasons': [""text fuzzy-matches 'cleaning services' (similarity 1.00)""]}]",False,,0,ZAR,2026-09-01T13:00:00Z,,,2026-08-25T00:00:00Z
ocds-9t57fa-166888,RFQJW117TN26 (AUGUST RE-ADVERT),Johannesburg Water,Gauteng,complete,['ICT & telecommunications'],"[{'industry': 'ICT & telecommunications', 'score': 0.89, 'reasons': [""text fuzzy-matches 'fibre' (similarity 0.89)""]}]",False,,0,ZAR,2026-09-01T16:00:00Z,,,2026-08-25T00:00:00Z
ocds-9t57fa-166871,DMP/07/26/GAU-HCM/1,Passenger Rail Agency of South Africa,Gauteng,complete,['Other / uncategorised'],"[{'industry': 'Other / uncategorised', 'score': 0.0, 'reasons': []}]",False,,0,ZAR,2026-09-02T10:00:00Z,,,2026-08-25T00:00:00Z
ocds-9t57fa-166873,DMP/06/26/GAU-HCM/1,Passenger Rail Agency of South Africa,Gauteng,complete,['Other / uncategorised'],"[{'industry': 'Other / uncategorised', 'score': 0.0, 'reasons': []}]",False,,0,ZAR,2026-09-02T10:00:00Z,,,2026-08-25T00:00:00Z
ocds-9t57fa-166822,ZNQ50/26/27,Kwazulu Natal - Public Works (Head Office),KwaZulu-Natal,complete,['ICT & telecommunications'],"[{'industry': 'ICT & telecommunications', 'score': 0.88, 'reasons': [""text fuzzy-matches 'telecommunications' (similarity 0.88)""]}]",False,,0,ZAR,2026-09-02T11:00:00Z,,,2026-08-25T00:00:00Z
ocds-9t57fa-166861,IHLM/30/2026-27/ADMIN,Ingquza Hill Local Municipality,Eastern Cape,complete,['Other / uncategorised'],"[{'industry': 'Other / uncategorised', 'score': 0.0, 'reasons': []}]",False,,0,ZAR,2026-09-02T12:00:00Z,,,2026-08-25T00:00:00Z
ocds-9t57fa-166900,9/1 - T07/2026/27,Nongoma Local Municipality,KwaZulu-Natal,complete,['Supply of goods'],"[{'industry': 'Supply of goods', 'score': 0.97, 'reasons': [""text fuzzy-matches 'supply and delivery' (similarity 0.97)""]}]",False,,0,ZAR,2026-09-02T12:00:00Z,,,2026-08-25T00:00:00Z
ocds-9t57fa-166906,9/1-T08/2026/27,Nongoma Local Municipality,KwaZulu-Natal,complete,['Supply of goods'],"[{'industry': 'Supply of goods', 'score': 0.97, 'reasons': [""text fuzzy-matches 'supply and delivery' (similarity 0.97)""]}]",False,,0,ZAR,2026-09-02T12:00:00Z,,,2026-08-25T00:00:00Z
ocds-9t57fa-166800,AHT26999,PetroSA,Western Cape,complete,"['Professional & consulting services', 'Supply of goods']","[{'industry': 'Professional & consulting services', 'score': 1.0, 'reasons': [""category field contains 'consulting'""]}, {'industry': 'Supply of goods', 'score': 1.0, 'reasons': [""text fuzzy-matches 'supply and delivery' (similarity 1.00)""]}]",False,,0,ZAR,2026-09-03T12:00:00Z,,,2026-08-25T00:00:00Z
ocds-9t57fa-166842,SCM/MLM/36/26-27,Mnquma Local Municipality,Eastern Cape,complete,['Supply of goods'],"[{'industry': 'Supply of goods', 'score': 1.0, 'reasons': [""text fuzzy-matches 'supply and delivery' (similarity 1.00)""]}]",False,,0,ZAR,2026-09-03T12:00:00Z,,,2026-08-25T00:00:00Z
ocds-9t57fa-166862,IHLM/31/2026-27/ROADS,Ingquza Hill Local Municipality,Eastern Cape,complete,"['Electrical', 'Supply of goods']","[{'industry': 'Electrical', 'score': 1.0, 'reasons': [""text fuzzy-matches 'electrical' (similarity 1.00)""]}, {'industry': 'Supply of goods', 'score': 1.0, 'reasons': [""text fuzzy-matches 'supply and delivery' (similarity 1.00)""]}]",False,,0,ZAR,2026-09-03T12:00:00Z,,,2026-08-25T00:00:00Z
ocds-9t57fa-166864,IHLM/32/2026-27/ECON,Ingquza Hill Local Municipality,Eastern Cape,complete,['Other / uncategorised'],"[{'industry': 'Other / uncategorised', 'score': 0.0, 'reasons': []}]",False,,0,ZAR,2026-09-03T12:00:00Z,,,2026-08-25T00:00:00Z
ocds-9t57fa-166865,IHLM/33/2026-27/ECON,Ingquza Hill Local Municipality,Eastern Cape,complete,['Supply of goods'],"[{'industry': 'Supply of goods', 'score': 1.0, 'reasons': [""text fuzzy-matches 'supply and delivery' (similarity 1.00)""]}]",False,,0,ZAR,2026-09-03T12:00:00Z,,,2026-08-25T00:00:00Z
ocds-9t57fa-166901,SCM/MLM/06/26-27,Mnquma Local Municipality,Eastern Cape,complete,['Other / uncategorised'],"[{'industry': 'Other / uncategorised', 'score': 0.0, 'reasons': []}]",False,,0,ZAR,2026-09-03T12:00:00Z,,,2026-08-25T00:00:00Z
ocds-9t57fa-166904,SCM/MLM/04/26-27,Mnquma Local Municipality,Eastern Cape,complete,['Supply of goods'],"[{'industry': 'Supply of goods', 'score': 1.0, 'reasons': [""text fuzzy-matches 'supply and delivery' (similarity 1.00)""]}]",False,,0,ZAR,2026-09-03T12:00:00Z,,,2026-08-25T00:00:00Z
ocds-9t57fa-166905,SCM/MLM/11/26-27,Mnquma Local Municipality,Eastern Cape,complete,['Supply of goods'],"[{'industry': 'Supply of goods', 'score': 1.0, 'reasons': [""text fuzzy-matches 'supply and delivery' (similarity 1.00)""]}]",False,,0,ZAR,2026-09-03T12:00:00Z,,,2026-08-25T00:00:00Z
ocds-9t57fa-166908,SCM/MLM/03/26-27,Mnquma Local Municipality,Eastern Cape,complete,['Supply of goods'],"[{'industry': 'Supply of goods', 'score': 1.0, 'reasons': [""text fuzzy-matches 'supply and delivery' (similarity 1.00)""]}]",False,,0,ZAR,2026-09-04T12:00:00Z,,,2026-08-25T00:00:00Z
ocds-9t57fa-166850,RFQ/SAEON/NDLOVU/BUSH CLEARING/104/2026,National Research Foundation,Limpopo,complete,['Security services'],"[{'industry': 'Security services', 'score': 1.0, 'reasons': [""category field contains 'security services'""]}]",False,,0,ZAR,2026-09-04T16:00:00Z,,,2026-08-25T00:00:00Z
ocds-9t57fa-166885,EDM/14/2026-27,Ehlanzeni District Municipality,Mpumalanga,active,"['Professional & consulting services', 'Health & medical', 'Water & sanitation', 'Mining & resources']","[{'industry': 'Professional & consulting services', 'score': 1.0, 'reasons': [""category field contains 'consulting'""]}, {'industry': 'Health & medical', 'score': 1.0, 'reasons': [""text fuzzy-matches 'medical' (similarity 1.00)""]}, {'industry': 'Water & sanitation', 'score': 1.0, 'reasons': [""text fuzzy-matches 'sewer' (similarity 1.00)""]}, {'industry': 'Mining & resources', 'score': 0.86, 'reasons': [""text fuzzy-matches 'ore' (similarity 0.86)""]}]",True,,0,ZAR,2026-09-11T12:00:00Z,,,2026-08-25T00:00:00Z
ocds-9t57fa-167631,2626,Mine Health and Safety Council,Gauteng,active,"['Security services', 'Construction & civil']","[{'industry': 'Security services', 'score': 2.0, 'reasons': [""category field contains 'security services'"", ""text fuzzy-matches 'guarding' (similarity 1.00)""]}, {'industry': 'Construction & civil', 'score': 0.87, 'reasons': [""text fuzzy-matches 'construction' (similarity 0.87)""]}]",False,,0,ZAR,2026-08-26T11:00:00Z,,976212.0,2026-08-24T00:00:00Z
ocds-9t57fa-166811,NT002-1-2020,National Treasury,Gauteng,complete,['Professional & consulting services'],"[{'industry': 'Professional & consulting services', 'score': 1.0, 'reasons': [""category field contains 'consulting'""]}]",False,,0,ZAR,2026-08-25T11:00:00Z,,,2026-08-24T00:00:00Z
ocds-9t57fa-166614,RFQ/SAEON/ELWANDLE/BVLOS/129/2026,National Research Foundation,Eastern Cape,complete,['Professional & consulting services'],"[{'industry': 'Professional & consulting services', 'score': 1.0, 'reasons': [""category field contains 'consulting'""]}]",False,,0,ZAR,2026-08-26T11:00:00Z,,,2026-08-24T00:00:00Z
ocds-9t57fa-166617,RFQ/SAEON/ELWANDLE/QA AND SMS COURSES/130/2026,National Research Foundation,Eastern Cape,complete,['Professional & consulting services'],"[{'industry': 'Professional & consulting services', 'score': 1.0, 'reasons': [""category field contains 'consulting'""]}]",False,,0,ZAR,2026-08-26T11:00:00Z,,,2026-08-24T00:00:00Z
ocds-9t57fa-166620,RFQ/SAEON/ELWANDLE/UASMT COURSE/131/2026,National Research Foundation,Eastern Cape,complete,['Professional & consulting services'],"[{'industry': 'Professional & consulting services', 'score': 1.0, 'reasons': [""category field contains 'consulting'""]}]",False,,0,ZAR,2026-08-26T11:00:00Z,,,2026-08-24T00:00:00Z
ocds-9t57fa-166658,ID3292083,Public Works,Mpumalanga,complete,['Other / uncategorised'],"[{'industry': 'Other / uncategorised', 'score': 0.0, 'reasons': []}]",False,,0,ZAR,2026-08-26T11:00:00Z,,,2026-08-24T00:00:00Z
ocds-9t57fa-166712,RO/05/08/2026,South African Social Security Agency,Eastern Cape,complete,['Other / uncategorised'],"[{'industry': 'Other / uncategorised', 'score': 0.0, 'reasons': []}]",False,,0,ZAR,2026-08-26T15:00:00Z,,,2026-08-24T00:00:00Z
ocds-9t57fa-166649,JMELM26-27/06-08,EMAKHAZENI LOCAL MUNICIPALITY,Mpumalanga,complete,['Other / uncategorised'],"[{'industry': 'Other / uncategorised', 'score': 0.0, 'reasons': []}]",False,,0,ZAR,2026-08-27T11:00:00Z,,,2026-08-24T00:00:00Z
ocds-9t57fa-166651,RFQ2026-008-027,National Lotteries Commission,Eastern Cape,complete,['Other / uncategorised'],"[{'industry': 'Other / uncategorised', 'score': 0.0, 'reasons': []}]",False,,0,ZAR,2026-08-27T11:00:00Z,,,2026-08-24T00:00:00Z
ocds-9t57fa-166730,RFQ2026-008-030 ,National Lotteries Commission,Western Cape,complete,['Other / uncategorised'],"[{'industry': 'Other / uncategorised', 'score': 0.0, 'reasons': []}]",False,,0,ZAR,2026-08-27T11:00:00Z,,,2026-08-24T00:00:00Z
ocds-9t57fa-166715,RFQ26399,Basic Education,National,complete,['Other / uncategorised'],"[{'industry': 'Other / uncategorised', 'score': 0.0, 'reasons': []}]",False,,0,ZAR,2026-08-27T15:30:00Z,,,2026-08-24T00:00:00Z
ocds-9t57fa-166716,RFQ26400,Basic Education,National,complete,['Other / uncategorised'],"[{'industry': 'Other / uncategorised', 'score': 0.0, 'reasons': []}]",False,,0,ZAR,2026-08-27T15:30:00Z,,,2026-08-24T00:00:00Z
ocds-9t57fa-166731,RFQ26392,Basic Education,National,complete,['Other / uncategorised'],"[{'industry': 'Other / uncategorised', 'score': 0.0, 'reasons': []}]",False,,0,ZAR,2026-08-27T16:00:00Z,,,2026-08-24T00:00:00Z
ocds-9t57fa-166722,NRWDI/COMM/2026-08,National Radioactive Waste Disposal Institute (NRWDI),Gauteng,complete,['Supply of goods'],"[{'industry': 'Supply of goods', 'score': 1.0, 'reasons': [""text fuzzy-matches 'supply and delivery' (similarity 1.00)""]}]",False,,0,ZAR,2026-08-27T17:00:00Z,,,2026-08-24T00:00:00Z
ocds-9t57fa-166634,REQ0006013-Reissue1,South African National Accreditation System,National,complete,['Professional & consulting services'],"[{'industry': 'Professional & consulting services', 'score': 1.0, 'reasons': [""category field contains 'consulting'""]}]",False,,0,ZAR,2026-08-28T11:00:00Z,,,2026-08-24T00:00:00Z
ocds-9t57fa-166653,RFP/2021/001431,Public Service Sector Education and Training Authority,Gauteng,complete,"['ICT & telecommunications', 'Professional & consulting services']","[{'industry': 'ICT & telecommunications', 'score': 1.0, 'reasons': [""text fuzzy-matches 'ict' (similarity 1.00)""]}, {'industry': 'Professional & consulting services', 'score': 1.0, 'reasons': [""category field contains 'consulting'""]}]",False,,0,ZAR,2026-08-28T11:00:00Z,,,2026-08-24T00:00:00Z
ocds-9t57fa-166703,RFQ26406,Basic Education,Gauteng,complete,['Other / uncategorised'],"[{'industry': 'Other / uncategorised', 'score': 0.0, 'reasons': []}]",False,,0,ZAR,2026-08-28T11:00:00Z,,,2026-08-24T00:00:00Z
ocds-9t57fa-166708,RFQ26408,Basic Education,Gauteng,complete,['Other / uncategorised'],"[{'industry': 'Other / uncategorised', 'score': 0.0, 'reasons': []}]",False,,0,ZAR,2026-08-28T11:00:00Z,,,2026-08-24T00:00:00Z
ocds-9t57fa-166725,PR10117806,Road Accident Fund,Gauteng,complete,['Construction & civil'],"[{'industry': 'Construction & civil', 'score': 0.89, 'reasons': [""text fuzzy-matches 'roads' (similarity 0.89)""]}]",False,,0,ZAR,2026-08-28T11:00:00Z,,,2026-08-24T00:00:00Z
ocds-9t57fa-166622,iLABS/RFQ 2026/27-167,National Research Foundation,Western Cape,complete,['Other / uncategorised'],"[{'industry': 'Other / uncategorised', 'score': 0.0, 'reasons': []}]",False,,0,ZAR,2026-08-28T16:00:00Z,,,2026-08-24T00:00:00Z
ocds-9t57fa-166666,E2778DXGOU Tender Validity Extension,ESKOM,Gauteng,complete,['Mechanical & HVAC'],"[{'industry': 'Mechanical & HVAC', 'score': 1.0, 'reasons': [""category field contains 'air conditioning'""]}]",False,,0,ZAR,2026-08-30T00:00:00Z,,,2026-08-24T00:00:00Z
ocds-9t57fa-166642,ITB/03/08/2026,Ingonyama Trust Board,KwaZulu-Natal,complete,['Other / uncategorised'],"[{'industry': 'Other / uncategorised', 'score': 0.0, 'reasons': []}]",False,,0,ZAR,2026-08-31T10:00:00Z,,,2026-08-24T00:00:00Z
ocds-9t57fa-166657,NLM-EXT-26/023,South African Nuclear Energy Corporation Limited,North West,complete,['Professional & consulting services'],"[{'industry': 'Professional & consulting services', 'score': 1.0, 'reasons': [""category field contains 'consulting'""]}]",False,,0,ZAR,2026-08-31T10:00:00Z,,,2026-08-24T00:00:00Z
ocds-9t57fa-166640,5/2/1/1/2026-2027/128,Department of Rural Development & Land Reform,National,complete,['ICT & telecommunications'],"[{'industry': 'ICT & telecommunications', 'score': 1.0, 'reasons': [""text fuzzy-matches 'network' (similarity 1.00)""]}]",False,,0,ZAR,2026-08-31T11:00:00Z,,,2026-08-24T00:00:00Z
ocds-9t57fa-166643,ITB/04/08/2026,Ingonyama Trust Board,KwaZulu-Natal,complete,['Other / uncategorised'],"[{'industry': 'Other / uncategorised', 'score': 0.0, 'reasons': []}]",False,,0,ZAR,2026-08-31T11:00:00Z,,,2026-08-24T00:00:00Z
ocds-9t57fa-166690,RFQ 2556,Mine Health and Safety Council,Gauteng,complete,['Other / uncategorised'],"[{'industry': 'Other / uncategorised', 'score': 0.0, 'reasons': []}]",False,,0,ZAR,2026-08-31T11:00:00Z,,,2026-08-24T00:00:00Z
ocds-9t57fa-166702,IZIKO-RFQ-EDU-MATERIALS 24/08/26,Iziko Museums of Cape Town,Western Cape,complete,['Supply of goods'],"[{'industry': 'Supply of goods', 'score': 1.0, 'reasons': [""text fuzzy-matches 'supply and delivery' (similarity 1.00)""]}]",False,,0,ZAR,2026-08-31T11:00:00Z,,,2026-08-24T00:00:00Z
ocds-9t57fa-166706,RQ-020989,Department of Rural Development & Land Reform,Eastern Cape,complete,['Professional & consulting services'],"[{'industry': 'Professional & consulting services', 'score': 1.0, 'reasons': [""category field contains 'consulting'""]}]",False,,0,ZAR,2026-08-31T11:00:00Z,,,2026-08-24T00:00:00Z
ocds-9t57fa-166710,RQ-020973,Department of Rural Development & Land Reform,Eastern Cape,complete,['Professional & consulting services'],"[{'industry': 'Professional & consulting services', 'score': 1.0, 'reasons': [""category field contains 'consulting'""]}]",False,,0,ZAR,2026-08-31T11:00:00Z,,,2026-08-24T00:00:00Z
ocds-9t57fa-166744,Iziko-RFQ-ADV-Tent and Decor - 23rd September 2026,Iziko Museums of Cape Town,Western Cape,complete,['Supply of goods'],"[{'industry': 'Supply of goods', 'score': 1.0, 'reasons': [""text fuzzy-matches 'supply and delivery' (similarity 1.00)""]}]",False,,0,ZAR,2026-08-31T11:00:00Z,,,2026-08-24T00:00:00Z
ocds-9t57fa-166650,GMQ003/26-27,George Municipality,Western Cape,complete,['Other / uncategorised'],"[{'industry': 'Other / uncategorised', 'score': 0.0, 'reasons': []}]",False,,0,ZAR,2026-08-31T12:00:00Z,,,2026-08-24T00:00:00Z
ocds-9t57fa-166659,SGI012605RFQ00000058,Agricultural Research Council,Free State,complete,['Supply of goods'],"[{'industry': 'Supply of goods', 'score': 1.0, 'reasons': [""text fuzzy-matches 'supply and delivery' (similarity 1.00)""]}]",False,,0,ZAR,2026-08-31T12:00:00Z,,,2026-08-24T00:00:00Z
ocds-9t57fa-166695,RFQ061/2026,Artscape,Western Cape,complete,['Other / uncategorised'],"[{'industry': 'Other / uncategorised', 'score': 0.0, 'reasons': []}]",False,,0,ZAR,2026-08-31T13:00:00Z,,,2026-08-24T00:00:00Z
ocds-9t57fa-166636,HSRC34779,Human Sciences Research Council,National,complete,['Other / uncategorised'],"[{'industry': 'Other / uncategorised', 'score': 0.0, 'reasons': []}]",False,,0,ZAR,2026-08-31T16:00:00Z,,,2026-08-24T00:00:00Z
ocds-9t57fa-166739,RFQJW134TN26,Johannesburg Water,Gauteng,complete,['Other / uncategorised'],"[{'industry': 'Other / uncategorised', 'score': 0.0, 'reasons': []}]",False,,0,ZAR,2026-08-31T16:00:00Z,,,2026-08-24T00:00:00Z
ocds-9t57fa-166721,DMP/09/26/GAU-HCM/1,Passenger Rail Agency of South Africa,Gauteng,complete,['Other / uncategorised'],"[{'industry': 'Other / uncategorised', 'score': 0.0, 'reasons': []}]",False,,0,ZAR,2026-09-01T10:00:00Z,,,2026-08-24T00:00:00Z
ocds-9t57fa-166770,JRA/RFQ/27/007,Johannesburg Road Agency (JRA),Gauteng,complete,['Professional & consulting services'],"[{'industry': 'Professional & consulting services', 'score': 1.0, 'reasons': [""category field contains 'consulting'""]}]",False,,0,ZAR,2026-09-01T10:00:00Z,,,2026-08-24T00:00:00Z
ocds-9t57fa-166621,87,"National - Environment, Forestry and Fisheries",National,complete,['Other / uncategorised'],"[{'industry': 'Other / uncategorised', 'score': 0.0, 'reasons': []}]",False,,0,ZAR,2026-09-01T11:00:00Z,,,2026-08-24T00:00:00Z
ocds-9t57fa-166633,ZNQ26/27/0012/NCR,Public Works,KwaZulu-Natal,complete,['Supply of goods'],"[{'industry': 'Supply of goods', 'score': 1.0, 'reasons': [""text fuzzy-matches 'supply and delivery' (similarity 1.00)""]}]",False,,0,ZAR,2026-09-01T11:00:00Z,,,2026-08-24T00:00:00Z
ocds-9t57fa-166698,RFQ065/2026,Artscape,Western Cape,complete,['ICT & telecommunications'],"[{'industry': 'ICT & telecommunications', 'score': 0.89, 'reasons': [""text fuzzy-matches 'fibre' (similarity 0.89)""]}]",False,,0,ZAR,2026-09-01T13:00:00Z,,,2026-08-24T00:00:00Z
ocds-9t57fa-166613,10372713/,Passenger Rail Agency of South Africa,Gauteng,complete,['Other / uncategorised'],"[{'industry': 'Other / uncategorised', 'score': 0.0, 'reasons': []}]",False,,0,ZAR,2026-09-01T23:30:00Z,,,2026-08-24T00:00:00Z
ocds-9t57fa-166772,RFQ09874,Technology Innovation Agency,KwaZulu-Natal,complete,['Professional & consulting services'],"[{'industry': 'Professional & consulting services', 'score': 1.0, 'reasons': [""category field contains 'consulting'""]}]",False,,0,ZAR,2026-09-02T11:00:00Z,,,2026-08-24T00:00:00Z
ocds-9t57fa-166741,SCM/MLM/32/26-27,Mnquma Local Municipality,Eastern Cape,complete,['Other / uncategorised'],"[{'industry': 'Other / uncategorised', 'score': 0.0, 'reasons': []}]",False,,0,ZAR,2026-09-02T12:00:00Z,,,2026-08-24T00:00:00Z
ocds-9t57fa-166742,SCM/MLM/33/26-27,Mnquma Local Municipality,Eastern Cape,complete,"['Supply of goods', 'Agriculture']","[{'industry': 'Supply of goods', 'score': 1.0, 'reasons': [""text fuzzy-matches 'supply and delivery' (similarity 1.00)""]}, {'industry': 'Agriculture', 'score': 0.87, 'reasons': [""text fuzzy-matches 'agriculture' (similarity 0.87)""]}]",False,,0,ZAR,2026-09-02T12:00:00Z,,,2026-08-24T00:00:00Z
ocds-9t57fa-166760,RFQ/SASSETA/2425135/6-1,Safety and Security Sector Education and Training Authority (Sasseta),Gauteng,complete,['Professional & consulting services'],"[{'industry': 'Professional & consulting services', 'score': 1.0, 'reasons': [""category field contains 'consulting'""]}]",False,,0,ZAR,2026-09-02T15:00:00Z,,,2026-08-24T00:00:00Z
ocds-9t57fa-166761,RFQ/SASSETA/2425135/4-3,Safety and Security Sector Education and Training Authority (Sasseta),Gauteng,complete,['Professional & consulting services'],"[{'industry': 'Professional & consulting services', 'score': 1.0, 'reasons': [""category field contains 'consulting'""]}]",False,,0,ZAR,2026-09-02T15:00:00Z,,,2026-08-24T00:00:00Z
ocds-9t57fa-166639,E3405NTCSAMWP,Eskom National Transmission Company of South Africa,National,complete,"['Professional & consulting services', 'Agriculture']","[{'industry': 'Professional & consulting services', 'score': 1.0, 'reasons': [""category field contains 'consulting'""]}, {'industry': 'Agriculture', 'score': 0.86, 'reasons': [""text fuzzy-matches 'farming' (similarity 0.86)""]}]",False,,0,ZAR,2026-09-03T10:00:00Z,,,2026-08-24T00:00:00Z
ocds-9t57fa-166774,Q03-01-2026-27,City of Tshwane,Gauteng,complete,"['Professional & consulting services', 'ICT & telecommunications']","[{'industry': 'Professional & consulting services', 'score': 1.0, 'reasons': [""category field contains 'consulting'""]}, {'industry': 'ICT & telecommunications', 'score': 0.98, 'reasons': [""text fuzzy-matches 'information technology' (similarity 0.98)""]}]",False,,0,ZAR,2026-09-03T10:00:00Z,,,2026-08-24T00:00:00Z
ocds-9t57fa-166743,SCM/MLM/30/26-27,Mnquma Local Municipality,Eastern Cape,complete,"['Supply of goods', 'Agriculture']","[{'industry': 'Supply of goods', 'score': 1.0, 'reasons': [""text fuzzy-matches 'supply and delivery' (similarity 1.00)""]}, {'industry': 'Agriculture', 'score': 0.87, 'reasons': [""text fuzzy-matches 'agriculture' (similarity 0.87)""]}]",False,,0,ZAR,2026-09-03T12:00:00Z,,,2026-08-24T00:00:00Z
ocds-9t57fa-166699,RFQ066/2026,Artscape,Western Cape,complete,['Other / uncategorised'],"[{'industry': 'Other / uncategorised', 'score': 0.0, 'reasons': []}]",False,,0,ZAR,2026-09-03T13:00:00Z,,,2026-08-24T00:00:00Z
ocds-9t57fa-166644,34762,Human Sciences Research Council,National,complete,['Other / uncategorised'],"[{'industry': 'Other / uncategorised', 'score': 0.0, 'reasons': []}]",True,,0,ZAR,2026-09-03T16:00:00Z,,,2026-08-24T00:00:00Z
ocds-9t57fa-166766,JRA/RFQ/27/003,Johannesburg Road Agency (JRA),Gauteng,complete,"['Professional & consulting services', 'ICT & telecommunications']","[{'industry': 'Professional & consulting services', 'score': 1.0, 'reasons': [""category field contains 'consulting'""]}, {'industry': 'ICT & telecommunications', 'score': 0.89, 'reasons': [""text fuzzy-matches 'fibre' (similarity 0.89)""]}]",False,,0,ZAR,2026-09-04T10:00:00Z,,,2026-08-24T00:00:00Z
ocds-9t57fa-166768,RA/RFQ/27/006,Johannesburg Road Agency (JRA),Gauteng,complete,"['Mechanical & HVAC', 'Professional & consulting services']","[{'industry': 'Mechanical & HVAC', 'score': 1.0, 'reasons': [""text fuzzy-matches 'ventilation' (similarity 1.00)""]}, {'industry': 'Professional & consulting services', 'score': 1.0, 'reasons': [""category field contains 'consulting'""]}]",False,,0,ZAR,2026-09-04T10:00:00Z,,,2026-08-24T00:00:00Z
ocds-9t57fa-166775,Q15-2026-27,City of Tshwane,Gauteng,complete,"['Construction & civil', 'Professional & consulting services']","[{'industry': 'Construction & civil', 'score': 1.0, 'reasons': [""category field contains 'construction'""]}, {'industry': 'Professional & consulting services', 'score': 0.98, 'reasons': [""text fuzzy-matches 'professional services' (similarity 0.98)""]}]",False,,0,ZAR,2026-09-04T10:00:00Z,,,2026-08-24T00:00:00Z
ocds-9t57fa-166682,10373976 10371575,Passenger Rail Agency of South Africa,Gauteng,complete,"['Professional & consulting services', 'Supply of goods']","[{'industry': 'Professional & consulting services', 'score': 1.0, 'reasons': [""category field contains 'consulting'""]}, {'industry': 'Supply of goods', 'score': 0.97, 'reasons': [""text fuzzy-matches 'supply and delivery' (similarity 0.97)""]}]",False,,0,ZAR,2026-09-04T11:00:00Z,,,2026-08-24T00:00:00Z
ocds-9t57fa-166729,RE-ADVERTISED RFQ02/05/2026,Oudtshoorn Municipality,Western Cape,complete,['Supply of goods'],"[{'industry': 'Supply of goods', 'score': 1.0, 'reasons': [""text fuzzy-matches 'supply and delivery' (similarity 1.00)""]}]",False,,0,ZAR,2026-09-04T12:00:00Z,,,2026-08-24T00:00:00Z
ocds-9t57fa-166732,RE-ADVERTISED RFQ 03/07/2026,Oudtshoorn Municipality,Western Cape,complete,['Mechanical & HVAC'],"[{'industry': 'Mechanical & HVAC', 'score': 1.0, 'reasons': [""text fuzzy-matches 'mechanical' (similarity 1.00)""]}]",False,,0,ZAR,2026-09-04T12:00:00Z,,,2026-08-24T00:00:00Z
ocds-9t57fa-166754,SCMU5-26/27-0007 CHR,Eastern Cape - Roads and Public Works,Eastern Cape,active,['Construction & civil'],"[{'industry': 'Construction & civil', 'score': 1.0, 'reasons': [""text fuzzy-matches 'building' (similarity 1.00)""]}]",True,,0,ZAR,2026-09-14T11:00:00Z,,,2026-08-24T00:00:00Z
ocds-9t57fa-166450,NOTICE TO CANCEL TO RE-ADVERTISED RFQ 02/05/2026,Oudtshoorn Municipality,Western Cape,complete,['Supply of goods'],"[{'industry': 'Supply of goods', 'score': 1.0, 'reasons': [""text fuzzy-matches 'supply and delivery' (similarity 1.00)""]}]",False,,0,ZAR,2026-08-24T11:00:00Z,,,2026-08-21T00:00:00Z
ocds-9t57fa-166445,NOTICE TO CANCEL TO RE-ADVERTISE RFQ 03/07/2026,Oudtshoorn Municipality,Western Cape,complete,['Mechanical & HVAC'],"[{'industry': 'Mechanical & HVAC', 'score': 1.0, 'reasons': [""text fuzzy-matches 'mechanical' (similarity 1.00)""]}]",False,,0,ZAR,2026-08-24T16:30:00Z,,,2026-08-21T00:00:00Z
ocds-9t57fa-166459,RFQ-112685,Statistics South Africa,Gauteng,complete,['Other / uncategorised'],"[{'industry': 'Other / uncategorised', 'score': 0.0, 'reasons': []}]",False,,0,ZAR,2026-08-25T11:00:00Z,,,2026-08-21T00:00:00Z
ocds-9t57fa-166554,RFQ/ICT/001/2026,South African Forestry Company Limited,Mpumalanga,complete,['Other / uncategorised'],"[{'industry': 'Other / uncategorised', 'score': 0.0, 'reasons': []}]",False,,0,ZAR,2026-08-25T11:00:00Z,,,2026-08-21T00:00:00Z
ocds-9t57fa-166518,TPT 2026/08/1022/10633-PPA-168689,Transnet SOC Ltd,KwaZulu-Natal,complete,['Other / uncategorised'],"[{'industry': 'Other / uncategorised', 'score': 0.0, 'reasons': []}]",False,,0,ZAR,2026-08-25T16:00:00Z,,,2026-08-21T00:00:00Z
ocds-9t57fa-166475,QR1308TETA002243,Transport Education and Training Authority,National,complete,['Construction & civil'],"[{'industry': 'Construction & civil', 'score': 1.0, 'reasons': [""category field contains 'building'""]}]",False,,0,ZAR,2026-08-26T11:00:00Z,,,2026-08-21T00:00:00Z
ocds-9t57fa-166470,RFQ 26-27-71/MM,South African Post Office Limited,National,complete,['Transport & logistics'],"[{'industry': 'Transport & logistics', 'score': 1.0, 'reasons': [""category field contains 'transport'""]}]",False,,0,ZAR,2026-08-27T11:00:00Z,,,2026-08-21T00:00:00Z
ocds-9t57fa-166553,RFQ109 2026/27,Special Investigation Unit,Free State,complete,"['Mechanical & HVAC', 'ICT & telecommunications']","[{'industry': 'Mechanical & HVAC', 'score': 1.0, 'reasons': [""category field contains 'air conditioning'""]}, {'industry': 'ICT & telecommunications', 'score': 0.89, 'reasons': [""text fuzzy-matches 'fibre' (similarity 0.89)""]}]",False,,0,ZAR,2026-08-27T11:00:00Z,,,2026-08-21T00:00:00Z
ocds-9t57fa-166521,SLM/SCM/12/2026/2027,Sakhisizwe Local Municipality,Eastern Cape,complete,['Other / uncategorised'],"[{'industry': 'Other / uncategorised', 'score': 0.0, 'reasons': []}]",False,,0,ZAR,2026-08-27T12:00:00Z,,,2026-08-21T00:00:00Z
ocds-9t57fa-166523,SLM/SCM/10/2026/2027,Sakhisizwe Local Municipality,Eastern Cape,complete,['Professional & consulting services'],"[{'industry': 'Professional & consulting services', 'score': 1.0, 'reasons': [""category field contains 'consulting'""]}]",False,,0,ZAR,2026-08-27T12:00:00Z,,,2026-08-21T00:00:00Z
ocds-9t57fa-166560,NRWDI/STRAT/2026-01,National Radioactive Waste Disposal Institute (NRWDI),North West,complete,['Professional & consulting services'],"[{'industry': 'Professional & consulting services', 'score': 1.0, 'reasons': [""category field contains 'consulting'""]}]",False,,0,ZAR,2026-08-27T17:00:00Z,,,2026-08-21T00:00:00Z
ocds-9t57fa-166430,SCMAT 15/07/15R,The Presidency,Western Cape,complete,['Other / uncategorised'],"[{'industry': 'Other / uncategorised', 'score': 0.0, 'reasons': []}]",False,,0,ZAR,2026-08-28T11:00:00Z,,,2026-08-21T00:00:00Z
ocds-9t57fa-166431,MBTC-SCM/137/2026,Mandela Bay Theatre Complex,Eastern Cape,complete,['Professional & consulting services'],"[{'industry': 'Professional & consulting services', 'score': 1.0, 'reasons': [""category field contains 'consulting'""]}]",False,,0,ZAR,2026-08-28T11:00:00Z,,,2026-08-21T00:00:00Z
ocds-9t57fa-166520,RFQ 26-27-72/DP,South African Post Office Limited,Gauteng,complete,['Professional & consulting services'],"[{'industry': 'Professional & consulting services', 'score': 1.0, 'reasons': [""category field contains 'consulting'""]}]",False,,0,ZAR,2026-08-28T11:00:00Z,,,2026-08-21T00:00:00Z
ocds-9t57fa-166531,RFQ00035,Mining Qualifications Authority,Gauteng,complete,['Mining & resources'],"[{'industry': 'Mining & resources', 'score': 1.0, 'reasons': [""text fuzzy-matches 'mining' (similarity 1.00)""]}]",False,,0,ZAR,2026-08-28T11:00:00Z,,,2026-08-21T00:00:00Z
ocds-9t57fa-166565,RFQ-21-08-26,South African National Parks,Gauteng,complete,['Other / uncategorised'],"[{'industry': 'Other / uncategorised', 'score': 0.0, 'reasons': []}]",False,,0,ZAR,2026-08-28T11:00:00Z,,,2026-08-21T00:00:00Z
ocds-9t57fa-166402,IHLM/22/2026-27/COMM,Ingquza Hill Local Municipality,Eastern Cape,complete,['Supply of goods'],"[{'industry': 'Supply of goods', 'score': 1.0, 'reasons': [""text fuzzy-matches 'supply and delivery' (similarity 1.00)""]}]",False,,0,ZAR,2026-08-28T12:00:00Z,,,2026-08-21T00:00:00Z
ocds-9t57fa-166453,AHT26960,PetroSA,Western Cape,complete,['Other / uncategorised'],"[{'industry': 'Other / uncategorised', 'score': 0.0, 'reasons': []}]",False,,0,ZAR,2026-08-28T12:00:00Z,,,2026-08-21T00:00:00Z
ocds-9t57fa-166453,AHT26960,PetroSA,Western Cape,complete,['Other / uncategorised'],"[{'industry': 'Other / uncategorised', 'score': 0.0, 'reasons': []}]",False,,0,ZAR,2026-08-28T12:00:00Z,,,2026-08-21T00:00:00Z
ocds-9t57fa-166463,ECR/RS/05/08/2026,Passenger Rail Agency of South Africa,Eastern Cape,complete,['Other / uncategorised'],"[{'industry': 'Other / uncategorised', 'score': 0.0, 'reasons': []}]",False,,0,ZAR,2026-08-28T12:00:00Z,,,2026-08-21T00:00:00Z
ocds-9t57fa-166466,ECR/RS/06/08/2026,Passenger Rail Agency of South Africa,Eastern Cape,complete,['Other / uncategorised'],"[{'industry': 'Other / uncategorised', 'score': 0.0, 'reasons': []}]",False,,0,ZAR,2026-08-28T12:00:00Z,,,2026-08-21T00:00:00Z
ocds-9t57fa-166432,EWSETA/RFQ028/2026-27,Energy and Water Sector Education and Training Authority,Gauteng,complete,['Electrical'],"[{'industry': 'Electrical', 'score': 1.0, 'reasons': [""text fuzzy-matches 'electrical' (similarity 1.00)""]}]",False,,0,ZAR,2026-08-28T13:00:00Z,,,2026-08-21T00:00:00Z
ocds-9t57fa-166415,RFQ/025/2026/27,BRAND RSA,Gauteng,complete,['Professional & consulting services'],"[{'industry': 'Professional & consulting services', 'score': 1.0, 'reasons': [""category field contains 'consulting'""]}]",False,,0,ZAR,2026-08-28T16:00:00Z,,,2026-08-21T00:00:00Z
ocds-9t57fa-166236,MS/2026/2027/068/951/T,Msinga Local Municipality,KwaZulu-Natal,complete,['Construction & civil'],"[{'industry': 'Construction & civil', 'score': 1.86, 'reasons': [""category field contains 'construction'"", ""text fuzzy-matches 'construction' (similarity 0.86)""]}]",False,,0,ZAR,2026-08-31T11:00:00Z,,,2026-08-21T00:00:00Z
ocds-9t57fa-166457,RFQ-ADV/ RELOCATION OF MEETING PODS/21/08/2026,Iziko Museums of Cape Town,Western Cape,complete,['Other / uncategorised'],"[{'industry': 'Other / uncategorised', 'score': 0.0, 'reasons': []}]",False,,0,ZAR,2026-08-31T11:00:00Z,,,2026-08-21T00:00:00Z
ocds-9t57fa-166549,RFP/2021/001474,Public Service Sector Education and Training Authority,Gauteng,complete,['Professional & consulting services'],"[{'industry': 'Professional & consulting services', 'score': 1.0, 'reasons': [""category field contains 'consulting'""]}]",False,,0,ZAR,2026-08-31T11:00:00Z,,,2026-08-21T00:00:00Z
ocds-9t57fa-166562,Iziko-RFQ-ADV-Event Coordination 23/09/2026,Iziko Museums of Cape Town,Western Cape,complete,['Supply of goods'],"[{'industry': 'Supply of goods', 'score': 1.0, 'reasons': [""text fuzzy-matches 'supply and delivery' (similarity 1.00)""]}]",False,,0,ZAR,2026-08-31T11:00:00Z,,,2026-08-21T00:00:00Z
ocds-9t57fa-166591,HO-26/27-0088,Eastern Cape - Agriculture,Eastern Cape,complete,['Other / uncategorised'],"[{'industry': 'Other / uncategorised', 'score': 0.0, 'reasons': []}]",False,,0,ZAR,2026-08-31T11:00:00Z,,,2026-08-21T00:00:00Z
ocds-9t57fa-166592,HO-26/27-0089,Eastern Cape - Agriculture,Eastern Cape,complete,['Other / uncategorised'],"[{'industry': 'Other / uncategorised', 'score': 0.0, 'reasons': []}]",False,,0,ZAR,2026-08-31T11:00:00Z,,,2026-08-21T00:00:00Z
ocds-9t57fa-166593,HO-26/27-0094,Eastern Cape - Agriculture,Eastern Cape,complete,['Other / uncategorised'],"[{'industry': 'Other / uncategorised', 'score': 0.0, 'reasons': []}]",False,,0,ZAR,2026-08-31T11:00:00Z,,,2026-08-21T00:00:00Z
ocds-9t57fa-166220,MS/2026/2027/040/951/T,Msinga Local Municipality,KwaZulu-Natal,complete,['Construction & civil'],"[{'industry': 'Construction & civil', 'score': 2.0, 'reasons': [""category field contains 'construction'"", ""text fuzzy-matches 'construction' (similarity 1.00)""]}]",False,,0,ZAR,2026-08-31T12:00:00Z,,,2026-08-21T00:00:00Z
ocds-9t57fa-166221,MS/2026/2027/042/951/T,Msinga Local Municipality,KwaZulu-Natal,complete,['Construction & civil'],"[{'industry': 'Construction & civil', 'score': 1.86, 'reasons': [""category field contains 'construction'"", ""text fuzzy-matches 'construction' (similarity 0.86)""]}]",False,,0,ZAR,2026-08-31T12:00:00Z,,,2026-08-21T00:00:00Z
ocds-9t57fa-166224,MS/2026/2027/049/951/T,Msinga Local Municipality,KwaZulu-Natal,complete,['Construction & civil'],"[{'industry': 'Construction & civil', 'score': 1.86, 'reasons': [""category field contains 'construction'"", ""text fuzzy-matches 'construction' (similarity 0.86)""]}]",False,,0,ZAR,2026-08-31T12:00:00Z,,,2026-08-21T00:00:00Z
ocds-9t57fa-166227,MS/2026/2027/050/951/T,Msinga Local Municipality,KwaZulu-Natal,complete,['Construction & civil'],"[{'industry': 'Construction & civil', 'score': 1.86, 'reasons': [""category field contains 'construction'"", ""text fuzzy-matches 'construction' (similarity 0.86)""]}]",False,,0,ZAR,2026-08-31T12:00:00Z,,,2026-08-21T00:00:00Z
ocds-9t57fa-166229,MS/2026/2027/067/951/T,Msinga Local Municipality,KwaZulu-Natal,complete,['Construction & civil'],"[{'industry': 'Construction & civil', 'score': 1.86, 'reasons': [""category field contains 'construction'"", ""text fuzzy-matches 'construction' (similarity 0.86)""]}]",False,,0,ZAR,2026-08-31T12:00:00Z,,,2026-08-21T00:00:00Z
ocds-9t57fa-166238,MS/2026/2027/071/951/T,Msinga Local Municipality,KwaZulu-Natal,complete,['Construction & civil'],"[{'industry': 'Construction & civil', 'score': 1.86, 'reasons': [""category field contains 'construction'"", ""text fuzzy-matches 'construction' (similarity 0.86)""]}]",False,,0,ZAR,2026-08-31T12:00:00Z,,,2026-08-21T00:00:00Z
ocds-9t57fa-166242,MS/2026/2027/072/951/T,Msinga Local Municipality,KwaZulu-Natal,complete,['Construction & civil'],"[{'industry': 'Construction & civil', 'score': 1.86, 'reasons': [""category field contains 'construction'"", ""text fuzzy-matches 'construction' (similarity 0.86)""]}]",False,,0,ZAR,2026-08-31T12:00:00Z,,,2026-08-21T00:00:00Z
ocds-9t57fa-166244,MS/2026/2027/076/951/T,Msinga Local Municipality,KwaZulu-Natal,complete,['Construction & civil'],"[{'industry': 'Construction & civil', 'score': 1.86, 'reasons': [""category field contains 'construction'"", ""text fuzzy-matches 'construction' (similarity 0.86)""]}]",False,,0,ZAR,2026-08-31T12:00:00Z,,,2026-08-21T00:00:00Z
ocds-9t57fa-166245,MS/2026/2027/077/951/T,Msinga Local Municipality,KwaZulu-Natal,complete,['Construction & civil'],"[{'industry': 'Construction & civil', 'score': 1.86, 'reasons': [""category field contains 'construction'"", ""text fuzzy-matches 'construction' (similarity 0.86)""]}]",False,,0,ZAR,2026-08-31T12:00:00Z,,,2026-08-21T00:00:00Z
ocds-9t57fa-166246,MS/2026/2027/080/951/T,Msinga Local Municipality,KwaZulu-Natal,complete,['Construction & civil'],"[{'industry': 'Construction & civil', 'score': 1.86, 'reasons': [""category field contains 'construction'"", ""text fuzzy-matches 'construction' (similarity 0.86)""]}]",False,,0,ZAR,2026-08-31T12:00:00Z,,,2026-08-21T00:00:00Z
ocds-9t57fa-166249,MS/2026/2027/081/951/T,Msinga Local Municipality,KwaZulu-Natal,complete,['Construction & civil'],"[{'industry': 'Construction & civil', 'score': 1.86, 'reasons': [""category field contains 'construction'"", ""text fuzzy-matches 'construction' (similarity 0.86)""]}]",False,,0,ZAR,2026-08-31T12:00:00Z,,,2026-08-21T00:00:00Z
ocds-9t57fa-166400,IHLM/20/2026-27/ECON,Ingquza Hill Local Municipality,Eastern Cape,complete,['Other / uncategorised'],"[{'industry': 'Other / uncategorised', 'score': 0.0, 'reasons': []}]",False,,0,ZAR,2026-08-31T12:00:00Z,,,2026-08-21T00:00:00Z
ocds-9t57fa-166401,IHLM/21/2026-27/ECON,Ingquza Hill Local Municipality,Eastern Cape,complete,['Transport & logistics'],"[{'industry': 'Transport & logistics', 'score': 1.0, 'reasons': [""text fuzzy-matches 'transport' (similarity 1.00)""]}]",False,,0,ZAR,2026-08-31T12:00:00Z,,,2026-08-21T00:00:00Z
ocds-9t57fa-166437,RFQ/MAR/26/27/134,"Manufacturing, Engineering and Related Services SETA (merSETA)",KwaZulu-Natal,complete,['Professional & consulting services'],"[{'industry': 'Professional & consulting services', 'score': 1.0, 'reasons': [""category field contains 'consulting'""]}]",False,,0,ZAR,2026-08-31T12:00:00Z,,,2026-08-21T00:00:00Z
ocds-9t57fa-166484,FWQ22/2026,Blue crane route local municipality,Eastern Cape,complete,['Supply of goods'],"[{'industry': 'Supply of goods', 'score': 1.0, 'reasons': [""text fuzzy-matches 'supply and delivery' (similarity 1.00)""]}]",False,,0,ZAR,2026-08-31T12:00:00Z,,,2026-08-21T00:00:00Z
ocds-9t57fa-166533,RE- 8/2/1/564,Abaqulusi Local Municipality,KwaZulu-Natal,complete,['Electrical'],"[{'industry': 'Electrical', 'score': 0.91, 'reasons': [""text fuzzy-matches 'substation' (similarity 0.91)""]}]",False,,0,ZAR,2026-08-31T12:00:00Z,,,2026-08-21T00:00:00Z
ocds-9t57fa-166483,DMP/02/26/GAU-HCM/2,Passenger Rail Agency of South Africa,Gauteng,complete,['Other / uncategorised'],"[{'industry': 'Other / uncategorised', 'score': 0.0, 'reasons': []}]",False,,0,ZAR,2026-09-01T10:00:00Z,,,2026-08-21T00:00:00Z
ocds-9t57fa-166497,DMP/10/26/GAU-HCM/1,Passenger Rail Agency of South Africa,Gauteng,complete,['Other / uncategorised'],"[{'industry': 'Other / uncategorised', 'score': 0.0, 'reasons': []}]",False,,0,ZAR,2026-09-01T10:00:00Z,,,2026-08-21T00:00:00Z
ocds-9t57fa-166362,SCMU5-26/27-0003SB,Eastern Cape - Roads and Public Works,Eastern Cape,complete,['Construction & civil'],"[{'industry': 'Construction & civil', 'score': 1.0, 'reasons': [""text fuzzy-matches 'renovation' (similarity 1.00)""]}]",False,,0,ZAR,2026-09-01T11:00:00Z,,,2026-08-21T00:00:00Z
ocds-9t57fa-166552,RFQ/NHC/2026/27/019,National Heritage Council of South Africa,Gauteng,complete,['Other / uncategorised'],"[{'industry': 'Other / uncategorised', 'score': 0.0, 'reasons': []}]",False,,0,ZAR,2026-09-01T11:00:00Z,,,2026-08-21T00:00:00Z
ocds-9t57fa-166564,E3025DXFSOULIST,ESKOM,Free State,complete,['Construction & civil'],"[{'industry': 'Construction & civil', 'score': 1.0, 'reasons': [""category field contains 'construction'""]}]",False,,0,ZAR,2026-09-01T11:00:00Z,,,2026-08-21T00:00:00Z
ocds-9t57fa-166407,IHLM/23/2026-27/ADMIN,Ingquza Hill Local Municipality,Eastern Cape,complete,['Supply of goods'],"[{'industry': 'Supply of goods', 'score': 1.0, 'reasons': [""text fuzzy-matches 'supply and delivery' (similarity 1.00)""]}]",False,,0,ZAR,2026-09-01T12:00:00Z,,,2026-08-21T00:00:00Z
ocds-9t57fa-166462,KAV03/NC061/08/2026,Richtersveld Municipality,Northern Cape,complete,['ICT & telecommunications'],"[{'industry': 'ICT & telecommunications', 'score': 1.0, 'reasons': [""text fuzzy-matches 'server' (similarity 1.00)""]}]",False,,0,ZAR,2026-09-01T12:00:00Z,,,2026-08-21T00:00:00Z
ocds-9t57fa-166528,RFQ NO - 110/03/25-26,Water Research Commission,Gauteng,complete,['Professional & consulting services'],"[{'industry': 'Professional & consulting services', 'score': 1.0, 'reasons': [""category field contains 'consulting'""]}]",False,,0,ZAR,2026-09-01T23:30:00Z,,,2026-08-21T00:00:00Z
ocds-9t57fa-166535,RFQ0001271,"National - Environment, Forestry and Fisheries",Western Cape,complete,['Supply of goods'],"[{'industry': 'Supply of goods', 'score': 0.97, 'reasons': [""text fuzzy-matches 'supply and delivery' (similarity 0.97)""]}]",False,,0,ZAR,2026-09-02T11:00:00Z,,,2026-08-21T00:00:00Z
ocds-9t57fa-166527,RFQ 2026-008-023,National Lotteries Commission,Eastern Cape,complete,['Security services'],"[{'industry': 'Security services', 'score': 1.0, 'reasons': [""category field contains 'security services'""]}]",False,,0,ZAR,2026-09-03T11:00:00Z,,,2026-08-21T00:00:00Z
ocds-9t57fa-166530,RFQ 2026-008-024,National Lotteries Commission,Free State,complete,['Security services'],"[{'industry': 'Security services', 'score': 1.0, 'reasons': [""category field contains 'security services'""]}]",False,,0,ZAR,2026-09-03T11:00:00Z,,,2026-08-21T00:00:00Z
ocds-9t57fa-166281,RFQ NO 14 - 2026/27,"Education, Training and Development Practices SETA",Gauteng,complete,['Professional & consulting services'],"[{'industry': 'Professional & consulting services', 'score': 1.0, 'reasons': [""category field contains 'consulting'""]}]",False,,0,ZAR,2026-09-04T11:00:00Z,,,2026-08-21T00:00:00Z
ocds-9t57fa-166405,T 2026/033,Cape Winelands District Municipality,Western Cape,complete,"['Professional & consulting services', 'Supply of goods']","[{'industry': 'Professional & consulting services', 'score': 1.0, 'reasons': [""category field contains 'consulting'""]}, {'industry': 'Supply of goods', 'score': 1.0, 'reasons': [""text fuzzy-matches 'supply and delivery' (similarity 1.00)""]}]",False,,0,ZAR,2026-09-04T11:00:00Z,,,2026-08-21T00:00:00Z
ocds-9t57fa-166429,26 / 27 / 18 / 06 / S,Kwazulu Natal - Public Works (Head Office),KwaZulu-Natal,complete,['Other / uncategorised'],"[{'industry': 'Other / uncategorised', 'score': 0.0, 'reasons': []}]",False,,0,ZAR,2026-09-04T11:00:00Z,,,2026-08-21T00:00:00Z
ocds-9t57fa-166449,ATNS/FAOR/RFQ/BUILDING-APPLIANCES ,Air Traffic and Navigation Services Company Limited,Gauteng,complete,"['Construction & civil', 'Supply of goods']","[{'industry': 'Construction & civil', 'score': 1.0, 'reasons': [""text fuzzy-matches 'building' (similarity 1.00)""]}, {'industry': 'Supply of goods', 'score': 1.0, 'reasons': [""text fuzzy-matches 'supply and delivery' (similarity 1.00)""]}]",False,,0,ZAR,2026-09-04T11:00:00Z,,,2026-08-21T00:00:00Z
ocds-9t57fa-166464,TSD19/2025 -2026,City of Johannesburg - Metro Bus,Gauteng,complete,"['Transport & logistics', 'Supply of goods']","[{'industry': 'Transport & logistics', 'score': 1.0, 'reasons': [""category field contains 'transport'""]}, {'industry': 'Supply of goods', 'score': 1.0, 'reasons': [""text fuzzy-matches 'supply and delivery' (similarity 1.00)""]}]",True,,0,ZAR,2026-09-04T11:00:00Z,,,2026-08-21T00:00:00Z
ocds-9t57fa-166499,RFI001-2026,National Treasury,Gauteng,complete,['Professional & consulting services'],"[{'industry': 'Professional & consulting services', 'score': 1.0, 'reasons': [""category field contains 'consulting'""]}]",False,,0,ZAR,2026-09-04T11:00:00Z,,,2026-08-21T00:00:00Z
ocds-9t57fa-166501,ATNS/FAOR/RFQ02/2025/26ICTRE ADVERT,Air Traffic and Navigation Services Company Limited,Gauteng,complete,"['Supply of goods', 'ICT & telecommunications']","[{'industry': 'Supply of goods', 'score': 1.0, 'reasons': [""text fuzzy-matches 'supply and delivery' (similarity 1.00)""]}, {'industry': 'ICT & telecommunications', 'score': 0.88, 'reasons': [""text fuzzy-matches 'telecommunications' (similarity 0.88)""]}]",False,,0,ZAR,2026-09-04T11:00:00Z,,,2026-08-21T00:00:00Z
ocds-9t57fa-166513,RFQ 26/27/70 LM,South African Post Office Limited,KwaZulu-Natal,complete,['Construction & civil'],"[{'industry': 'Construction & civil', 'score': 1.0, 'reasons': [""text fuzzy-matches 'building' (similarity 1.00)""]}]",False,,0,ZAR,2026-09-04T11:00:00Z,,,2026-08-21T00:00:00Z
ocds-9t57fa-166532,RFQ 011 2026 2027,Government Communications (GCIS),National,complete,['Other / uncategorised'],"[{'industry': 'Other / uncategorised', 'score': 0.0, 'reasons': []}]",False,,0,ZAR,2026-09-04T11:00:00Z,,,2026-08-21T00:00:00Z
ocds-9t57fa-166590,HO-26/27-0086,Eastern Cape - Agriculture,Eastern Cape,complete,['Other / uncategorised'],"[{'industry': 'Other / uncategorised', 'score': 0.0, 'reasons': []}]",False,,0,ZAR,2026-09-04T11:00:00Z,,,2026-08-21T00:00:00Z
ocds-9t57fa-166418,SGR/GENERATORS-AS-AND-WHEN-REPAIRS/08/2026,Passenger Rail Agency of South Africa,Gauteng,complete,['Electrical'],"[{'industry': 'Electrical', 'score': 0.95, 'reasons': [""text fuzzy-matches 'generator' (similarity 0.95)""]}]",False,,0,ZAR,2026-09-04T12:00:00Z,,,2026-08-21T00:00:00Z
ocds-9t57fa-166423,SGR/GEN-BUILD-WESTBURY/01/2026 RE-ADVERT,Passenger Rail Agency of South Africa,Gauteng,complete,['Construction & civil'],"[{'industry': 'Construction & civil', 'score': 2.0, 'reasons': [""category field contains 'construction'"", ""text fuzzy-matches 'building' (similarity 1.00)""]}]",False,,0,ZAR,2026-09-04T12:00:00Z,,,2026-08-21T00:00:00Z
ocds-9t57fa-166490,QUOTATION 12/2026,Langeberg Municipality,Western Cape,complete,['ICT & telecommunications'],"[{'industry': 'ICT & telecommunications', 'score': 0.89, 'reasons': [""text fuzzy-matches 'fibre' (similarity 0.89)""]}]",False,,0,ZAR,2026-09-04T12:00:00Z,,,2026-08-21T00:00:00Z
ocds-9t57fa-166544,SCM9/2026/27,Cape Agulhas Municipality,Western Cape,complete,['Professional & consulting services'],"[{'industry': 'Professional & consulting services', 'score': 1.0, 'reasons': [""category field contains 'consulting'""]}]",False,,0,ZAR,2026-09-04T12:00:00Z,,,2026-08-21T00:00:00Z
ocds-9t57fa-165764,TN040/2026,Dawid kruiper Local Municipality,Northern Cape,complete,['Security services'],"[{'industry': 'Security services', 'score': 1.0, 'reasons': [""text fuzzy-matches 'security services' (similarity 1.00)""]}]",False,,0,ZAR,2026-09-04T14:00:00Z,,,2026-08-21T00:00:00Z
ocds-9t57fa-166536,CSIR RFP 6753/04/09/2026,Council for Scientific and Industrial Research (CSIR),National,complete,"['ICT & telecommunications', 'Professional & consulting services']","[{'industry': 'ICT & telecommunications', 'score': 1.0, 'reasons': [""text fuzzy-matches 'network' (similarity 1.00)""]}, {'industry': 'Professional & consulting services', 'score': 1.0, 'reasons': [""category field contains 'consulting'""]}]",False,,0,ZAR,2026-09-04T16:30:00Z,,,2026-08-21T00:00:00Z
ocds-9t57fa-166404,AW2026/27/01,Amatola Water Board,Eastern Cape,active,"['Construction & civil', 'Water & sanitation']","[{'industry': 'Construction & civil', 'score': 1.0, 'reasons': [""text fuzzy-matches 'construction' (similarity 1.00)""]}, {'industry': 'Water & sanitation', 'score': 1.0, 'reasons': [""text fuzzy-matches 'sewer' (similarity 1.00)""]}]",True,,0,ZAR,2026-09-11T11:00:00Z,,,2026-08-21T00:00:00Z
ocds-9t57fa-166498,TC/LP 24/2025,Limpopo - Provincial Treasury,Limpopo,active,['Other / uncategorised'],"[{'industry': 'Other / uncategorised', 'score': 0.0, 'reasons': []}]",True,,0,ZAR,2026-09-11T11:00:00Z,,,2026-08-21T00:00:00Z
ocds-9t57fa-166573,SALGA/07/2026 (A),South African Local Government Association,National,active,['Other / uncategorised'],"[{'industry': 'Other / uncategorised', 'score': 0.0, 'reasons': []}]",True,,0,ZAR,2026-09-11T11:00:00Z,,,2026-08-21T00:00:00Z
ocds-9t57fa-166575,SALGA/07/2026 (B),South African Local Government Association,National,active,['Other / uncategorised'],"[{'industry': 'Other / uncategorised', 'score': 0.0, 'reasons': []}]",True,,0,ZAR,2026-09-11T11:00:00Z,,,2026-08-21T00:00:00Z
ocds-9t57fa-166577,SALGA/07/2026 (C),South African Local Government Association,National,active,['Professional & consulting services'],"[{'industry': 'Professional & consulting services', 'score': 1.0, 'reasons': [""text fuzzy-matches 'feasibility study' (similarity 1.00)""]}]",True,,0,ZAR,2026-09-11T11:00:00Z,,,2026-08-21T00:00:00Z
ocds-9t57fa-166578,SALGA/07/2026 (D),South African Local Government Association,National,active,['Other / uncategorised'],"[{'industry': 'Other / uncategorised', 'score': 0.0, 'reasons': []}]",True,,0,ZAR,2026-09-11T11:00:00Z,,,2026-08-21T00:00:00Z
ocds-9t57fa-166638,Ex Post Facto - MW Deviation 2 (FY 2026-27),Magalies Water,North West,active,"['Electrical', 'Water & sanitation']","[{'industry': 'Electrical', 'score': 1.91, 'reasons': [""category field contains 'electrical'"", ""text fuzzy-matches 'substation' (similarity 0.91)""]}, {'industry': 'Water & sanitation', 'score': 1.0, 'reasons': [""text fuzzy-matches 'water treatment' (similarity 1.00)""]}]",False,,0,ZAR,2026-08-21T11:00:00Z,,330558875.0,2026-08-20T00:00:00Z
ocds-9t57fa-167756,SS 2026/65210/1027/018,South African National Roads Agency Soc Limited (SANRAL),KwaZulu-Natal,active,['Other / uncategorised'],"[{'industry': 'Other / uncategorised', 'score': 0.0, 'reasons': []}]",False,,0,ZAR,2026-08-21T11:00:00Z,,1609770.0,2026-08-20T00:00:00Z
ocds-9t57fa-168850,MICT/SETA/DEV/05/2026,"Media, Information and Communication Technologies Sector Education and training Authority (MICT SETA)",National,active,['ICT & telecommunications'],"[{'industry': 'ICT & telecommunications', 'score': 0.86, 'reasons': [""text fuzzy-matches 'ict' (similarity 0.86)""]}]",False,,0,ZAR,2026-08-21T11:00:00Z,,54992910.0,2026-08-20T00:00:00Z
ocds-9t57fa-166219,Q14/2026/27,Cape Agulhas Municipality,Western Cape,active,['Professional & consulting services'],"[{'industry': 'Professional & consulting services', 'score': 1.0, 'reasons': [""category field contains 'consulting'""]}]",False,2026-09-30T00:00:00Z,0,ZAR,2026-08-28T12:00:00Z,,2369000.0,2026-08-20T00:00:00Z
ocds-9t57fa-166214,LPMED00127GX A ,ESKOM,Limpopo,active,['Supply of goods'],"[{'industry': 'Supply of goods', 'score': 1.0, 'reasons': [""text fuzzy-matches 'supply and delivery' (similarity 1.00)""]}]",False,,0,ZAR,2026-09-01T11:00:00Z,,261322756.0,2026-08-20T00:00:00Z
ocds-9t57fa-166300,ZNQ00527/00000/00/HOD/GEN/26/T,Kwazulu Natal - Transport,KwaZulu-Natal,complete,['Supply of goods'],"[{'industry': 'Supply of goods', 'score': 1.0, 'reasons': [""text fuzzy-matches 'supply and delivery' (similarity 1.00)""]}]",False,,0,ZAR,2026-08-24T11:00:00Z,,,2026-08-20T00:00:00Z
ocds-9t57fa-166370,RFQ28 2026-2027,National Film and Video Foundation of South Africa,Northern Cape,complete,['Other / uncategorised'],"[{'industry': 'Other / uncategorised', 'score': 0.0, 'reasons': []}]",False,,0,ZAR,2026-08-24T11:00:00Z,,,2026-08-20T00:00:00Z
ocds-9t57fa-166359,NB111/2026,Tourism,Gauteng,complete,['Other / uncategorised'],"[{'industry': 'Other / uncategorised', 'score': 0.0, 'reasons': []}]",False,,0,ZAR,2026-08-25T10:00:00Z,,,2026-08-20T00:00:00Z
ocds-9t57fa-166230,RFQ26401,Basic Education,National,complete,['Other / uncategorised'],"[{'industry': 'Other / uncategorised', 'score': 0.0, 'reasons': []}]",False,,0,ZAR,2026-08-25T13:00:00Z,,,2026-08-20T00:00:00Z
ocds-9t57fa-169160,REQ0000002253,Public Protector South Africa,Gauteng,complete,['Other / uncategorised'],"[{'industry': 'Other / uncategorised', 'score': 0.0, 'reasons': []}]",False,,0,ZAR,2026-08-25T15:00:00Z,,,2026-08-20T00:00:00Z
ocds-9t57fa-166314,POS9932,Technology Innovation Agency,National,complete,['Other / uncategorised'],"[{'industry': 'Other / uncategorised', 'score': 0.0, 'reasons': []}]",False,,0,ZAR,2026-08-25T17:00:00Z,,,2026-08-20T00:00:00Z
ocds-9t57fa-166287,RFQ26404,Basic Education,Gauteng,complete,['Professional & consulting services'],"[{'industry': 'Professional & consulting services', 'score': 1.0, 'reasons': [""text fuzzy-matches 'project management' (similarity 1.00)""]}]",False,,0,ZAR,2026-08-26T10:00:00Z,,,2026-08-20T00:00:00Z
ocds-9t57fa-166351,TPT/2026/08/1012/10581/RFQ ,Transnet SOC Ltd,KwaZulu-Natal,complete,['Other / uncategorised'],"[{'industry': 'Other / uncategorised', 'score': 0.0, 'reasons': []}]",False,,0,ZAR,2026-08-26T10:00:00Z,,,2026-08-20T00:00:00Z
ocds-9t57fa-166217,TW31,Water and Sanitation,Mpumalanga,complete,"['Construction & civil', 'Supply of goods']","[{'industry': 'Construction & civil', 'score': 1.0, 'reasons': [""category field contains 'construction'""]}, {'industry': 'Supply of goods', 'score': 0.97, 'reasons': [""text fuzzy-matches 'supply and delivery' (similarity 0.97)""]}]",False,,0,ZAR,2026-08-26T11:00:00Z,,,2026-08-20T00:00:00Z
ocds-9t57fa-166240,SCMU3-P26/27-0592-CH,Eastern Cape - Health,Eastern Cape,complete,['Construction & civil'],"[{'industry': 'Construction & civil', 'score': 2.0, 'reasons': [""category field contains 'construction'"", ""text fuzzy-matches 'building' (similarity 1.00)""]}]",False,,0,ZAR,2026-08-26T11:00:00Z,,,2026-08-20T00:00:00Z
ocds-9t57fa-166291,RFQ 26/27/68  LM,South African Post Office Limited,National,complete,['Other / uncategorised'],"[{'industry': 'Other / uncategorised', 'score': 0.0, 'reasons': []}]",False,,0,ZAR,2026-08-26T11:00:00Z,,,2026-08-20T00:00:00Z
ocds-9t57fa-166318,RFQ 26/27/69  LM,South African Post Office Limited,National,complete,['Other / uncategorised'],"[{'industry': 'Other / uncategorised', 'score': 0.0, 'reasons': []}]",False,,0,ZAR,2026-08-26T11:00:00Z,,,2026-08-20T00:00:00Z
ocds-9t57fa-166213,RFQ202627/39,Kwa-Zulu Natal - Trade and Investment KwaZulu-Natal,KwaZulu-Natal,complete,['Other / uncategorised'],"[{'industry': 'Other / uncategorised', 'score': 0.0, 'reasons': []}]",False,,0,ZAR,2026-08-26T12:00:00Z,,,2026-08-20T00:00:00Z
ocds-9t57fa-166310,sanctions screening,Land and Agricultural Development Bank of South Africa,National,complete,['Other / uncategorised'],"[{'industry': 'Other / uncategorised', 'score': 0.0, 'reasons': []}]",False,,0,ZAR,2026-08-26T12:00:00Z,,,2026-08-20T00:00:00Z
ocds-9t57fa-166335,SLM/SCM/08/2026/27,Sakhisizwe Local Municipality,Eastern Cape,complete,['Supply of goods'],"[{'industry': 'Supply of goods', 'score': 1.0, 'reasons': [""text fuzzy-matches 'supply and delivery' (similarity 1.00)""]}]",False,,0,ZAR,2026-08-26T12:00:00Z,,,2026-08-20T00:00:00Z
ocds-9t57fa-166343,SLM/SCM/09/2026/2026,Sakhisizwe Local Municipality,Eastern Cape,complete,['Other / uncategorised'],"[{'industry': 'Other / uncategorised', 'score': 0.0, 'reasons': []}]",False,,0,ZAR,2026-08-26T12:00:00Z,,,2026-08-20T00:00:00Z
ocds-9t57fa-166346,SLM/SCM/11/2026/2027,Sakhisizwe Local Municipality,Eastern Cape,complete,['Professional & consulting services'],"[{'industry': 'Professional & consulting services', 'score': 1.0, 'reasons': [""category field contains 'consulting'""]}]",False,,0,ZAR,2026-08-26T12:00:00Z,,,2026-08-20T00:00:00Z
ocds-9t57fa-166378,KZNGFA RFQ 2026 - 11,KZN Growth Fund Trust,KwaZulu-Natal,complete,['Professional & consulting services'],"[{'industry': 'Professional & consulting services', 'score': 1.0, 'reasons': [""category field contains 'consulting'""]}]",False,,0,ZAR,2026-08-26T12:00:00Z,,,2026-08-20T00:00:00Z
ocds-9t57fa-166383,RFQ063/2026,Artscape,Western Cape,complete,"['Electrical', 'Supply of goods']","[{'industry': 'Electrical', 'score': 1.0, 'reasons': [""category field contains 'electrical'""]}, {'industry': 'Supply of goods', 'score': 1.0, 'reasons': [""text fuzzy-matches 'supply and delivery' (similarity 1.00)""]}]",False,,0,ZAR,2026-08-26T13:00:00Z,,,2026-08-20T00:00:00Z
ocds-9t57fa-166153,N11/2026/2027,Thulamela Local Municipality,Limpopo,complete,['Other / uncategorised'],"[{'industry': 'Other / uncategorised', 'score': 0.0, 'reasons': []}]",False,,0,ZAR,2026-08-27T11:00:00Z,,,2026-08-20T00:00:00Z
ocds-9t57fa-166263,IZIKO-FIN-RFQ- SAGE BUSINESS PARTNER 2026/08/01,Iziko Museums of Cape Town,Western Cape,complete,['Professional & consulting services'],"[{'industry': 'Professional & consulting services', 'score': 1.0, 'reasons': [""category field contains 'consulting'""]}]",False,,0,ZAR,2026-08-27T11:00:00Z,,,2026-08-20T00:00:00Z
ocds-9t57fa-166320,6848-ZNQ-CORP-26,Kwa-Zulu Natal - Natal Sharks Board,KwaZulu-Natal,complete,['Other / uncategorised'],"[{'industry': 'Other / uncategorised', 'score': 0.0, 'reasons': []}]",False,,0,ZAR,2026-08-27T11:00:00Z,,,2026-08-20T00:00:00Z
ocds-9t57fa-166381,RFQ 014 (2026-2027) - PFMA and Treasury Regulation,National Gambling Board of South Africa,Gauteng,complete,['Other / uncategorised'],"[{'industry': 'Other / uncategorised', 'score': 0.0, 'reasons': []}]",False,,0,ZAR,2026-08-27T11:00:00Z,,,2026-08-20T00:00:00Z
ocds-9t57fa-166289,02-2026-2027,Ulundi Local Municipality,KwaZulu-Natal,complete,['Supply of goods'],"[{'industry': 'Supply of goods', 'score': 1.0, 'reasons': [""text fuzzy-matches 'supply and delivery' (similarity 1.00)""]}]",False,,0,ZAR,2026-08-27T12:00:00Z,,,2026-08-20T00:00:00Z
ocds-9t57fa-166390,RFQ025-2026 /27,Community Schemes Ombud Service,National,complete,['Other / uncategorised'],"[{'industry': 'Other / uncategorised', 'score': 0.0, 'reasons': []}]",False,,0,ZAR,2026-08-27T12:00:00Z,,,2026-08-20T00:00:00Z
ocds-9t57fa-166254,Canteen services,Land and Agricultural Development Bank of South Africa,Gauteng,complete,['Other / uncategorised'],"[{'industry': 'Other / uncategorised', 'score': 0.0, 'reasons': []}]",False,,0,ZAR,2026-08-27T14:00:00Z,,,2026-08-20T00:00:00Z
ocds-9t57fa-166313,E2901DXMPOUC,ESKOM,Mpumalanga,complete,['Mechanical & HVAC'],"[{'industry': 'Mechanical & HVAC', 'score': 1.0, 'reasons': [""text fuzzy-matches 'mechanical' (similarity 1.00)""]}]",False,,0,ZAR,2026-08-28T10:00:00Z,,,2026-08-20T00:00:00Z
ocds-9t57fa-166348,SRVM RFQ 01/2027,Sundays River Valley Municipality,Eastern Cape,complete,['Supply of goods'],"[{'industry': 'Supply of goods', 'score': 2.0, 'reasons': [""category field contains 'stationery'"", ""text fuzzy-matches 'supply and delivery' (similarity 1.00)""]}]",False,,0,ZAR,2026-08-28T10:00:00Z,,,2026-08-20T00:00:00Z
ocds-9t57fa-166243,RFQ NHC/2026/27/021,National Heritage Council of South Africa,National,complete,['Professional & consulting services'],"[{'industry': 'Professional & consulting services', 'score': 1.0, 'reasons': [""category field contains 'consulting'""]}]",False,,0,ZAR,2026-08-28T11:00:00Z,,,2026-08-20T00:00:00Z
ocds-9t57fa-166258,RFQ143 AM (26/27),"National - Environment, Forestry and Fisheries",Gauteng,complete,['Supply of goods'],"[{'industry': 'Supply of goods', 'score': 1.0, 'reasons': [""text fuzzy-matches 'supply and delivery' (similarity 1.00)""]}]",False,,0,ZAR,2026-08-28T11:00:00Z,,,2026-08-20T00:00:00Z
ocds-9t57fa-166271,RFQ00034,Mining Qualifications Authority,Gauteng,complete,['Mining & resources'],"[{'industry': 'Mining & resources', 'score': 1.0, 'reasons': [""category field contains 'mining'""]}]",False,,0,ZAR,2026-08-28T11:00:00Z,,,2026-08-20T00:00:00Z
ocds-9t57fa-166278,N10/2026/2027,Thulamela Local Municipality,Limpopo,complete,['Supply of goods'],"[{'industry': 'Supply of goods', 'score': 1.0, 'reasons': [""text fuzzy-matches 'supply and delivery' (similarity 1.00)""]}]",False,,0,ZAR,2026-08-28T11:00:00Z,,,2026-08-20T00:00:00Z
ocds-9t57fa-166297,RFQ147(26/27),"National - Environment, Forestry and Fisheries",National,complete,['Other / uncategorised'],"[{'industry': 'Other / uncategorised', 'score': 0.0, 'reasons': []}]",False,,0,ZAR,2026-08-28T11:00:00Z,,,2026-08-20T00:00:00Z
ocds-9t57fa-166237,SC2692/2026,Overstrand Municipality,Western Cape,complete,['Professional & consulting services'],"[{'industry': 'Professional & consulting services', 'score': 1.0, 'reasons': [""category field contains 'consulting'""]}]",False,,0,ZAR,2026-08-28T12:00:00Z,,,2026-08-20T00:00:00Z
ocds-9t57fa-166260,SCM/MLM/34/26-27,Mnquma Local Municipality,Eastern Cape,complete,['Supply of goods'],"[{'industry': 'Supply of goods', 'score': 1.0, 'reasons': [""text fuzzy-matches 'supply and delivery' (similarity 1.00)""]}]",False,,0,ZAR,2026-08-28T12:00:00Z,,,2026-08-20T00:00:00Z
ocds-9t57fa-166265,SCM/MLM/23/26-27,Mnquma Local Municipality,Eastern Cape,complete,['Supply of goods'],"[{'industry': 'Supply of goods', 'score': 1.0, 'reasons': [""text fuzzy-matches 'supply and delivery' (similarity 1.00)""]}]",False,,0,ZAR,2026-08-28T12:00:00Z,,,2026-08-20T00:00:00Z
ocds-9t57fa-166268,SCM/MLM/10/26-27,Mnquma Local Municipality,Eastern Cape,complete,['Supply of goods'],"[{'industry': 'Supply of goods', 'score': 1.0, 'reasons': [""text fuzzy-matches 'supply and delivery' (similarity 1.00)""]}]",False,,0,ZAR,2026-08-28T12:00:00Z,,,2026-08-20T00:00:00Z
ocds-9t57fa-166275,RFQ/IT/2026/10253264/40,South African Broadcasting Corporation Limited,National,complete,['ICT & telecommunications'],"[{'industry': 'ICT & telecommunications', 'score': 1.0, 'reasons': [""text fuzzy-matches 'software' (similarity 1.00)""]}]",False,,0,ZAR,2026-08-28T12:00:00Z,,,2026-08-20T00:00:00Z
ocds-9t57fa-166350,SCM/MLM/14/26-27,Mnquma Local Municipality,Eastern Cape,complete,['Supply of goods'],"[{'industry': 'Supply of goods', 'score': 1.0, 'reasons': [""text fuzzy-matches 'supply and delivery' (similarity 1.00)""]}]",False,,0,ZAR,2026-08-28T12:00:00Z,,,2026-08-20T00:00:00Z
ocds-9t57fa-166353,SRVM RFQ 02/2027,Sundays River Valley Municipality,Eastern Cape,complete,['Professional & consulting services'],"[{'industry': 'Professional & consulting services', 'score': 1.0, 'reasons': [""category field contains 'consulting'""]}]",False,,0,ZAR,2026-08-28T12:00:00Z,,,2026-08-20T00:00:00Z
ocds-9t57fa-166376,RFP/2021/001472,Public Service Sector Education and Training Authority,Gauteng,complete,['Professional & consulting services'],"[{'industry': 'Professional & consulting services', 'score': 1.0, 'reasons': [""category field contains 'consulting'""]}]",False,,0,ZAR,2026-08-28T14:00:00Z,,,2026-08-20T00:00:00Z
ocds-9t57fa-166290,RFQ/OBP190/2026/27,Onderstepoort Biological Products Limited,Gauteng,complete,['Other / uncategorised'],"[{'industry': 'Other / uncategorised', 'score': 0.0, 'reasons': []}]",False,,0,ZAR,2026-08-28T16:00:00Z,,,2026-08-20T00:00:00Z
ocds-9t57fa-166377,RFP/2021/001473,Public Service Sector Education and Training Authority,Gauteng,complete,['Professional & consulting services'],"[{'industry': 'Professional & consulting services', 'score': 1.0, 'reasons': [""category field contains 'consulting'""]}]",False,,0,ZAR,2026-08-28T16:00:00Z,,,2026-08-20T00:00:00Z
ocds-9t57fa-166374,RFQ0001270,"National - Environment, Forestry and Fisheries",Western Cape,complete,['Supply of goods'],"[{'industry': 'Supply of goods', 'score': 0.97, 'reasons': [""text fuzzy-matches 'supply and delivery' (similarity 0.97)""]}]",False,,0,ZAR,2026-08-31T11:00:00Z,,,2026-08-20T00:00:00Z
ocds-9t57fa-166389,RFQ 4599/26,South African Weather Service,National,complete,['Other / uncategorised'],"[{'industry': 'Other / uncategorised', 'score': 0.0, 'reasons': []}]",False,,0,ZAR,2026-08-31T11:00:00Z,,,2026-08-20T00:00:00Z
ocds-9t57fa-166223,RFQ/FAC/26/27/112(1),"Manufacturing, Engineering and Related Services SETA (merSETA)",Mpumalanga,complete,"['Security services', 'Professional & consulting services']","[{'industry': 'Security services', 'score': 1.0, 'reasons': [""text fuzzy-matches 'security services' (similarity 1.00)""]}, {'industry': 'Professional & consulting services', 'score': 1.0, 'reasons': [""category field contains 'consulting'""]}]",False,,0,ZAR,2026-08-31T12:00:00Z,,,2026-08-20T00:00:00Z
ocds-9t57fa-166234,SCM/MLM/35/26-27,Mnquma Local Municipality,Eastern Cape,complete,"['Cleaning & facilities', 'Supply of goods']","[{'industry': 'Cleaning & facilities', 'score': 1.0, 'reasons': [""text fuzzy-matches 'landscaping' (similarity 1.00)""]}, {'industry': 'Supply of goods', 'score': 1.0, 'reasons': [""text fuzzy-matches 'supply and delivery' (similarity 1.00)""]}]",False,,0,ZAR,2026-08-31T12:00:00Z,,,2026-08-20T00:00:00Z
ocds-9t57fa-166266,SCM/MLM/07/26-27,Mnquma Local Municipality,Eastern Cape,complete,['Supply of goods'],"[{'industry': 'Supply of goods', 'score': 1.0, 'reasons': [""text fuzzy-matches 'supply and delivery' (similarity 1.00)""]}]",False,,0,ZAR,2026-08-31T12:00:00Z,,,2026-08-20T00:00:00Z
ocds-9t57fa-166272,SCM/MLM/05/26-27,Mnquma Local Municipality,Eastern Cape,complete,['Other / uncategorised'],"[{'industry': 'Other / uncategorised', 'score': 0.0, 'reasons': []}]",False,,0,ZAR,2026-08-31T12:00:00Z,,,2026-08-20T00:00:00Z
ocds-9t57fa-166286,SCM/MLM/31/26-27,Mnquma Local Municipality,Eastern Cape,complete,['Supply of goods'],"[{'industry': 'Supply of goods', 'score': 1.0, 'reasons': [""text fuzzy-matches 'supply and delivery' (similarity 1.00)""]}]",False,,0,ZAR,2026-08-31T12:00:00Z,,,2026-08-20T00:00:00Z
ocds-9t57fa-166215,Tax501,National Museum Bloemfontein,Free State,complete,['Professional & consulting services'],"[{'industry': 'Professional & consulting services', 'score': 1.0, 'reasons': [""category field contains 'consulting'""]}]",False,,0,ZAR,2026-08-31T15:00:00Z,,,2026-08-20T00:00:00Z
ocds-9t57fa-166369,RFQ GSM060/2026,South African Airways (Pty) Limited,National,complete,['Transport & logistics'],"[{'industry': 'Transport & logistics', 'score': 1.0, 'reasons': [""category field contains 'transport'""]}]",True,,0,ZAR,2026-08-31T16:00:00Z,,,2026-08-20T00:00:00Z
ocds-9t57fa-166304,RFQ/CITRUS/REMOVAL/2026/08,Perishable Products Export Control Board,Western Cape,complete,['Transport & logistics'],"[{'industry': 'Transport & logistics', 'score': 1.0, 'reasons': [""category field contains 'transport'""]}]",False,,0,ZAR,2026-09-01T11:00:00Z,,,2026-08-20T00:00:00Z
ocds-9t57fa-166307,RFQ 2026-008-021,National Lotteries Commission,Western Cape,complete,['Security services'],"[{'industry': 'Security services', 'score': 1.0, 'reasons': [""category field contains 'security services'""]}]",False,,0,ZAR,2026-09-01T11:00:00Z,,,2026-08-20T00:00:00Z
ocds-9t57fa-166324,RFQ 2026-008-022,National Lotteries Commission,Northern Cape,complete,['Security services'],"[{'industry': 'Security services', 'score': 1.0, 'reasons': [""category field contains 'security services'""]}]",False,,0,ZAR,2026-09-01T11:00:00Z,,,2026-08-20T00:00:00Z
ocds-9t57fa-166205,E2822GXGCDMEDR,ESKOM,Limpopo,complete,['Other / uncategorised'],"[{'industry': 'Other / uncategorised', 'score': 0.0, 'reasons': []}]",False,,0,ZAR,2026-09-02T10:00:00Z,,,2026-08-20T00:00:00Z
ocds-9t57fa-166248,RFQ062/2026,Artscape,Western Cape,complete,['Construction & civil'],"[{'industry': 'Construction & civil', 'score': 1.0, 'reasons': [""category field contains 'building'""]}]",False,,0,ZAR,2026-09-02T13:00:00Z,,,2026-08-20T00:00:00Z
ocds-9t57fa-165949,PSLE 04/2026,Drakenstein Municipality,Western Cape,complete,['Supply of goods'],"[{'industry': 'Supply of goods', 'score': 1.0, 'reasons': [""text fuzzy-matches 'supply and delivery' (similarity 1.00)""]}]",False,,0,ZAR,2026-09-03T10:00:00Z,,,2026-08-20T00:00:00Z
ocds-9t57fa-166330,WTE-0571 CS,Water and Sanitation,Western Cape,complete,"['Construction & civil', 'Supply of goods']","[{'industry': 'Construction & civil', 'score': 2.0, 'reasons': [""category field contains 'construction'"", ""text fuzzy-matches 'construction' (similarity 1.00)""]}, {'industry': 'Supply of goods', 'score': 1.0, 'reasons': [""text fuzzy-matches 'supply and delivery' (similarity 1.00)""]}]",False,,0,ZAR,2026-09-03T11:00:00Z,,,2026-08-20T00:00:00Z
ocds-9t57fa-166340,ATNS/RFQ02/08/2026/27/CSI-TABLETS ,Air Traffic and Navigation Services Company Limited,Gauteng,complete,['Supply of goods'],"[{'industry': 'Supply of goods', 'score': 1.0, 'reasons': [""text fuzzy-matches 'supply and delivery' (similarity 1.00)""]}]",False,,0,ZAR,2026-09-03T11:00:00Z,,,2026-08-20T00:00:00Z
ocds-9t57fa-166349,WTE-0573 CS,Water and Sanitation,Northern Cape,complete,"['Construction & civil', 'Supply of goods']","[{'industry': 'Construction & civil', 'score': 2.0, 'reasons': [""category field contains 'construction'"", ""text fuzzy-matches 'construction' (similarity 1.00)""]}, {'industry': 'Supply of goods', 'score': 1.0, 'reasons': [""text fuzzy-matches 'supply and delivery' (similarity 1.00)""]}]",False,,0,ZAR,2026-09-03T11:00:00Z,,,2026-08-20T00:00:00Z
ocds-9t57fa-166253,QUOTATION 8/2/48-2026 / MN196-2026,Bergrivier - WC Local Municipality,Western Cape,complete,"['Construction & civil', 'Professional & consulting services', 'Supply of goods']","[{'industry': 'Construction & civil', 'score': 1.0, 'reasons': [""text fuzzy-matches 'building' (similarity 1.00)""]}, {'industry': 'Professional & consulting services', 'score': 1.0, 'reasons': [""category field contains 'consulting'""]}, {'industry': 'Supply of goods', 'score': 1.0, 'reasons': [""text fuzzy-matches 'supply and delivery' (similarity 1.00)""]}]",False,,0,ZAR,2026-09-03T12:00:00Z,,,2026-08-20T00:00:00Z
ocds-9t57fa-166264,RFQ 890/RSK/02/2026,South African Forestry Company Limited,Mpumalanga,complete,['Security services'],"[{'industry': 'Security services', 'score': 1.0, 'reasons': [""text fuzzy-matches 'security services' (similarity 1.00)""]}]",False,,0,ZAR,2026-09-03T12:00:00Z,,,2026-08-20T00:00:00Z
ocds-9t57fa-166206,SMT06-26-27,Swellendam Municipality,Western Cape,complete,['Other / uncategorised'],"[{'industry': 'Other / uncategorised', 'score': 0.0, 'reasons': []}]",False,,0,ZAR,2026-09-04T11:00:00Z,,,2026-08-20T00:00:00Z
ocds-9t57fa-166222,KZNQ21/DSD/2026/27,Kwazulu Natal - Social Development,KwaZulu-Natal,complete,['Other / uncategorised'],"[{'industry': 'Other / uncategorised', 'score': 0.0, 'reasons': []}]",False,,0,ZAR,2026-09-04T11:00:00Z,,,2026-08-20T00:00:00Z
ocds-9t57fa-166284,KZNQ22/DSD/2026/27,Kwazulu Natal - Social Development,KwaZulu-Natal,complete,['Other / uncategorised'],"[{'industry': 'Other / uncategorised', 'score': 0.0, 'reasons': []}]",False,,0,ZAR,2026-09-04T11:00:00Z,,,2026-08-20T00:00:00Z
ocds-9t57fa-166321,KZNQ20/DSD/2026/27,Kwazulu Natal - Social Development,KwaZulu-Natal,complete,['Other / uncategorised'],"[{'industry': 'Other / uncategorised', 'score': 0.0, 'reasons': []}]",False,,0,ZAR,2026-09-04T11:00:00Z,,,2026-08-20T00:00:00Z
ocds-9t57fa-166375,RFP09 2026-2027 ,National Film and Video Foundation of South Africa,Gauteng,complete,['Other / uncategorised'],"[{'industry': 'Other / uncategorised', 'score': 0.0, 'reasons': []}]",False,,0,ZAR,2026-09-04T11:00:00Z,,,2026-08-20T00:00:00Z
ocds-9t57fa-166394,RQN00000220112,Commission for Conciliation Mediation & Arbitration,Gauteng,complete,['Professional & consulting services'],"[{'industry': 'Professional & consulting services', 'score': 1.0, 'reasons': [""category field contains 'consulting'""]}]",False,,0,ZAR,2026-09-04T11:00:00Z,,,2026-08-20T00:00:00Z
ocds-9t57fa-166259,MN07/2026-27,Emadlangeni Local Municipality,KwaZulu-Natal,complete,['Other / uncategorised'],"[{'industry': 'Other / uncategorised', 'score': 0.0, 'reasons': []}]",False,,0,ZAR,2026-09-04T12:00:00Z,,,2026-08-20T00:00:00Z
ocds-9t57fa-166301,RFQKLF/512/2026,South African Forestry Company Limited,Mpumalanga,complete,['Security services'],"[{'industry': 'Security services', 'score': 1.0, 'reasons': [""text fuzzy-matches 'security services' (similarity 1.00)""]}]",False,,0,ZAR,2026-09-04T12:00:00Z,,,2026-08-20T00:00:00Z
ocds-9t57fa-166303,RFQ/890/104/2026,South African Forestry Company Limited,Mpumalanga,complete,['Security services'],"[{'industry': 'Security services', 'score': 1.0, 'reasons': [""text fuzzy-matches 'security services' (similarity 1.00)""]}]",False,,0,ZAR,2026-09-04T12:00:00Z,,,2026-08-20T00:00:00Z
ocds-9t57fa-166364,GMQ001/26-27,George Municipality,Western Cape,complete,['Other / uncategorised'],"[{'industry': 'Other / uncategorised', 'score': 0.0, 'reasons': []}]",False,,0,ZAR,2026-09-04T12:00:00Z,,,2026-08-20T00:00:00Z
ocds-9t57fa-166371,TLM04/2026/27,Thembelihle Local Municipality,Northern Cape,complete,['Electrical'],"[{'industry': 'Electrical', 'score': 2.0, 'reasons': [""category field contains 'electrical'"", ""text fuzzy-matches 'substation' (similarity 1.00)""]}]",False,,0,ZAR,2026-09-04T12:00:00Z,,,2026-08-20T00:00:00Z
ocds-9t57fa-166255,iCLM PE 847 TPT,Transnet SOC Ltd,Eastern Cape,complete,['Other / uncategorised'],"[{'industry': 'Other / uncategorised', 'score': 0.0, 'reasons': []}]",False,,0,ZAR,2026-09-04T16:00:00Z,,,2026-08-20T00:00:00Z
ocds-9t57fa-166041,SCD3701/2026,Overstrand Municipality,Western Cape,active,['Other / uncategorised'],"[{'industry': 'Other / uncategorised', 'score': 0.0, 'reasons': []}]",False,,0,ZAR,2026-08-20T11:00:00Z,,3000000.0,2026-08-19T00:00:00Z
ocds-9t57fa-168957,BS/2026/DEV 005,Banking Sector Education and Training Authority,Gauteng,active,['Professional & consulting services'],"[{'industry': 'Professional & consulting services', 'score': 1.0, 'reasons': [""category field contains 'consulting'""]}]",False,,0,ZAR,2026-08-20T11:00:00Z,,5182380.0,2026-08-19T00:00:00Z
ocds-9t57fa-169213,Dev 07 /2026,Gauteng - Co-operative Governance & Traditional Affairs (COGTA),National,active,['Professional & consulting services'],"[{'industry': 'Professional & consulting services', 'score': 1.0, 'reasons': [""category field contains 'consulting'""]}]",False,,0,ZAR,2026-08-28T11:00:00Z,,17250.0,2026-08-19T00:00:00Z
ocds-9t57fa-166069,RFQ2026-008-020,National Lotteries Commission,Eastern Cape,complete,['Other / uncategorised'],"[{'industry': 'Other / uncategorised', 'score': 0.0, 'reasons': []}]",False,,0,ZAR,2026-08-21T11:00:00Z,,,2026-08-19T00:00:00Z
ocds-9t57fa-166161,C044A2708RFQ00133,Border Management Authority,National,complete,['Supply of goods'],"[{'industry': 'Supply of goods', 'score': 1.0, 'reasons': [""text fuzzy-matches 'supply and delivery' (similarity 1.00)""]}]",False,,0,ZAR,2026-08-21T11:00:00Z,,,2026-08-19T00:00:00Z
ocds-9t57fa-166111,PR000 SAF-RM-08-13 - Rev2 - Rewind motor ,South African Nuclear Energy Corporation Limited,North West,complete,['Other / uncategorised'],"[{'industry': 'Other / uncategorised', 'score': 0.0, 'reasons': []}]",False,,0,ZAR,2026-08-21T12:00:00Z,,,2026-08-19T00:00:00Z
ocds-9t57fa-166142,PR00074222 - ASME III Material,South African Nuclear Energy Corporation Limited,North West,complete,['Other / uncategorised'],"[{'industry': 'Other / uncategorised', 'score': 0.0, 'reasons': []}]",False,,0,ZAR,2026-08-21T12:00:00Z,,,2026-08-19T00:00:00Z
ocds-9t57fa-166164,PR00074240 - RFQ - ISO 9001 Certification,South African Nuclear Energy Corporation Limited,North West,complete,['Other / uncategorised'],"[{'industry': 'Other / uncategorised', 'score': 0.0, 'reasons': []}]",False,,0,ZAR,2026-08-21T17:00:00Z,,,2026-08-19T00:00:00Z
ocds-9t57fa-166170,IM0792026,Tourism,Gauteng,complete,['Other / uncategorised'],"[{'industry': 'Other / uncategorised', 'score': 0.0, 'reasons': []}]",False,,0,ZAR,2026-08-24T09:00:00Z,,,2026-08-19T00:00:00Z
ocds-9t57fa-166171,IM1432026,Tourism,Gauteng,complete,['Professional & consulting services'],"[{'industry': 'Professional & consulting services', 'score': 1.0, 'reasons': [""category field contains 'consulting'""]}]",False,,0,ZAR,2026-08-24T09:00:00Z,,,2026-08-19T00:00:00Z
ocds-9t57fa-166172,IM1452026,Tourism,Gauteng,complete,['Other / uncategorised'],"[{'industry': 'Other / uncategorised', 'score': 0.0, 'reasons': []}]",False,,0,ZAR,2026-08-24T09:00:00Z,,,2026-08-19T00:00:00Z
ocds-9t57fa-166173,IM442026,Tourism,Gauteng,complete,['Other / uncategorised'],"[{'industry': 'Other / uncategorised', 'score': 0.0, 'reasons': []}]",False,,0,ZAR,2026-08-24T09:00:00Z,,,2026-08-19T00:00:00Z
ocds-9t57fa-166175,IM1092026,Tourism,Gauteng,complete,['Other / uncategorised'],"[{'industry': 'Other / uncategorised', 'score': 0.0, 'reasons': []}]",False,,0,ZAR,2026-08-24T09:00:00Z,,,2026-08-19T00:00:00Z
ocds-9t57fa-166176,IM1072026,Tourism,Gauteng,complete,['Other / uncategorised'],"[{'industry': 'Other / uncategorised', 'score': 0.0, 'reasons': []}]",False,,0,ZAR,2026-08-24T09:00:00Z,,,2026-08-19T00:00:00Z
ocds-9t57fa-166177,IM1332026,Tourism,Gauteng,complete,['Other / uncategorised'],"[{'industry': 'Other / uncategorised', 'score': 0.0, 'reasons': []}]",False,,0,ZAR,2026-08-24T09:00:00Z,,,2026-08-19T00:00:00Z
ocds-9t57fa-166178,IM1382026,Tourism,Gauteng,complete,['Supply of goods'],"[{'industry': 'Supply of goods', 'score': 1.0, 'reasons': [""category field contains 'stationery'""]}]",False,,0,ZAR,2026-08-24T09:00:00Z,,,2026-08-19T00:00:00Z
ocds-9t57fa-166179,IM1852026,Tourism,Gauteng,complete,['Supply of goods'],"[{'industry': 'Supply of goods', 'score': 1.0, 'reasons': [""category field contains 'stationery'""]}]",False,,0,ZAR,2026-08-24T09:00:00Z,,,2026-08-19T00:00:00Z
ocds-9t57fa-166180,M1742026,Tourism,Gauteng,complete,['Other / uncategorised'],"[{'industry': 'Other / uncategorised', 'score': 0.0, 'reasons': []}]",False,,0,ZAR,2026-08-24T09:00:00Z,,,2026-08-19T00:00:00Z
ocds-9t57fa-166181,IM1222026,Tourism,Gauteng,complete,['Other / uncategorised'],"[{'industry': 'Other / uncategorised', 'score': 0.0, 'reasons': []}]",False,,0,ZAR,2026-08-24T09:00:00Z,,,2026-08-19T00:00:00Z
ocds-9t57fa-166182,IM1842026,Tourism,Gauteng,complete,['Other / uncategorised'],"[{'industry': 'Other / uncategorised', 'score': 0.0, 'reasons': []}]",False,,0,ZAR,2026-08-24T09:00:00Z,,,2026-08-19T00:00:00Z
ocds-9t57fa-166183,IM0942026,Tourism,Gauteng,complete,['Other / uncategorised'],"[{'industry': 'Other / uncategorised', 'score': 0.0, 'reasons': []}]",False,,0,ZAR,2026-08-24T09:00:00Z,,,2026-08-19T00:00:00Z
ocds-9t57fa-166184,IM1502026,Tourism,Gauteng,complete,['Supply of goods'],"[{'industry': 'Supply of goods', 'score': 1.0, 'reasons': [""category field contains 'stationery'""]}]",False,,0,ZAR,2026-08-24T09:00:00Z,,,2026-08-19T00:00:00Z
ocds-9t57fa-166185,IM1062026,Tourism,Gauteng,complete,['Other / uncategorised'],"[{'industry': 'Other / uncategorised', 'score': 0.0, 'reasons': []}]",False,,0,ZAR,2026-08-24T09:00:00Z,,,2026-08-19T00:00:00Z
ocds-9t57fa-166186,IM1652026,Tourism,Gauteng,complete,['Other / uncategorised'],"[{'industry': 'Other / uncategorised', 'score': 0.0, 'reasons': []}]",False,,0,ZAR,2026-08-24T09:00:00Z,,,2026-08-19T00:00:00Z
ocds-9t57fa-166187,IM1662026,Tourism,Gauteng,complete,['Other / uncategorised'],"[{'industry': 'Other / uncategorised', 'score': 0.0, 'reasons': []}]",False,,0,ZAR,2026-08-24T09:00:00Z,,,2026-08-19T00:00:00Z
ocds-9t57fa-166189,IM1212026,Tourism,Gauteng,complete,['Other / uncategorised'],"[{'industry': 'Other / uncategorised', 'score': 0.0, 'reasons': []}]",False,,0,ZAR,2026-08-24T09:00:00Z,,,2026-08-19T00:00:00Z
ocds-9t57fa-166099,RFQ 19-08-2026,National Arts Council of South Africa,Gauteng,complete,"['Electrical', 'Construction & civil']","[{'industry': 'Electrical', 'score': 2.0, 'reasons': [""category field contains 'electrical'"", ""text fuzzy-matches 'electrical' (similarity 1.00)""]}, {'industry': 'Construction & civil', 'score': 1.0, 'reasons': [""text fuzzy-matches 'building' (similarity 1.00)""]}]",False,,0,ZAR,2026-08-25T11:00:00Z,,,2026-08-19T00:00:00Z
ocds-9t57fa-166144,iLABS/RFQ 2026/27/157,National Research Foundation,Gauteng,complete,"['Professional & consulting services', 'Supply of goods']","[{'industry': 'Professional & consulting services', 'score': 1.0, 'reasons': [""category field contains 'consulting'""]}, {'industry': 'Supply of goods', 'score': 1.0, 'reasons': [""text fuzzy-matches 'supply and delivery' (similarity 1.00)""]}]",False,,0,ZAR,2026-08-25T11:00:00Z,,,2026-08-19T00:00:00Z
ocds-9t57fa-166038,SCM2027-001,Kagisano-Molopo Local Municiality,North West,complete,['Construction & civil'],"[{'industry': 'Construction & civil', 'score': 2.0, 'reasons': [""category field contains 'building'"", ""text fuzzy-matches 'renovation' (similarity 1.00)""]}]",False,,0,ZAR,2026-08-25T12:00:00Z,,,2026-08-19T00:00:00Z
ocds-9t57fa-166043,SCM2027-002,Kagisano-Molopo Local Municiality,North West,complete,['Construction & civil'],"[{'industry': 'Construction & civil', 'score': 2.0, 'reasons': [""category field contains 'building'"", ""text fuzzy-matches 'building' (similarity 1.00)""]}]",False,,0,ZAR,2026-08-25T12:00:00Z,,,2026-08-19T00:00:00Z
ocds-9t57fa-166044,SCM2027-003,Kagisano-Molopo Local Municiality,North West,complete,['Construction & civil'],"[{'industry': 'Construction & civil', 'score': 2.0, 'reasons': [""category field contains 'building'"", ""text fuzzy-matches 'renovation' (similarity 1.00)""]}]",False,,0,ZAR,2026-08-25T12:00:00Z,,,2026-08-19T00:00:00Z
ocds-9t57fa-166045,SCM2027-004,Kagisano-Molopo Local Municiality,North West,complete,['Construction & civil'],"[{'industry': 'Construction & civil', 'score': 2.0, 'reasons': [""category field contains 'building'"", ""text fuzzy-matches 'renovation' (similarity 1.00)""]}]",False,,0,ZAR,2026-08-25T12:00:00Z,,,2026-08-19T00:00:00Z
ocds-9t57fa-166046,SCM2027-005,Kagisano-Molopo Local Municiality,North West,complete,['Construction & civil'],"[{'industry': 'Construction & civil', 'score': 1.0, 'reasons': [""text fuzzy-matches 'renovation' (similarity 1.00)""]}]",False,,0,ZAR,2026-08-25T12:00:00Z,,,2026-08-19T00:00:00Z
ocds-9t57fa-166047,SCM2027-006,Kagisano-Molopo Local Municiality,North West,complete,['Construction & civil'],"[{'industry': 'Construction & civil', 'score': 2.0, 'reasons': [""category field contains 'building'"", ""text fuzzy-matches 'renovation' (similarity 1.00)""]}]",False,,0,ZAR,2026-08-25T12:00:00Z,,,2026-08-19T00:00:00Z
ocds-9t57fa-166048,SCM2027-007,Kagisano-Molopo Local Municiality,North West,complete,['Construction & civil'],"[{'industry': 'Construction & civil', 'score': 2.0, 'reasons': [""category field contains 'building'"", ""text fuzzy-matches 'renovation' (similarity 1.00)""]}]",False,,0,ZAR,2026-08-25T12:00:00Z,,,2026-08-19T00:00:00Z
ocds-9t57fa-166051,EWSETA/RFQ029/2026-27,Energy and Water Sector Education and Training Authority,Gauteng,complete,['Other / uncategorised'],"[{'industry': 'Other / uncategorised', 'score': 0.0, 'reasons': []}]",True,,0,ZAR,2026-08-25T13:00:00Z,,,2026-08-19T00:00:00Z
ocds-9t57fa-166053,T2026/07,Amajuba District Municipality,KwaZulu-Natal,complete,['Other / uncategorised'],"[{'industry': 'Other / uncategorised', 'score': 0.0, 'reasons': []}]",False,,0,ZAR,2026-08-26T09:00:00Z,,,2026-08-19T00:00:00Z
ocds-9t57fa-166202,COJ0001-26/27,City Council of Johannesburg,Gauteng,complete,['Other / uncategorised'],"[{'industry': 'Other / uncategorised', 'score': 0.0, 'reasons': []}]",False,,0,ZAR,2026-08-26T10:30:00Z,,,2026-08-19T00:00:00Z
ocds-9t57fa-166055,RFP/2021/001457,Public Service Sector Education and Training Authority,Gauteng,complete,['Professional & consulting services'],"[{'industry': 'Professional & consulting services', 'score': 1.0, 'reasons': [""category field contains 'consulting'""]}]",False,,0,ZAR,2026-08-26T11:00:00Z,,,2026-08-19T00:00:00Z
ocds-9t57fa-166089,EHCINS/08/2026,Ekurhuieni Housing Company,Gauteng,complete,['Other / uncategorised'],"[{'industry': 'Other / uncategorised', 'score': 0.0, 'reasons': []}]",False,,0,ZAR,2026-08-26T11:00:00Z,,,2026-08-19T00:00:00Z
ocds-9t57fa-166097,PR4604,City of Johannesburg - Metro Bus,Gauteng,complete,['ICT & telecommunications'],"[{'industry': 'ICT & telecommunications', 'score': 1.0, 'reasons': [""text fuzzy-matches 'software' (similarity 1.00)""]}]",False,,0,ZAR,2026-08-26T11:00:00Z,,,2026-08-19T00:00:00Z
ocds-9t57fa-166124,H004L2708RFQ00138,Border Management Authority,National,complete,['Professional & consulting services'],"[{'industry': 'Professional & consulting services', 'score': 1.0, 'reasons': [""category field contains 'consulting'""]}]",False,,0,ZAR,2026-08-26T11:00:00Z,,,2026-08-19T00:00:00Z
ocds-9t57fa-166128,OPS/AUG/2026/10,Limpopo - Gateway Airport Authority Limited,Limpopo,complete,['ICT & telecommunications'],"[{'industry': 'ICT & telecommunications', 'score': 0.89, 'reasons': [""text fuzzy-matches 'fibre' (similarity 0.89)""]}]",False,,0,ZAR,2026-08-26T11:00:00Z,,,2026-08-19T00:00:00Z
ocds-9t57fa-166132,ATNS/RFQ/03/2026/56/COSEC Board Back Pack Re Adver,Air Traffic and Navigation Services Company Limited,Gauteng,complete,['Supply of goods'],"[{'industry': 'Supply of goods', 'score': 1.0, 'reasons': [""text fuzzy-matches 'supply and delivery' (similarity 1.00)""]}]",False,,0,ZAR,2026-08-26T11:00:00Z,,,2026-08-19T00:00:00Z
ocds-9t57fa-166204,RAF/2026/00053,Road Accident Fund,National,complete,['Other / uncategorised'],"[{'industry': 'Other / uncategorised', 'score': 0.0, 'reasons': []}]",False,,0,ZAR,2026-08-26T11:00:00Z,,,2026-08-19T00:00:00Z
ocds-9t57fa-166035,RFQ 12832,NATIONAL METROLOGY INSTITUTE OF SOUTH AFRICA,Gauteng,complete,['Professional & consulting services'],"[{'industry': 'Professional & consulting services', 'score': 1.0, 'reasons': [""category field contains 'consulting'""]}]",False,,0,ZAR,2026-08-26T12:00:00Z,,,2026-08-19T00:00:00Z
ocds-9t57fa-166060,RFQ11/08/2026,Enoch Mgijima Local Municipality,Eastern Cape,complete,['Supply of goods'],"[{'industry': 'Supply of goods', 'score': 0.97, 'reasons': [""text fuzzy-matches 'supply and delivery' (similarity 0.97)""]}]",False,,0,ZAR,2026-08-26T12:00:00Z,,,2026-08-19T00:00:00Z
ocds-9t57fa-166064,RFQ12/08/2026,Enoch Mgijima Local Municipality,Eastern Cape,complete,['Other / uncategorised'],"[{'industry': 'Other / uncategorised', 'score': 0.0, 'reasons': []}]",False,,0,ZAR,2026-08-26T12:00:00Z,,,2026-08-19T00:00:00Z
ocds-9t57fa-166091,JCPZ/RFQ/LAD05/2026,Johannesburg City Parks and Zoo,National,complete,['Other / uncategorised'],"[{'industry': 'Other / uncategorised', 'score': 0.0, 'reasons': []}]",False,,0,ZAR,2026-08-26T12:00:00Z,,,2026-08-19T00:00:00Z
ocds-9t57fa-166116,FQ 16/2026,Kannaland Municipality,Western Cape,complete,['Supply of goods'],"[{'industry': 'Supply of goods', 'score': 1.0, 'reasons': [""text fuzzy-matches 'supply and delivery' (similarity 1.00)""]}]",False,,0,ZAR,2026-08-26T12:00:00Z,,,2026-08-19T00:00:00Z
ocds-9t57fa-166120,RFQ 17 OF 2026,Nelson Mandela National Museum,Eastern Cape,complete,['Construction & civil'],"[{'industry': 'Construction & civil', 'score': 0.94, 'reasons': [""text fuzzy-matches 'building' (similarity 0.94)""]}]",False,,0,ZAR,2026-08-26T12:00:00Z,,,2026-08-19T00:00:00Z
ocds-9t57fa-166196,QUOTATION 8/2/45-2026 / (MN194-2026),Bergrivier - WC Local Municipality,Western Cape,complete,"['Professional & consulting services', 'Agriculture', 'Supply of goods', 'Mechanical & HVAC']","[{'industry': 'Professional & consulting services', 'score': 1.0, 'reasons': [""category field contains 'consulting'""]}, {'industry': 'Agriculture', 'score': 1.0, 'reasons': [""text fuzzy-matches 'irrigation' (similarity 1.00)""]}, {'industry': 'Supply of goods', 'score': 1.0, 'reasons': [""text fuzzy-matches 'supply and delivery' (similarity 1.00)""]}, {'industry': 'Mechanical & HVAC', 'score': 0.89, 'reasons': [""text fuzzy-matches 'pump' (similarity 0.89)""]}]",False,,0,ZAR,2026-08-26T12:00:00Z,,,2026-08-19T00:00:00Z
ocds-9t57fa-166112,RFQ 012211,NATIONAL METROLOGY INSTITUTE OF SOUTH AFRICA,Gauteng,complete,['Professional & consulting services'],"[{'industry': 'Professional & consulting services', 'score': 1.0, 'reasons': [""category field contains 'consulting'""]}]",False,,0,ZAR,2026-08-26T14:00:00Z,,,2026-08-19T00:00:00Z
ocds-9t57fa-166059,SCMU3-P26/27-0627-CH,Eastern Cape - Health,Eastern Cape,complete,['Professional & consulting services'],"[{'industry': 'Professional & consulting services', 'score': 1.0, 'reasons': [""category field contains 'consulting'""]}]",False,,0,ZAR,2026-08-27T11:00:00Z,,,2026-08-19T00:00:00Z
ocds-9t57fa-166039,3/1/001/2026-27,Moqhaka Local Municipality,Free State,complete,['Supply of goods'],"[{'industry': 'Supply of goods', 'score': 1.0, 'reasons': [""text fuzzy-matches 'supply and delivery' (similarity 1.00)""]}]",False,,0,ZAR,2026-08-27T12:00:00Z,,,2026-08-19T00:00:00Z
ocds-9t57fa-166040,3/1/002/2026-27,Moqhaka Local Municipality,Free State,complete,['Supply of goods'],"[{'industry': 'Supply of goods', 'score': 1.0, 'reasons': [""text fuzzy-matches 'supply and delivery' (similarity 1.00)""]}]",False,,0,ZAR,2026-08-27T12:00:00Z,,,2026-08-19T00:00:00Z
ocds-9t57fa-166052,VCW27/015,Vaal Central Water,Free State,complete,['Professional & consulting services'],"[{'industry': 'Professional & consulting services', 'score': 1.0, 'reasons': [""category field contains 'consulting'""]}]",False,,0,ZAR,2026-08-27T12:00:00Z,,,2026-08-19T00:00:00Z
ocds-9t57fa-166054,VCW27/014,Vaal Central Water,Free State,complete,['Professional & consulting services'],"[{'industry': 'Professional & consulting services', 'score': 1.0, 'reasons': [""category field contains 'consulting'""]}]",False,,0,ZAR,2026-08-27T12:00:00Z,,,2026-08-19T00:00:00Z
ocds-9t57fa-166058,VCW27/011,Vaal Central Water,Free State,complete,['Professional & consulting services'],"[{'industry': 'Professional & consulting services', 'score': 1.0, 'reasons': [""category field contains 'consulting'""]}]",False,,0,ZAR,2026-08-27T12:00:00Z,,,2026-08-19T00:00:00Z
ocds-9t57fa-166065,VCW27/010,Vaal Central Water,Free State,complete,['Professional & consulting services'],"[{'industry': 'Professional & consulting services', 'score': 1.0, 'reasons': [""category field contains 'consulting'""]}]",False,,0,ZAR,2026-08-27T12:00:00Z,,,2026-08-19T00:00:00Z
ocds-9t57fa-166070,VCW27/012,Vaal Central Water,Free State,complete,['Professional & consulting services'],"[{'industry': 'Professional & consulting services', 'score': 1.0, 'reasons': [""category field contains 'consulting'""]}]",False,,0,ZAR,2026-08-27T12:00:00Z,,,2026-08-19T00:00:00Z
ocds-9t57fa-166102,ECR/CS/01/08/2026,Passenger Rail Agency of South Africa,Eastern Cape,complete,['Supply of goods'],"[{'industry': 'Supply of goods', 'score': 1.0, 'reasons': [""text fuzzy-matches 'supply and delivery' (similarity 1.00)""]}]",False,,0,ZAR,2026-08-27T12:00:00Z,,,2026-08-19T00:00:00Z
ocds-9t57fa-166139,Q2026/08,Amajuba District Municipality,KwaZulu-Natal,complete,"['Professional & consulting services', 'Supply of goods']","[{'industry': 'Professional & consulting services', 'score': 1.0, 'reasons': [""category field contains 'consulting'""]}, {'industry': 'Supply of goods', 'score': 1.0, 'reasons': [""text fuzzy-matches 'supply and delivery' (similarity 1.00)""]}]",False,,0,ZAR,2026-08-27T12:00:00Z,,,2026-08-19T00:00:00Z
ocds-9t57fa-166174,IHLM/17/2026-27/ECON,Ingquza Hill Local Municipality,Eastern Cape,complete,['Supply of goods'],"[{'industry': 'Supply of goods', 'score': 1.0, 'reasons': [""text fuzzy-matches 'supply and delivery' (similarity 1.00)""]}]",False,,0,ZAR,2026-08-27T12:00:00Z,,,2026-08-19T00:00:00Z
ocds-9t57fa-166154,RFQ/008/2026/27,BRAND RSA,Gauteng,complete,['Professional & consulting services'],"[{'industry': 'Professional & consulting services', 'score': 1.0, 'reasons': [""category field contains 'consulting'""]}]",False,,0,ZAR,2026-08-28T06:00:00Z,,,2026-08-19T00:00:00Z
ocds-9t57fa-166034,ECR/F/11/07/2026,Passenger Rail Agency of South Africa,Eastern Cape,complete,['Other / uncategorised'],"[{'industry': 'Other / uncategorised', 'score': 0.0, 'reasons': []}]",False,,0,ZAR,2026-08-28T12:00:00Z,,,2026-08-19T00:00:00Z
ocds-9t57fa-166081,FIN06/08/2026,Maluti Tvet College,Free State,complete,['Professional & consulting services'],"[{'industry': 'Professional & consulting services', 'score': 1.0, 'reasons': [""category field contains 'consulting'""]}]",False,,0,ZAR,2026-08-28T13:00:00Z,,,2026-08-19T00:00:00Z
ocds-9t57fa-166167,NWPTB/RFP/MERGER/005/2026,North West - North West Parks and Tourism Board,North West,complete,['Other / uncategorised'],"[{'industry': 'Other / uncategorised', 'score': 0.0, 'reasons': []}]",False,,0,ZAR,2026-08-28T14:00:00Z,,,2026-08-19T00:00:00Z
ocds-9t57fa-166152,RFQ/018/2026/27,BRAND RSA,Gauteng,complete,['Professional & consulting services'],"[{'industry': 'Professional & consulting services', 'score': 1.0, 'reasons': [""category field contains 'consulting'""]}]",False,,0,ZAR,2026-08-28T16:00:00Z,,,2026-08-19T00:00:00Z
ocds-9t57fa-166136,RFQ 4246b/26,South African Weather Service,Gauteng,complete,['ICT & telecommunications'],"[{'industry': 'ICT & telecommunications', 'score': 2.0, 'reasons': [""category field contains 'telecommunications'"", ""text fuzzy-matches 'network' (similarity 1.00)""]}]",False,,0,ZAR,2026-08-31T11:00:00Z,,,2026-08-19T00:00:00Z
ocds-9t57fa-166160,PR10117479,Road Accident Fund,Gauteng,complete,"['Professional & consulting services', 'Construction & civil']","[{'industry': 'Professional & consulting services', 'score': 1.0, 'reasons': [""category field contains 'consulting'""]}, {'industry': 'Construction & civil', 'score': 0.89, 'reasons': [""text fuzzy-matches 'roads' (similarity 0.89)""]}]",False,,0,ZAR,2026-08-31T11:00:00Z,,,2026-08-19T00:00:00Z
ocds-9t57fa-166138,PRA/LDPT/BREAKDOWN/07/2026,Passenger Rail Agency of South Africa,National,complete,['Transport & logistics'],"[{'industry': 'Transport & logistics', 'score': 1.0, 'reasons': [""text fuzzy-matches 'fleet' (similarity 1.00)""]}]",False,,0,ZAR,2026-08-31T12:00:00Z,,,2026-08-19T00:00:00Z
ocds-9t57fa-166168,RFQ2026/21,SOUTH AFRICAN SPECIAL RISKS INSURANCE ASSOCIATION (Sasria Soc Ltd),Gauteng,complete,['Professional & consulting services'],"[{'industry': 'Professional & consulting services', 'score': 1.0, 'reasons': [""category field contains 'consulting'""]}]",False,,0,ZAR,2026-08-31T12:00:00Z,,,2026-08-19T00:00:00Z
ocds-9t57fa-166188,RE- 8/2/1/628,Abaqulusi Local Municipality,KwaZulu-Natal,complete,['Other / uncategorised'],"[{'industry': 'Other / uncategorised', 'score': 0.0, 'reasons': []}]",False,,0,ZAR,2026-08-31T12:00:00Z,,,2026-08-19T00:00:00Z
ocds-9t57fa-166190,8/2/1/633,Abaqulusi Local Municipality,KwaZulu-Natal,complete,['Other / uncategorised'],"[{'industry': 'Other / uncategorised', 'score': 0.0, 'reasons': []}]",False,,0,ZAR,2026-08-31T12:00:00Z,,,2026-08-19T00:00:00Z
ocds-9t57fa-166191,8/2/1/635,Abaqulusi Local Municipality,KwaZulu-Natal,complete,['Other / uncategorised'],"[{'industry': 'Other / uncategorised', 'score': 0.0, 'reasons': []}]",False,,0,ZAR,2026-08-31T12:00:00Z,,,2026-08-19T00:00:00Z
ocds-9t57fa-166192,8/2/1/636,Abaqulusi Local Municipality,KwaZulu-Natal,complete,['Other / uncategorised'],"[{'industry': 'Other / uncategorised', 'score': 0.0, 'reasons': []}]",False,,0,ZAR,2026-08-31T12:00:00Z,,,2026-08-19T00:00:00Z
ocds-9t57fa-166197,8/2/1/634,Abaqulusi Local Municipality,KwaZulu-Natal,complete,['Other / uncategorised'],"[{'industry': 'Other / uncategorised', 'score': 0.0, 'reasons': []}]",False,,0,ZAR,2026-08-31T12:00:00Z,,,2026-08-19T00:00:00Z
ocds-9t57fa-166110,TE/2026/08/3440/10271/RFQ,Transnet SOC Ltd,KwaZulu-Natal,complete,['Other / uncategorised'],"[{'industry': 'Other / uncategorised', 'score': 0.0, 'reasons': []}]",False,,0,ZAR,2026-08-31T16:00:00Z,,,2026-08-19T00:00:00Z
ocds-9t57fa-166095,PLMT 25-26/03 INTENSION,Phumelela Local Municipality,Free State,complete,['Construction & civil'],"[{'industry': 'Construction & civil', 'score': 1.0, 'reasons': [""category field contains 'construction'""]}]",False,,0,ZAR,2026-08-31T16:30:00Z,,,2026-08-19T00:00:00Z
ocds-9t57fa-166129,RFQ/CITRUS-AIRCONREMOVAL/2026/08,Perishable Products Export Control Board,Western Cape,complete,"['Electrical', 'Mechanical & HVAC']","[{'industry': 'Electrical', 'score': 1.0, 'reasons': [""category field contains 'electrical'""]}, {'industry': 'Mechanical & HVAC', 'score': 1.0, 'reasons': [""text fuzzy-matches 'air conditioning' (similarity 1.00)""]}]",False,,0,ZAR,2026-09-01T11:00:00Z,,,2026-08-19T00:00:00Z
ocds-9t57fa-166103, HSRC E34782,Human Sciences Research Council,National,complete,['Other / uncategorised'],"[{'industry': 'Other / uncategorised', 'score': 0.0, 'reasons': []}]",False,,0,ZAR,2026-09-01T16:30:00Z,,,2026-08-19T00:00:00Z
ocds-9t57fa-166066,ATNS/RFQ01/08/2026/27/CSI-BRANDED UNISEX BICYCLES,Air Traffic and Navigation Services Company Limited,National,complete,['Supply of goods'],"[{'industry': 'Supply of goods', 'score': 1.0, 'reasons': [""text fuzzy-matches 'supply and delivery' (similarity 1.00)""]}]",False,,0,ZAR,2026-09-02T11:00:00Z,,,2026-08-19T00:00:00Z
ocds-9t57fa-166101,atns/RFQ/2026/FALEgardeningandmaintenancere-advert,Air Traffic and Navigation Services Company Limited,KwaZulu-Natal,complete,"['Construction & civil', 'Supply of goods']","[{'industry': 'Construction & civil', 'score': 1.0, 'reasons': [""text fuzzy-matches 'building' (similarity 1.00)""]}, {'industry': 'Supply of goods', 'score': 0.97, 'reasons': [""text fuzzy-matches 'supply and delivery' (similarity 0.97)""]}]",False,,0,ZAR,2026-09-02T11:00:00Z,,,2026-08-19T00:00:00Z
ocds-9t57fa-166162,SCMN 11/08/01R,The Presidency,Gauteng,complete,['Other / uncategorised'],"[{'industry': 'Other / uncategorised', 'score': 0.0, 'reasons': []}]",False,,0,ZAR,2026-09-02T11:00:00Z,,,2026-08-19T00:00:00Z
ocds-9t57fa-166130,SCM/2026/93/PD,Bitou Municipality,Western Cape,complete,['Other / uncategorised'],"[{'industry': 'Other / uncategorised', 'score': 0.0, 'reasons': []}]",False,,0,ZAR,2026-09-02T12:00:00Z,,,2026-08-19T00:00:00Z
ocds-9t57fa-166198,QUOTATION 8/2/46-2026 / MN195-2026,Bergrivier - WC Local Municipality,Western Cape,complete,['Professional & consulting services'],"[{'industry': 'Professional & consulting services', 'score': 1.0, 'reasons': [""category field contains 'consulting'""]}]",False,,0,ZAR,2026-09-02T12:00:00Z,,,2026-08-19T00:00:00Z
ocds-9t57fa-166199,RFX6000003531,Sentech Limited,Eastern Cape,complete,['Construction & civil'],"[{'industry': 'Construction & civil', 'score': 1.0, 'reasons': [""category field contains 'construction'""]}]",False,,0,ZAR,2026-09-02T12:00:00Z,,,2026-08-19T00:00:00Z
ocds-9t57fa-166123,RFP08/26,Kwa-Zulu Natal - Ithala Development Finance Corporation,KwaZulu-Natal,complete,['Security services'],"[{'industry': 'Security services', 'score': 2.0, 'reasons': [""category field contains 'security services'"", ""text fuzzy-matches 'guarding' (similarity 1.00)""]}]",False,,0,ZAR,2026-09-03T11:00:00Z,,,2026-08-19T00:00:00Z
ocds-9t57fa-166080,BID 04/26,Francis Baard District Municipality,Northern Cape,complete,"['Construction & civil', 'Supply of goods']","[{'industry': 'Construction & civil', 'score': 1.0, 'reasons': [""text fuzzy-matches 'building' (similarity 1.00)""]}, {'industry': 'Supply of goods', 'score': 1.0, 'reasons': [""text fuzzy-matches 'supply and delivery' (similarity 1.00)""]}]",False,,0,ZAR,2026-09-03T12:00:00Z,,,2026-08-19T00:00:00Z
ocds-9t57fa-166118,RFQNELS/525/2026,South African Forestry Company Limited,Mpumalanga,complete,['Security services'],"[{'industry': 'Security services', 'score': 1.0, 'reasons': [""text fuzzy-matches 'security services' (similarity 1.00)""]}]",False,,0,ZAR,2026-09-03T12:00:00Z,,,2026-08-19T00:00:00Z
ocds-9t57fa-166140,TE/2026/08/3338/9974/RFQ,Transnet SOC Ltd,KwaZulu-Natal,complete,['Other / uncategorised'],"[{'industry': 'Other / uncategorised', 'score': 0.0, 'reasons': []}]",False,,0,ZAR,2026-09-03T16:00:00Z,,,2026-08-19T00:00:00Z
ocds-9t57fa-166134,00100223072OR,Medical Research Council of South Africa,KwaZulu-Natal,complete,['Electrical'],"[{'industry': 'Electrical', 'score': 2.0, 'reasons': [""category field contains 'electrical'"", ""text fuzzy-matches 'generator' (similarity 1.00)""]}]",False,,0,ZAR,2026-09-04T10:00:00Z,,,2026-08-19T00:00:00Z
ocds-9t57fa-166062,RFQ QCTO 14/2026,Quality Council for Trades and Occupations,Gauteng,complete,['Professional & consulting services'],"[{'industry': 'Professional & consulting services', 'score': 1.0, 'reasons': [""category field contains 'consulting'""]}]",False,,0,ZAR,2026-09-04T11:00:00Z,,,2026-08-19T00:00:00Z
ocds-9t57fa-166200,BM15/26/27,Blouberg Municipality,Limpopo,complete,['Supply of goods'],"[{'industry': 'Supply of goods', 'score': 1.0, 'reasons': [""text fuzzy-matches 'supply and delivery' (similarity 1.00)""]}]",False,,0,ZAR,2026-09-04T11:00:00Z,,,2026-08-19T00:00:00Z
ocds-9t57fa-166201,BM16/26/27,Blouberg Municipality,Limpopo,complete,['Other / uncategorised'],"[{'industry': 'Other / uncategorised', 'score': 0.0, 'reasons': []}]",False,,0,ZAR,2026-09-04T11:00:00Z,,,2026-08-19T00:00:00Z
ocds-9t57fa-166032,CTICC 023/2027,Cape Town International Convention Centre,Western Cape,complete,['Other / uncategorised'],"[{'industry': 'Other / uncategorised', 'score': 0.0, 'reasons': []}]",False,,0,ZAR,2026-09-04T12:00:00Z,,,2026-08-19T00:00:00Z
ocds-9t57fa-166079,T11/26/27,Swartland Municipality,Western Cape,complete,['Supply of goods'],"[{'industry': 'Supply of goods', 'score': 1.0, 'reasons': [""text fuzzy-matches 'supply and delivery' (similarity 1.00)""]}]",False,,0,ZAR,2026-09-04T12:00:00Z,,,2026-08-19T00:00:00Z
ocds-9t57fa-166106,CTT26905,PetroSA,Western Cape,complete,['Other / uncategorised'],"[{'industry': 'Other / uncategorised', 'score': 0.0, 'reasons': []}]",False,,0,ZAR,2026-09-04T12:00:00Z,,,2026-08-19T00:00:00Z
ocds-9t57fa-166094,RFQ/OBP180/2026/27,Onderstepoort Biological Products Limited,Gauteng,complete,"['Security services', 'Cleaning & facilities']","[{'industry': 'Security services', 'score': 1.0, 'reasons': [""category field contains 'security services'""]}, {'industry': 'Cleaning & facilities', 'score': 1.0, 'reasons': [""text fuzzy-matches 'cleaning services' (similarity 1.00)""]}]",False,,0,ZAR,2026-09-04T16:00:00Z,,,2026-08-19T00:00:00Z
ocds-9t57fa-166023,MEGA/2027/04,Mpumalanga - Mpumalanga Economic Growth Agency (MEGA),Mpumalanga,active,['Other / uncategorised'],"[{'industry': 'Other / uncategorised', 'score': 0.0, 'reasons': []}]",True,,0,ZAR,2026-09-08T12:00:00Z,,,2026-08-19T00:00:00Z
ocds-9t57fa-167295,POU0000637,Justice & Constitutional Development,Gauteng,active,['Supply of goods'],"[{'industry': 'Supply of goods', 'score': 1.0, 'reasons': [""category field contains 'stationery'""]}]",False,,0,ZAR,2026-08-19T16:00:00Z,,1580000.0,2026-08-17T00:00:00Z
ocds-9t57fa-165760,S010S2708RFQ00108,Border Management Authority,Gauteng,complete,['Supply of goods'],"[{'industry': 'Supply of goods', 'score': 2.0, 'reasons': [""category field contains 'stationery'"", ""text fuzzy-matches 'supply and delivery' (similarity 1.00)""]}]",False,,0,ZAR,2026-08-18T11:00:00Z,,,2026-08-17T00:00:00Z
ocds-9t57fa-165749,RFQ/737/090/2026,South African Forestry Company Limited,Mpumalanga,complete,['Other / uncategorised'],"[{'industry': 'Other / uncategorised', 'score': 0.0, 'reasons': []}]",False,,0,ZAR,2026-08-19T11:00:00Z,,,2026-08-17T00:00:00Z
ocds-9t57fa-165785,H004L2708RFQ00131,Border Management Authority,Gauteng,complete,['Professional & consulting services'],"[{'industry': 'Professional & consulting services', 'score': 1.0, 'reasons': [""category field contains 'consulting'""]}]",False,,0,ZAR,2026-08-19T11:00:00Z,,,2026-08-17T00:00:00Z
ocds-9t57fa-165834,RFQ-112604,Statistics South Africa,Gauteng,complete,['Other / uncategorised'],"[{'industry': 'Other / uncategorised', 'score': 0.0, 'reasons': []}]",False,,0,ZAR,2026-08-19T11:00:00Z,,,2026-08-17T00:00:00Z
ocds-9t57fa-165759,RFQ GSM056/2026,South African Airways (Pty) Limited,National,complete,['Supply of goods'],"[{'industry': 'Supply of goods', 'score': 1.0, 'reasons': [""text fuzzy-matches 'supply and delivery' (similarity 1.00)""]}]",False,,0,ZAR,2026-08-19T16:00:00Z,,,2026-08-17T00:00:00Z
ocds-9t57fa-165752,E3305GXMPCAMC,ESKOM,Mpumalanga,complete,['Other / uncategorised'],"[{'industry': 'Other / uncategorised', 'score': 0.0, 'reasons': []}]",False,,0,ZAR,2026-08-21T10:00:00Z,,,2026-08-17T00:00:00Z
ocds-9t57fa-165831,PR10117700,Road Accident Fund,Gauteng,complete,['Construction & civil'],"[{'industry': 'Construction & civil', 'score': 0.89, 'reasons': [""text fuzzy-matches 'roads' (similarity 0.89)""]}]",False,,0,ZAR,2026-08-21T10:00:00Z,,,2026-08-17T00:00:00Z
ocds-9t57fa-165926,NB110/2026,Tourism,Gauteng,complete,['Other / uncategorised'],"[{'industry': 'Other / uncategorised', 'score': 0.0, 'reasons': []}]",False,,0,ZAR,2026-08-21T10:00:00Z,,,2026-08-17T00:00:00Z
ocds-9t57fa-165758,MBTC-SCM/130/2026,Mandela Bay Theatre Complex,Eastern Cape,complete,['Other / uncategorised'],"[{'industry': 'Other / uncategorised', 'score': 0.0, 'reasons': []}]",False,,0,ZAR,2026-08-21T11:00:00Z,,,2026-08-17T00:00:00Z
ocds-9t57fa-165769,RFQ/SAEON/EFTEON/CONSTRUCTION MATERIALS/127/2026,National Research Foundation,Western Cape,complete,['Construction & civil'],"[{'industry': 'Construction & civil', 'score': 2.0, 'reasons': [""category field contains 'construction'"", ""text fuzzy-matches 'construction' (similarity 1.00)""]}]",False,,0,ZAR,2026-08-21T11:00:00Z,,,2026-08-17T00:00:00Z
ocds-9t57fa-165761,10373430,Passenger Rail Agency of South Africa,National,complete,"['Security services', 'Supply of goods']","[{'industry': 'Security services', 'score': 1.0, 'reasons': [""category field contains 'security services'""]}, {'industry': 'Supply of goods', 'score': 0.97, 'reasons': [""text fuzzy-matches 'supply and delivery' (similarity 0.97)""]}]",False,,0,ZAR,2026-08-21T12:00:00Z,,,2026-08-17T00:00:00Z
ocds-9t57fa-165741,RFQ 012264,NATIONAL METROLOGY INSTITUTE OF SOUTH AFRICA,Gauteng,complete,['Professional & consulting services'],"[{'industry': 'Professional & consulting services', 'score': 1.0, 'reasons': [""category field contains 'consulting'""]}]",False,,0,ZAR,2026-08-21T14:00:00Z,,,2026-08-17T00:00:00Z
ocds-9t57fa-165745,Worcester office space -  ,Land and Agricultural Development Bank of South Africa,Western Cape,complete,['ICT & telecommunications'],"[{'industry': 'ICT & telecommunications', 'score': 0.91, 'reasons': [""text fuzzy-matches 'server' (similarity 0.91)""]}]",False,,0,ZAR,2026-08-21T14:00:00Z,,,2026-08-17T00:00:00Z
ocds-9t57fa-165748,OVI01REQ004460,Agricultural Research Council,Gauteng,complete,['Professional & consulting services'],"[{'industry': 'Professional & consulting services', 'score': 1.0, 'reasons': [""category field contains 'consulting'""]}]",False,,0,ZAR,2026-08-24T11:00:00Z,,,2026-08-17T00:00:00Z
ocds-9t57fa-165756, VIM01REQ007184/RE,Agricultural Research Council,Northern Cape,complete,['Security services'],"[{'industry': 'Security services', 'score': 1.0, 'reasons': [""category field contains 'security services'""]}]",False,,0,ZAR,2026-08-24T11:00:00Z,,,2026-08-17T00:00:00Z
ocds-9t57fa-165770,RFQ-112679,Statistics South Africa,Gauteng,complete,['Other / uncategorised'],"[{'industry': 'Other / uncategorised', 'score': 0.0, 'reasons': []}]",False,,0,ZAR,2026-08-24T11:00:00Z,,,2026-08-17T00:00:00Z
ocds-9t57fa-165782,RFQ 05/08/2026,Kwa-Zulu Natal - Ezemvelo KwaZulu-Natal Wildlife,KwaZulu-Natal,complete,['Other / uncategorised'],"[{'industry': 'Other / uncategorised', 'score': 0.0, 'reasons': []}]",False,,0,ZAR,2026-08-24T11:00:00Z,,,2026-08-17T00:00:00Z
ocds-9t57fa-165802,RFQ-131a-26,South African National Parks,Eastern Cape,complete,['Professional & consulting services'],"[{'industry': 'Professional & consulting services', 'score': 1.0, 'reasons': [""category field contains 'consulting'""]}]",False,,0,ZAR,2026-08-24T11:00:00Z,,,2026-08-17T00:00:00Z
ocds-9t57fa-165815,MBTC-SCM/132/2026,Mandela Bay Theatre Complex,Eastern Cape,complete,['Electrical'],"[{'industry': 'Electrical', 'score': 1.0, 'reasons': [""category field contains 'electrical'""]}]",False,,0,ZAR,2026-08-24T11:00:00Z,,,2026-08-17T00:00:00Z
ocds-9t57fa-165826,OVG 2 (010) 2026/2027,Office Of The Valuer-General,Gauteng,complete,['ICT & telecommunications'],"[{'industry': 'ICT & telecommunications', 'score': 0.89, 'reasons': [""text fuzzy-matches 'fibre' (similarity 0.89)""]}]",False,,0,ZAR,2026-08-24T11:00:00Z,,,2026-08-17T00:00:00Z
ocds-9t57fa-165827,OVI01REQ004471,Agricultural Research Council,Gauteng,complete,['Professional & consulting services'],"[{'industry': 'Professional & consulting services', 'score': 1.0, 'reasons': [""category field contains 'consulting'""]}]",False,,0,ZAR,2026-08-24T11:00:00Z,,,2026-08-17T00:00:00Z
ocds-9t57fa-165838,RQ-112648,Statistics South Africa,Gauteng,complete,['Other / uncategorised'],"[{'industry': 'Other / uncategorised', 'score': 0.0, 'reasons': []}]",False,,0,ZAR,2026-08-24T11:00:00Z,,,2026-08-17T00:00:00Z
ocds-9t57fa-165843,RFQ0001265,Marine Living Resources Fund,Western Cape,complete,['Other / uncategorised'],"[{'industry': 'Other / uncategorised', 'score': 0.0, 'reasons': []}]",False,,0,ZAR,2026-08-24T11:00:00Z,,,2026-08-17T00:00:00Z
ocds-9t57fa-165847,MBTC-SCM/133/2026,Mandela Bay Theatre Complex,Eastern Cape,complete,['Construction & civil'],"[{'industry': 'Construction & civil', 'score': 1.0, 'reasons': [""category field contains 'building'""]}]",False,,0,ZAR,2026-08-24T11:00:00Z,,,2026-08-17T00:00:00Z
ocds-9t57fa-165864,RFQ0001266,Marine Living Resources Fund,Western Cape,complete,['Other / uncategorised'],"[{'industry': 'Other / uncategorised', 'score': 0.0, 'reasons': []}]",False,,0,ZAR,2026-08-24T11:00:00Z,,,2026-08-17T00:00:00Z
ocds-9t57fa-165865,RFQ0001267,Marine Living Resources Fund,Western Cape,complete,['Supply of goods'],"[{'industry': 'Supply of goods', 'score': 1.0, 'reasons': [""text fuzzy-matches 'supply and delivery' (similarity 1.00)""]}]",False,,0,ZAR,2026-08-24T11:00:00Z,,,2026-08-17T00:00:00Z
ocds-9t57fa-165870,202049,SA Bureau of Standards,National,complete,['Other / uncategorised'],"[{'industry': 'Other / uncategorised', 'score': 0.0, 'reasons': []}]",False,,0,ZAR,2026-08-24T11:00:00Z,,,2026-08-17T00:00:00Z
ocds-9t57fa-165873,RFQ 202044,The South African Bureau of Standards (SABS),Gauteng,complete,['Professional & consulting services'],"[{'industry': 'Professional & consulting services', 'score': 1.0, 'reasons': [""category field contains 'consulting'""]}]",False,,0,ZAR,2026-08-24T11:00:00Z,,,2026-08-17T00:00:00Z
ocds-9t57fa-165743,RFQ 012321,NATIONAL METROLOGY INSTITUTE OF SOUTH AFRICA,Gauteng,complete,['Mining & resources'],"[{'industry': 'Mining & resources', 'score': 1.0, 'reasons': [""text fuzzy-matches 'drilling' (similarity 1.00)""]}]",False,,0,ZAR,2026-08-24T12:00:00Z,,,2026-08-17T00:00:00Z
ocds-9t57fa-165876,QUOTATION 8/2/43-2026 / MN183-2026,Bergrivier - WC Local Municipality,Western Cape,complete,['Professional & consulting services'],"[{'industry': 'Professional & consulting services', 'score': 1.0, 'reasons': [""category field contains 'consulting'""]}]",False,,0,ZAR,2026-08-24T12:00:00Z,,,2026-08-17T00:00:00Z
ocds-9t57fa-165800,CET-012,Water and Sanitation,KwaZulu-Natal,complete,['Construction & civil'],"[{'industry': 'Construction & civil', 'score': 1.0, 'reasons': [""text fuzzy-matches 'construction' (similarity 1.00)""]}]",False,,0,ZAR,2026-08-25T11:00:00Z,,,2026-08-17T00:00:00Z
ocds-9t57fa-165814,6841-ZNQ-CORP-26,Kwa-Zulu Natal - Natal Sharks Board,KwaZulu-Natal,complete,['Other / uncategorised'],"[{'industry': 'Other / uncategorised', 'score': 0.0, 'reasons': []}]",False,,0,ZAR,2026-08-25T11:00:00Z,,,2026-08-17T00:00:00Z
ocds-9t57fa-165851,CHR5-26/27-0022,Eastern Cape - Roads and Public Works,Eastern Cape,complete,['Other / uncategorised'],"[{'industry': 'Other / uncategorised', 'score': 0.0, 'reasons': []}]",False,,0,ZAR,2026-08-25T11:00:00Z,,,2026-08-17T00:00:00Z
ocds-9t57fa-165794,8/3/2-46/2026,Govan Mbeki Local Municipality,Mpumalanga,complete,"['Professional & consulting services', 'Water & sanitation']","[{'industry': 'Professional & consulting services', 'score': 1.0, 'reasons': [""category field contains 'consulting'""]}, {'industry': 'Water & sanitation', 'score': 1.0, 'reasons': [""text fuzzy-matches 'wastewater' (similarity 1.00)""]}]",False,,0,ZAR,2026-08-25T12:00:00Z,,,2026-08-17T00:00:00Z
ocds-9t57fa-165857,RFQ 1326,South African National Energy Development Institute,Gauteng,complete,['Professional & consulting services'],"[{'industry': 'Professional & consulting services', 'score': 1.0, 'reasons': [""category field contains 'consulting'""]}]",False,,0,ZAR,2026-08-26T11:00:00Z,,,2026-08-17T00:00:00Z
ocds-9t57fa-165817,Q11-2026-27,City of Tshwane,Gauteng,complete,['Mining & resources'],"[{'industry': 'Mining & resources', 'score': 1.0, 'reasons': [""text fuzzy-matches 'quarry' (similarity 1.00)""]}]",False,,0,ZAR,2026-08-27T10:00:00Z,,,2026-08-17T00:00:00Z
ocds-9t57fa-165828,RFQ4596/26,South African Weather Service,Western Cape,complete,['Other / uncategorised'],"[{'industry': 'Other / uncategorised', 'score': 0.0, 'reasons': []}]",False,,0,ZAR,2026-08-27T11:00:00Z,,,2026-08-17T00:00:00Z
ocds-9t57fa-165805,RFQ2026/072/6175/NYDA,National Youth Development Agency,Free State,complete,['Other / uncategorised'],"[{'industry': 'Other / uncategorised', 'score': 0.0, 'reasons': []}]",False,,0,ZAR,2026-08-28T10:00:00Z,,,2026-08-17T00:00:00Z
ocds-9t57fa-165746,RFQ 2027/52,DENEL (Pty) Ltd,Western Cape,complete,"['ICT & telecommunications', 'Professional & consulting services']","[{'industry': 'ICT & telecommunications', 'score': 1.0, 'reasons': [""category field contains 'ict'""]}, {'industry': 'Professional & consulting services', 'score': 1.0, 'reasons': [""category field contains 'consulting'""]}]",False,,0,ZAR,2026-08-28T11:00:00Z,,,2026-08-17T00:00:00Z
ocds-9t57fa-165871,ATNS/RFQ04/04/2026/27/GRC - A,Air Traffic and Navigation Services Company Limited,Gauteng,complete,['Professional & consulting services'],"[{'industry': 'Professional & consulting services', 'score': 2.0, 'reasons': [""category field contains 'consulting'"", ""text fuzzy-matches 'advisory' (similarity 1.00)""]}]",True,,0,ZAR,2026-08-28T11:00:00Z,,,2026-08-17T00:00:00Z
ocds-9t57fa-165739,RFQ 015/2026,Cape Town International Convention Centre,Western Cape,complete,['Professional & consulting services'],"[{'industry': 'Professional & consulting services', 'score': 1.0, 'reasons': [""category field contains 'consulting'""]}]",False,,0,ZAR,2026-08-28T12:00:00Z,,,2026-08-17T00:00:00Z
ocds-9t57fa-165820,MWP2934DXTE,ESKOM,Eastern Cape,complete,"['Construction & civil', 'Transport & logistics']","[{'industry': 'Construction & civil', 'score': 1.0, 'reasons': [""category field contains 'construction'""]}, {'industry': 'Transport & logistics', 'score': 1.0, 'reasons': [""text fuzzy-matches 'transport' (similarity 1.00)""]}]",False,,0,ZAR,2026-08-31T10:00:00Z,,,2026-08-17T00:00:00Z
ocds-9t57fa-165778,HO-26/27-0076,Eastern Cape - Agriculture,Eastern Cape,complete,['Other / uncategorised'],"[{'industry': 'Other / uncategorised', 'score': 0.0, 'reasons': []}]",False,,0,ZAR,2026-08-31T11:00:00Z,,,2026-08-17T00:00:00Z
ocds-9t57fa-165819,DOH 262-2026/2027,Health,Gauteng,complete,"['Construction & civil', 'Health & medical']","[{'industry': 'Construction & civil', 'score': 1.0, 'reasons': [""category field contains 'construction'""]}, {'industry': 'Health & medical', 'score': 0.92, 'reasons': [""text fuzzy-matches 'clinic' (similarity 0.92)""]}]",False,,0,ZAR,2026-08-31T11:00:00Z,,,2026-08-17T00:00:00Z
ocds-9t57fa-165823,DOH 263-2026/2027,Health,National,complete,"['Construction & civil', 'Health & medical']","[{'industry': 'Construction & civil', 'score': 1.0, 'reasons': [""category field contains 'construction'""]}, {'industry': 'Health & medical', 'score': 0.92, 'reasons': [""text fuzzy-matches 'clinic' (similarity 0.92)""]}]",False,,0,ZAR,2026-08-31T11:00:00Z,,,2026-08-17T00:00:00Z
ocds-9t57fa-165825,DOH 264-2026/2027,Health,National,complete,"['Construction & civil', 'Health & medical']","[{'industry': 'Construction & civil', 'score': 1.0, 'reasons': [""category field contains 'construction'""]}, {'industry': 'Health & medical', 'score': 0.92, 'reasons': [""text fuzzy-matches 'clinic' (similarity 0.92)""]}]",False,,0,ZAR,2026-08-31T11:00:00Z,,,2026-08-17T00:00:00Z
ocds-9t57fa-165825,DOH 264-2026/2027,Health,National,complete,"['Construction & civil', 'Health & medical']","[{'industry': 'Construction & civil', 'score': 1.0, 'reasons': [""category field contains 'construction'""]}, {'industry': 'Health & medical', 'score': 0.92, 'reasons': [""text fuzzy-matches 'clinic' (similarity 0.92)""]}]",False,,0,ZAR,2026-08-31T11:00:00Z,,,2026-08-17T00:00:00Z
ocds-9t57fa-165875,QUOTATION 8/2/42-2026 / MN182-2026,Bergrivier - WC Local Municipality,Western Cape,complete,['Professional & consulting services'],"[{'industry': 'Professional & consulting services', 'score': 1.0, 'reasons': [""category field contains 'consulting'""]}]",False,,0,ZAR,2026-08-31T12:00:00Z,,,2026-08-17T00:00:00Z
ocds-9t57fa-165783,RFQ/Ops/Backpacks/2026/7,Perishable Products Export Control Board,Western Cape,complete,['Other / uncategorised'],"[{'industry': 'Other / uncategorised', 'score': 0.0, 'reasons': []}]",False,,0,ZAR,2026-08-31T16:00:00Z,,,2026-08-17T00:00:00Z
ocds-9t57fa-165803,iLABS/RFQ 2026/27-153,National Research Foundation,Western Cape,complete,['Supply of goods'],"[{'industry': 'Supply of goods', 'score': 1.0, 'reasons': [""text fuzzy-matches 'supply and delivery' (similarity 1.00)""]}]",False,,0,ZAR,2026-08-31T16:00:00Z,,,2026-08-17T00:00:00Z
ocds-9t57fa-165775,WTE1030CE,Water and Sanitation,Eastern Cape,complete,"['Construction & civil', 'Supply of goods']","[{'industry': 'Construction & civil', 'score': 1.0, 'reasons': [""category field contains 'construction'""]}, {'industry': 'Supply of goods', 'score': 1.0, 'reasons': [""text fuzzy-matches 'supply and delivery' (similarity 1.00)""]}]",False,,0,ZAR,2026-09-01T11:00:00Z,,,2026-08-17T00:00:00Z
ocds-9t57fa-165776,WTE1031CE,Water and Sanitation,Eastern Cape,complete,"['Construction & civil', 'Supply of goods']","[{'industry': 'Construction & civil', 'score': 1.0, 'reasons': [""category field contains 'construction'""]}, {'industry': 'Supply of goods', 'score': 1.0, 'reasons': [""text fuzzy-matches 'supply and delivery' (similarity 1.00)""]}]",False,,0,ZAR,2026-09-01T11:00:00Z,,,2026-08-17T00:00:00Z
ocds-9t57fa-165781,WTE1032CE,Water and Sanitation,Eastern Cape,complete,"['Construction & civil', 'Supply of goods']","[{'industry': 'Construction & civil', 'score': 1.0, 'reasons': [""category field contains 'construction'""]}, {'industry': 'Supply of goods', 'score': 1.0, 'reasons': [""text fuzzy-matches 'supply and delivery' (similarity 1.00)""]}]",False,,0,ZAR,2026-09-01T11:00:00Z,,,2026-08-17T00:00:00Z
ocds-9t57fa-165790,IZIKO-RFQ-R and E 17/08/2026,Iziko Museums of Cape Town,Western Cape,complete,['Professional & consulting services'],"[{'industry': 'Professional & consulting services', 'score': 1.0, 'reasons': [""category field contains 'consulting'""]}]",False,,0,ZAR,2026-09-01T11:00:00Z,,,2026-08-17T00:00:00Z
ocds-9t57fa-165842,KZNQ23/DSD/2025/26,Kwazulu Natal - Social Development,KwaZulu-Natal,complete,['Other / uncategorised'],"[{'industry': 'Other / uncategorised', 'score': 0.0, 'reasons': []}]",False,,0,ZAR,2026-09-01T11:00:00Z,,,2026-08-17T00:00:00Z
ocds-9t57fa-165850,KZNQ24/DSD/2026/27,Kwazulu Natal - Social Development,KwaZulu-Natal,complete,['Other / uncategorised'],"[{'industry': 'Other / uncategorised', 'score': 0.0, 'reasons': []}]",False,,0,ZAR,2026-09-01T11:00:00Z,,,2026-08-17T00:00:00Z
ocds-9t57fa-165742,KZN/PRASA/2026/08/05/Q,Passenger Rail Agency of South Africa,KwaZulu-Natal,complete,['Other / uncategorised'],"[{'industry': 'Other / uncategorised', 'score': 0.0, 'reasons': []}]",False,,0,ZAR,2026-09-01T12:00:00Z,,,2026-08-17T00:00:00Z
ocds-9t57fa-165835,TE/2026/08/3365/10069/RFQ,Transnet SOC Ltd,Gauteng,complete,['Supply of goods'],"[{'industry': 'Supply of goods', 'score': 1.0, 'reasons': [""text fuzzy-matches 'supply and delivery' (similarity 1.00)""]}]",False,,0,ZAR,2026-09-04T16:00:00Z,,,2026-08-17T00:00:00Z
ocds-9t57fa-165791,TREA/026/26/MP Re-advertisement,Mpumalanga - Provincial Treasury,Mpumalanga,active,['Other / uncategorised'],"[{'industry': 'Other / uncategorised', 'score': 0.0, 'reasons': []}]",True,,0,ZAR,2026-09-11T12:00:00Z,,,2026-08-17T00:00:00Z
ocds-9t57fa-169004,AHSK00749,Amatola Water Board,Eastern Cape,active,['Other / uncategorised'],"[{'industry': 'Other / uncategorised', 'score': 0.0, 'reasons': []}]",False,,0,ZAR,2026-08-17T11:00:00Z,,757694.0,2026-08-14T00:00:00Z
ocds-9t57fa-165633,RFQ 098 2026 27,Special Investigation Unit,North West,active,['Other / uncategorised'],"[{'industry': 'Other / uncategorised', 'score': 0.0, 'reasons': []}]",False,,0,ZAR,2026-08-20T12:00:00Z,,38250.0,2026-08-14T00:00:00Z
ocds-9t57fa-165614,IHLM/16/2026-27/MMS,Ingquza Hill Local Municipality,Eastern Cape,active,['Other / uncategorised'],"[{'industry': 'Other / uncategorised', 'score': 0.0, 'reasons': []}]",False,,0,ZAR,2026-08-21T12:00:00Z,,285000.0,2026-08-14T00:00:00Z
ocds-9t57fa-166444,RT15,BRAND RSA,Gauteng,active,['Professional & consulting services'],"[{'industry': 'Professional & consulting services', 'score': 1.0, 'reasons': [""category field contains 'consulting'""]}]",True,2027-03-31T00:00:00Z,0,ZAR,2026-08-21T16:00:00Z,,150000000.0,2026-08-14T00:00:00Z
ocds-9t57fa-165673,NB026/2026,Tourism,Gauteng,complete,['Health & medical'],"[{'industry': 'Health & medical', 'score': 1.0, 'reasons': [""text fuzzy-matches 'medical' (similarity 1.00)""]}]",False,,0,ZAR,2026-08-18T10:00:00Z,,,2026-08-14T00:00:00Z
ocds-9t57fa-165681,NB083/2026,Tourism,Gauteng,complete,['Supply of goods'],"[{'industry': 'Supply of goods', 'score': 2.0, 'reasons': [""category field contains 'stationery'"", ""text fuzzy-matches 'stationery' (similarity 1.00)""]}]",False,,0,ZAR,2026-08-18T10:00:00Z,,,2026-08-14T00:00:00Z
ocds-9t57fa-165667,NB023/2026,Tourism,Gauteng,complete,['Other / uncategorised'],"[{'industry': 'Other / uncategorised', 'score': 0.0, 'reasons': []}]",False,,0,ZAR,2026-08-19T10:00:00Z,,,2026-08-14T00:00:00Z
ocds-9t57fa-165627,RQ-112663,Statistics South Africa,Gauteng,complete,['Other / uncategorised'],"[{'industry': 'Other / uncategorised', 'score': 0.0, 'reasons': []}]",False,,0,ZAR,2026-08-19T11:00:00Z,,,2026-08-14T00:00:00Z
ocds-9t57fa-165654,RFQ/26/27/64,South African Post Office Limited,National,complete,['Professional & consulting services'],"[{'industry': 'Professional & consulting services', 'score': 1.0, 'reasons': [""text fuzzy-matches 'advisory' (similarity 1.00)""]}]",False,,0,ZAR,2026-08-19T11:00:00Z,,,2026-08-14T00:00:00Z
ocds-9t57fa-165724,RFQ/SAEON/GRASSLAND/TUBES/123/2026,National Research Foundation,KwaZulu-Natal,complete,"['Professional & consulting services', 'Supply of goods']","[{'industry': 'Professional & consulting services', 'score': 1.0, 'reasons': [""category field contains 'consulting'""]}, {'industry': 'Supply of goods', 'score': 1.0, 'reasons': [""text fuzzy-matches 'supply and delivery' (similarity 1.00)""]}]",False,,0,ZAR,2026-08-19T11:00:00Z,,,2026-08-14T00:00:00Z
ocds-9t57fa-165646,10117698,Road Accident Fund,Limpopo,complete,['Construction & civil'],"[{'industry': 'Construction & civil', 'score': 0.89, 'reasons': [""text fuzzy-matches 'roads' (similarity 0.89)""]}]",False,,0,ZAR,2026-08-20T11:00:00Z,,,2026-08-14T00:00:00Z
ocds-9t57fa-165674,RQ-112620 RQ-112646 RQ-112656 RQ-112491 RQ-112617 ,Statistics South Africa,Gauteng,complete,['Other / uncategorised'],"[{'industry': 'Other / uncategorised', 'score': 0.0, 'reasons': []}]",False,,0,ZAR,2026-08-20T11:00:00Z,,,2026-08-14T00:00:00Z
ocds-9t57fa-165679,RQ-112665,Statistics South Africa,Gauteng,complete,['Other / uncategorised'],"[{'industry': 'Other / uncategorised', 'score': 0.0, 'reasons': []}]",False,,0,ZAR,2026-08-20T11:00:00Z,,,2026-08-14T00:00:00Z
ocds-9t57fa-165658,RFQ17/08/2026,Enoch Mgijima Local Municipality,Eastern Cape,complete,['Supply of goods'],"[{'industry': 'Supply of goods', 'score': 2.0, 'reasons': [""category field contains 'stationery'"", ""text fuzzy-matches 'supply and delivery' (similarity 1.00)""]}]",False,,0,ZAR,2026-08-20T12:00:00Z,,,2026-08-14T00:00:00Z
ocds-9t57fa-165669,RFQ15/08/2026,Enoch Mgijima Local Municipality,Eastern Cape,complete,['Other / uncategorised'],"[{'industry': 'Other / uncategorised', 'score': 0.0, 'reasons': []}]",False,,0,ZAR,2026-08-20T12:00:00Z,,,2026-08-14T00:00:00Z
ocds-9t57fa-165672,RFQ07/08/2026,Enoch Mgijima Local Municipality,Eastern Cape,complete,['Supply of goods'],"[{'industry': 'Supply of goods', 'score': 0.97, 'reasons': [""text fuzzy-matches 'supply and delivery' (similarity 0.97)""]}]",False,,0,ZAR,2026-08-20T12:00:00Z,,,2026-08-14T00:00:00Z
ocds-9t57fa-165707,JGDM2026/27-RFQ-02,Joe Gqabi District Municipality,Eastern Cape,complete,['Other / uncategorised'],"[{'industry': 'Other / uncategorised', 'score': 0.0, 'reasons': []}]",False,,0,ZAR,2026-08-20T12:00:00Z,,,2026-08-14T00:00:00Z
ocds-9t57fa-165708,JGDM2026/27-RFQ-03,Joe Gqabi District Municipality,Eastern Cape,complete,"['Mechanical & HVAC', 'Supply of goods']","[{'industry': 'Mechanical & HVAC', 'score': 0.89, 'reasons': [""text fuzzy-matches 'pump' (similarity 0.89)""]}, {'industry': 'Supply of goods', 'score': 0.89, 'reasons': [""text fuzzy-matches 'supply and delivery' (similarity 0.89)""]}]",False,,0,ZAR,2026-08-20T12:00:00Z,,,2026-08-14T00:00:00Z
ocds-9t57fa-165603,SCM 05/2026/27,"Department of Sports, Arts & Culture",National,complete,['Other / uncategorised'],"[{'industry': 'Other / uncategorised', 'score': 0.0, 'reasons': []}]",False,,0,ZAR,2026-08-20T13:30:00Z,,,2026-08-14T00:00:00Z
ocds-9t57fa-165595,E2443DXGOUTenderValidity,ESKOM,Gauteng,complete,['ICT & telecommunications'],"[{'industry': 'ICT & telecommunications', 'score': 0.89, 'reasons': [""text fuzzy-matches 'fibre' (similarity 0.89)""]}]",False,,0,ZAR,2026-08-21T10:00:00Z,,,2026-08-14T00:00:00Z
ocds-9t57fa-162660,ZNQUMGDO 30-26/27,Kwazulu Natal - Public Works (Head Office),KwaZulu-Natal,complete,"['Construction & civil', 'Professional & consulting services', 'Agriculture']","[{'industry': 'Construction & civil', 'score': 1.94, 'reasons': [""category field contains 'construction'"", ""text fuzzy-matches 'building' (similarity 0.94)""]}, {'industry': 'Professional & consulting services', 'score': 1.0, 'reasons': [""text fuzzy-matches 'advisory' (similarity 1.00)""]}, {'industry': 'Agriculture', 'score': 1.0, 'reasons': [""text fuzzy-matches 'agriculture' (similarity 1.00)""]}]",False,,0,ZAR,2026-08-21T11:00:00Z,,,2026-08-14T00:00:00Z
ocds-9t57fa-165610,MISA/RFQ/MERL/01351/2026/27,Municipal Infrastructure Support Agent,National,complete,['Professional & consulting services'],"[{'industry': 'Professional & consulting services', 'score': 1.0, 'reasons': [""category field contains 'consulting'""]}]",False,,0,ZAR,2026-08-21T11:00:00Z,,,2026-08-14T00:00:00Z
ocds-9t57fa-165630,RFQ4592/26,South African Weather Service,Gauteng,complete,"['Professional & consulting services', 'Construction & civil']","[{'industry': 'Professional & consulting services', 'score': 1.0, 'reasons': [""category field contains 'consulting'""]}, {'industry': 'Construction & civil', 'score': 0.89, 'reasons': [""text fuzzy-matches 'roads' (similarity 0.89)""]}]",False,,0,ZAR,2026-08-21T11:00:00Z,,,2026-08-14T00:00:00Z
ocds-9t57fa-165656,VET0022/26,Gauteng - Agriculture and Rural Development,Gauteng,complete,['Supply of goods'],"[{'industry': 'Supply of goods', 'score': 1.0, 'reasons': [""text fuzzy-matches 'supply and delivery' (similarity 1.00)""]}]",False,,0,ZAR,2026-08-21T11:00:00Z,,,2026-08-14T00:00:00Z
ocds-9t57fa-165727,EWSETA/RFQ/027/2026-27,Energy and Water Sector Education and Training Authority,Gauteng,complete,['Other / uncategorised'],"[{'industry': 'Other / uncategorised', 'score': 0.0, 'reasons': []}]",False,,0,ZAR,2026-08-21T11:00:00Z,,,2026-08-14T00:00:00Z
ocds-9t57fa-165944,ZNQUMGDO 83-26/27,Kwazulu Natal - Public Works (Head Office),KwaZulu-Natal,complete,['Mechanical & HVAC'],"[{'industry': 'Mechanical & HVAC', 'score': 2.0, 'reasons': [""category field contains 'air conditioning'"", ""text fuzzy-matches 'ventilation' (similarity 1.00)""]}]",False,,0,ZAR,2026-08-21T11:00:00Z,,,2026-08-14T00:00:00Z
ocds-9t57fa-165683,Expression of Interest (2 X 8 BAY FILING CABINETS),South African Tourism,National,complete,['Other / uncategorised'],"[{'industry': 'Other / uncategorised', 'score': 0.0, 'reasons': []}]",False,,0,ZAR,2026-08-21T12:00:00Z,,,2026-08-14T00:00:00Z
ocds-9t57fa-165691,QUOTATION 8/2/38-2026 / MN172-2026,Bergrivier - WC Local Municipality,Western Cape,complete,['Professional & consulting services'],"[{'industry': 'Professional & consulting services', 'score': 1.0, 'reasons': [""category field contains 'consulting'""]}]",False,,0,ZAR,2026-08-21T12:00:00Z,,,2026-08-14T00:00:00Z
ocds-9t57fa-165692,QUOTATION 8/2/39-2026 / MN179-2026,Bergrivier - WC Local Municipality,Western Cape,complete,"['Professional & consulting services', 'Supply of goods']","[{'industry': 'Professional & consulting services', 'score': 1.0, 'reasons': [""category field contains 'consulting'""]}, {'industry': 'Supply of goods', 'score': 1.0, 'reasons': [""text fuzzy-matches 'supply and delivery' (similarity 1.00)""]}]",False,,0,ZAR,2026-08-21T12:00:00Z,,,2026-08-14T00:00:00Z
ocds-9t57fa-165704,Q06091,Umzinyathi District Municipality,KwaZulu-Natal,complete,['Supply of goods'],"[{'industry': 'Supply of goods', 'score': 1.0, 'reasons': [""text fuzzy-matches 'supply and delivery' (similarity 1.00)""]}]",False,,0,ZAR,2026-08-21T12:00:00Z,,,2026-08-14T00:00:00Z
ocds-9t57fa-165726,EWSETA/RFQ/026/2026-27,Energy and Water Sector Education and Training Authority,Gauteng,complete,['Other / uncategorised'],"[{'industry': 'Other / uncategorised', 'score': 0.0, 'reasons': []}]",False,,0,ZAR,2026-08-21T13:00:00Z,,,2026-08-14T00:00:00Z
ocds-9t57fa-165611,FE-23,Water and Sanitation,KwaZulu-Natal,complete,"['Construction & civil', 'Supply of goods']","[{'industry': 'Construction & civil', 'score': 2.0, 'reasons': [""category field contains 'construction'"", ""text fuzzy-matches 'construction' (similarity 1.00)""]}, {'industry': 'Supply of goods', 'score': 1.0, 'reasons': [""text fuzzy-matches 'supply and delivery' (similarity 1.00)""]}]",False,,0,ZAR,2026-08-24T11:00:00Z,,,2026-08-14T00:00:00Z
ocds-9t57fa-165639,COM55B/2026,Mbombela Local Municipality,Mpumalanga,complete,['Supply of goods'],"[{'industry': 'Supply of goods', 'score': 1.0, 'reasons': [""text fuzzy-matches 'supply and delivery' (similarity 1.00)""]}]",False,,0,ZAR,2026-08-24T11:00:00Z,,,2026-08-14T00:00:00Z
ocds-9t57fa-165640,COM104/2026,Mbombela Local Municipality,Mpumalanga,complete,['Other / uncategorised'],"[{'industry': 'Other / uncategorised', 'score': 0.0, 'reasons': []}]",False,,0,ZAR,2026-08-24T11:00:00Z,,,2026-08-14T00:00:00Z
ocds-9t57fa-165598,412/08/26/GAU-RISK,Passenger Rail Agency of South Africa,Gauteng,complete,['Supply of goods'],"[{'industry': 'Supply of goods', 'score': 1.0, 'reasons': [""text fuzzy-matches 'supply and delivery' (similarity 1.00)""]}]",False,,0,ZAR,2026-08-25T10:00:00Z,,,2026-08-14T00:00:00Z
ocds-9t57fa-165569,RFQ/HC/SAMTRAC/2026/08,Perishable Products Export Control Board,Western Cape,complete,['Professional & consulting services'],"[{'industry': 'Professional & consulting services', 'score': 1.0, 'reasons': [""category field contains 'consulting'""]}]",False,,0,ZAR,2026-08-25T11:00:00Z,,,2026-08-14T00:00:00Z
ocds-9t57fa-165606,RFQ-26-27-61,South African Post Office Limited,National,complete,"['Construction & civil', 'ICT & telecommunications']","[{'industry': 'Construction & civil', 'score': 1.0, 'reasons': [""category field contains 'building'""]}, {'industry': 'ICT & telecommunications', 'score': 0.89, 'reasons': [""text fuzzy-matches 'fibre' (similarity 0.89)""]}]",False,,0,ZAR,2026-08-25T11:00:00Z,,,2026-08-14T00:00:00Z
ocds-9t57fa-165606,RFQ-26-27-61,South African Post Office Limited,National,complete,"['Construction & civil', 'ICT & telecommunications']","[{'industry': 'Construction & civil', 'score': 1.0, 'reasons': [""category field contains 'building'""]}, {'industry': 'ICT & telecommunications', 'score': 0.89, 'reasons': [""text fuzzy-matches 'fibre' (similarity 0.89)""]}]",False,,0,ZAR,2026-08-25T11:00:00Z,,,2026-08-14T00:00:00Z
ocds-9t57fa-165577,RFQ 30285 Re-issue,Airports Company of South Africa,KwaZulu-Natal,complete,['Supply of goods'],"[{'industry': 'Supply of goods', 'score': 0.97, 'reasons': [""text fuzzy-matches 'supply and delivery' (similarity 0.97)""]}]",False,,0,ZAR,2026-08-25T14:00:00Z,,,2026-08-14T00:00:00Z
ocds-9t57fa-165655,Q 2026/012,Cape Winelands District Municipality,Western Cape,complete,['Other / uncategorised'],"[{'industry': 'Other / uncategorised', 'score': 0.0, 'reasons': []}]",False,,0,ZAR,2026-08-26T11:00:00Z,,,2026-08-14T00:00:00Z
ocds-9t57fa-165659,Q 2026/024,Cape Winelands District Municipality,Western Cape,complete,['Supply of goods'],"[{'industry': 'Supply of goods', 'score': 1.0, 'reasons': [""text fuzzy-matches 'supply and delivery' (similarity 1.00)""]}]",False,,0,ZAR,2026-08-26T11:00:00Z,,,2026-08-14T00:00:00Z
ocds-9t57fa-165665,Q 2026/025,Cape Winelands District Municipality,Western Cape,complete,['Supply of goods'],"[{'industry': 'Supply of goods', 'score': 1.0, 'reasons': [""text fuzzy-matches 'supply and delivery' (similarity 1.00)""]}]",False,,0,ZAR,2026-08-26T11:00:00Z,,,2026-08-14T00:00:00Z
ocds-9t57fa-165670,Q 2026/052,Cape Winelands District Municipality,Western Cape,complete,['Supply of goods'],"[{'industry': 'Supply of goods', 'score': 1.0, 'reasons': [""text fuzzy-matches 'supply and delivery' (similarity 1.00)""]}]",False,,0,ZAR,2026-08-26T11:00:00Z,,,2026-08-14T00:00:00Z
ocds-9t57fa-165671,Q 2026/053,Cape Winelands District Municipality,Western Cape,complete,['Professional & consulting services'],"[{'industry': 'Professional & consulting services', 'score': 1.0, 'reasons': [""category field contains 'consulting'""]}]",False,,0,ZAR,2026-08-26T11:00:00Z,,,2026-08-14T00:00:00Z
ocds-9t57fa-165636,RFQ SOU,National Museum Bloemfontein,Free State,complete,['Professional & consulting services'],"[{'industry': 'Professional & consulting services', 'score': 1.0, 'reasons': [""category field contains 'consulting'""]}]",False,,0,ZAR,2026-08-26T15:00:00Z,,,2026-08-14T00:00:00Z
ocds-9t57fa-165576,OHSE/UMGENI-KWAMASHU/10373290,Passenger Rail Agency of South Africa,KwaZulu-Natal,complete,['Other / uncategorised'],"[{'industry': 'Other / uncategorised', 'score': 0.0, 'reasons': []}]",False,,0,ZAR,2026-08-27T12:00:00Z,,,2026-08-14T00:00:00Z
ocds-9t57fa-165583,OHSE/DURBANSUBSTATION/10373288,Passenger Rail Agency of South Africa,Gauteng,complete,['Electrical'],"[{'industry': 'Electrical', 'score': 1.0, 'reasons': [""text fuzzy-matches 'substation' (similarity 1.00)""]}]",False,,0,ZAR,2026-08-27T12:00:00Z,,,2026-08-14T00:00:00Z
ocds-9t57fa-165682,KZN/PRASA/2026/08/06/Q,Passenger Rail Agency of South Africa,KwaZulu-Natal,complete,['Other / uncategorised'],"[{'industry': 'Other / uncategorised', 'score': 0.0, 'reasons': []}]",False,,0,ZAR,2026-08-27T12:00:00Z,,,2026-08-14T00:00:00Z
ocds-9t57fa-165632,E3129DXFSOUBIDDERSLIST,ESKOM,Free State,complete,['Construction & civil'],"[{'industry': 'Construction & civil', 'score': 1.0, 'reasons': [""category field contains 'construction'""]}]",False,,0,ZAR,2026-08-28T10:00:00Z,,,2026-08-14T00:00:00Z
ocds-9t57fa-165622,20260709-RFQ-PRODUCTIVITY-SY,Perishable Products Export Control Board,Western Cape,complete,['Professional & consulting services'],"[{'industry': 'Professional & consulting services', 'score': 1.0, 'reasons': [""category field contains 'consulting'""]}]",False,,0,ZAR,2026-08-28T11:00:00Z,,,2026-08-14T00:00:00Z
ocds-9t57fa-165731,RFQSSS003/08/2026,IKHALA PUBLIC TVET COLLEGE,Eastern Cape,complete,['Other / uncategorised'],"[{'industry': 'Other / uncategorised', 'score': 0.0, 'reasons': []}]",False,,0,ZAR,2026-08-28T11:00:00Z,,,2026-08-14T00:00:00Z
ocds-9t57fa-165734,ITVETC003/08/2026,IKHALA PUBLIC TVET COLLEGE,Eastern Cape,complete,['Other / uncategorised'],"[{'industry': 'Other / uncategorised', 'score': 0.0, 'reasons': []}]",False,,0,ZAR,2026-08-28T11:00:00Z,,,2026-08-14T00:00:00Z
ocds-9t57fa-165653,180/2026,Kouga Municipality,Eastern Cape,complete,['Supply of goods'],"[{'industry': 'Supply of goods', 'score': 1.0, 'reasons': [""text fuzzy-matches 'supply and delivery' (similarity 1.00)""]}]",False,,0,ZAR,2026-08-28T12:00:00Z,,,2026-08-14T00:00:00Z
ocds-9t57fa-165677,PR10068811,Gauteng - Legislature,Gauteng,complete,['Construction & civil'],"[{'industry': 'Construction & civil', 'score': 1.94, 'reasons': [""category field contains 'construction'"", ""text fuzzy-matches 'building' (similarity 0.94)""]}]",False,,0,ZAR,2026-08-31T11:00:00Z,,,2026-08-14T00:00:00Z
ocds-9t57fa-165587,RFQ1940632,National Health Laboratory Service,Gauteng,complete,['Other / uncategorised'],"[{'industry': 'Other / uncategorised', 'score': 0.0, 'reasons': []}]",False,,0,ZAR,2026-08-31T12:00:00Z,,,2026-08-14T00:00:00Z
ocds-9t57fa-165597,00408/26,JOBURG THEATRE (SOC) LTD,Gauteng,complete,['Construction & civil'],"[{'industry': 'Construction & civil', 'score': 1.0, 'reasons': [""text fuzzy-matches 'construction' (similarity 1.00)""]}]",False,,0,ZAR,2026-08-31T12:00:00Z,,,2026-08-14T00:00:00Z
ocds-9t57fa-165600,00409/26,JOBURG THEATRE (SOC) LTD,Gauteng,complete,['Other / uncategorised'],"[{'industry': 'Other / uncategorised', 'score': 0.0, 'reasons': []}]",False,,0,ZAR,2026-08-31T12:00:00Z,,,2026-08-14T00:00:00Z
ocds-9t57fa-165601,00410/26,JOBURG THEATRE (SOC) LTD,Gauteng,complete,['Other / uncategorised'],"[{'industry': 'Other / uncategorised', 'score': 0.0, 'reasons': []}]",False,,0,ZAR,2026-08-31T12:00:00Z,,,2026-08-14T00:00:00Z
ocds-9t57fa-165661,MNQ/SCM/23/26-27,Mnquma Local Municipality,Eastern Cape,complete,['Construction & civil'],"[{'industry': 'Construction & civil', 'score': 1.0, 'reasons': [""text fuzzy-matches 'building' (similarity 1.00)""]}]",False,,0,ZAR,2026-08-31T12:00:00Z,,,2026-08-14T00:00:00Z
ocds-9t57fa-165663,MNQ/SCM//18/26-27,Mnquma Local Municipality,Eastern Cape,complete,"['Professional & consulting services', 'Construction & civil']","[{'industry': 'Professional & consulting services', 'score': 2.0, 'reasons': [""category field contains 'consulting'"", ""text fuzzy-matches 'project management' (similarity 1.00)""]}, {'industry': 'Construction & civil', 'score': 1.0, 'reasons': [""text fuzzy-matches 'construction' (similarity 1.00)""]}]",False,,0,ZAR,2026-08-31T12:00:00Z,,,2026-08-14T00:00:00Z
ocds-9t57fa-165698,NRA 2026/0743,South African National Roads Agency Soc Limited (SANRAL),Limpopo,complete,['Construction & civil'],"[{'industry': 'Construction & civil', 'score': 1.0, 'reasons': [""category field contains 'construction'""]}]",False,,0,ZAR,2026-09-01T12:00:00Z,,,2026-08-14T00:00:00Z
ocds-9t57fa-165695,CSIR EOI 8130/01/09/2026,Council for Scientific and Industrial Research (CSIR),National,complete,['Professional & consulting services'],"[{'industry': 'Professional & consulting services', 'score': 1.0, 'reasons': [""category field contains 'consulting'""]}]",True,,0,ZAR,2026-09-01T16:30:00Z,,,2026-08-14T00:00:00Z
ocds-9t57fa-165591,RFQ BB 36/2026,South Cape TVET College,Western Cape,complete,"['Electrical', 'Construction & civil']","[{'industry': 'Electrical', 'score': 1.0, 'reasons': [""text fuzzy-matches 'electrical' (similarity 1.00)""]}, {'industry': 'Construction & civil', 'score': 1.0, 'reasons': [""category field contains 'construction'""]}]",False,,0,ZAR,2026-09-02T11:00:00Z,,,2026-08-14T00:00:00Z
ocds-9t57fa-165605,WRAC-VAR-58045,Transnet SOC Ltd,Western Cape,complete,['Mining & resources'],"[{'industry': 'Mining & resources', 'score': 1.0, 'reasons': [""text fuzzy-matches 'ore' (similarity 1.00)""]}]",False,,0,ZAR,2026-09-02T11:00:00Z,,,2026-08-14T00:00:00Z
ocds-9t57fa-165684,34 OF 2026,Makhado Local Municipality,Limpopo,complete,['Supply of goods'],"[{'industry': 'Supply of goods', 'score': 1.0, 'reasons': [""text fuzzy-matches 'supply and delivery' (similarity 1.00)""]}]",False,,0,ZAR,2026-09-02T12:00:00Z,,,2026-08-14T00:00:00Z
ocds-9t57fa-165736,HEDP012/25/26 CANCELLATION,Limpopo - Health,Limpopo,complete,['Supply of goods'],"[{'industry': 'Supply of goods', 'score': 1.0, 'reasons': [""text fuzzy-matches 'supply and delivery' (similarity 1.00)""]}]",False,,0,ZAR,2026-09-03T11:00:00Z,,,2026-08-14T00:00:00Z
ocds-9t57fa-165616,E3374GXMPARN,ESKOM,Mpumalanga,complete,['Other / uncategorised'],"[{'industry': 'Other / uncategorised', 'score': 0.0, 'reasons': []}]",False,,0,ZAR,2026-09-04T10:00:00Z,,,2026-08-14T00:00:00Z
ocds-9t57fa-165574,DHA15-2026,Home Affairs,National,complete,"['Security services', 'Cleaning & facilities', 'Construction & civil']","[{'industry': 'Security services', 'score': 1.0, 'reasons': [""category field contains 'security services'""]}, {'industry': 'Cleaning & facilities', 'score': 1.0, 'reasons': [""text fuzzy-matches 'cleaning services' (similarity 1.00)""]}, {'industry': 'Construction & civil', 'score': 0.94, 'reasons': [""text fuzzy-matches 'building' (similarity 0.94)""]}]",False,,0,ZAR,2026-09-04T11:00:00Z,,,2026-08-14T00:00:00Z
ocds-9t57fa-165580,DHA14-2026,Home Affairs,National,complete,"['Security services', 'Cleaning & facilities', 'Construction & civil']","[{'industry': 'Security services', 'score': 1.0, 'reasons': [""category field contains 'security services'""]}, {'industry': 'Cleaning & facilities', 'score': 1.0, 'reasons': [""text fuzzy-matches 'cleaning services' (similarity 1.00)""]}, {'industry': 'Construction & civil', 'score': 0.94, 'reasons': [""text fuzzy-matches 'building' (similarity 0.94)""]}]",False,,0,ZAR,2026-09-04T11:00:00Z,,,2026-08-14T00:00:00Z
ocds-9t57fa-165594,GT/GPT/025/2026,Gauteng - Provincial Treasury,Gauteng,complete,['Professional & consulting services'],"[{'industry': 'Professional & consulting services', 'score': 1.88, 'reasons': [""category field contains 'consulting'"", ""text fuzzy-matches 'advisory' (similarity 0.88)""]}]",False,,0,ZAR,2026-09-04T11:00:00Z,,,2026-08-14T00:00:00Z
ocds-9t57fa-165608,HDA/HO/2026/009,Housing Development Agency,National,complete,['Security services'],"[{'industry': 'Security services', 'score': 2.0, 'reasons': [""category field contains 'security services'"", ""text fuzzy-matches 'security services' (similarity 1.00)""]}]",False,,0,ZAR,2026-09-04T11:00:00Z,,,2026-08-14T00:00:00Z
ocds-9t57fa-165613,RFP/26/27/14,South African Post Office Limited,National,complete,['Transport & logistics'],"[{'industry': 'Transport & logistics', 'score': 1.0, 'reasons': [""category field contains 'transport'""]}]",False,,0,ZAR,2026-09-04T11:00:00Z,,,2026-08-14T00:00:00Z
ocds-9t57fa-165635,DOH(FS)18/2026/2027,Free State - Health,Free State,complete,['Construction & civil'],"[{'industry': 'Construction & civil', 'score': 1.0, 'reasons': [""category field contains 'building'""]}]",False,,0,ZAR,2026-09-04T11:00:00Z,,,2026-08-14T00:00:00Z
ocds-9t57fa-165638,BV1172/2026,Breede Valley Municipality,Western Cape,complete,['Supply of goods'],"[{'industry': 'Supply of goods', 'score': 1.0, 'reasons': [""text fuzzy-matches 'supply and delivery' (similarity 1.00)""]}]",False,,0,ZAR,2026-09-04T11:00:00Z,,,2026-08-14T00:00:00Z
ocds-9t57fa-165641,GPAA 07/2026,Government Pensions Administration Agency (GPAA),Gauteng,complete,['Professional & consulting services'],"[{'industry': 'Professional & consulting services', 'score': 1.0, 'reasons': [""category field contains 'consulting'""]}]",False,,0,ZAR,2026-09-04T11:00:00Z,,,2026-08-14T00:00:00Z
ocds-9t57fa-165651,GPAA 05/2026,Government Pensions Administration Agency (GPAA),Gauteng,complete,['Professional & consulting services'],"[{'industry': 'Professional & consulting services', 'score': 1.0, 'reasons': [""category field contains 'consulting'""]}]",False,,0,ZAR,2026-09-04T11:00:00Z,,,2026-08-14T00:00:00Z
ocds-9t57fa-166781,SIN-144,Council for Scientific and Industrial Research (CSIR),Gauteng,active,['Professional & consulting services'],"[{'industry': 'Professional & consulting services', 'score': 1.0, 'reasons': [""category field contains 'consulting'""]}]",False,,0,ZAR,2026-08-14T11:00:00Z,,3487950.0,2026-08-13T00:00:00Z
ocds-9t57fa-166786,SIN-156,Council for Scientific and Industrial Research (CSIR),Gauteng,active,['Other / uncategorised'],"[{'industry': 'Other / uncategorised', 'score': 0.0, 'reasons': []}]",False,,0,ZAR,2026-08-14T11:00:00Z,,7059377.0,2026-08-13T00:00:00Z
ocds-9t57fa-166787,SSP-148,Council for Scientific and Industrial Research (CSIR),Gauteng,active,['Other / uncategorised'],"[{'industry': 'Other / uncategorised', 'score': 0.0, 'reasons': []}]",False,,0,ZAR,2026-08-14T11:00:00Z,,1701080.0,2026-08-13T00:00:00Z
ocds-9t57fa-166791,SSP-171,Council for Scientific and Industrial Research (CSIR),Gauteng,active,['Other / uncategorised'],"[{'industry': 'Other / uncategorised', 'score': 0.0, 'reasons': []}]",False,,0,ZAR,2026-08-14T11:00:00Z,,17952880.0,2026-08-13T00:00:00Z
ocds-9t57fa-167204,EX 23/2026,South African Revenue Service,Gauteng,active,['Other / uncategorised'],"[{'industry': 'Other / uncategorised', 'score': 0.0, 'reasons': []}]",False,2029-07-31T00:00:00Z,0,ZAR,2026-08-14T11:00:00Z,,93981560.0,2026-08-13T00:00:00Z
ocds-9t57fa-165434,ZNQ011/2026,Kwazulu Natal - Public Works (Head Office),KwaZulu-Natal,active,['Supply of goods'],"[{'industry': 'Supply of goods', 'score': 1.0, 'reasons': [""text fuzzy-matches 'supply and delivery' (similarity 1.00)""]}]",False,,0,ZAR,2026-08-19T11:00:00Z,,79773545.0,2026-08-13T00:00:00Z
ocds-9t57fa-165452,ZNQ013/2026,Kwazulu Natal - Public Works (Head Office),KwaZulu-Natal,active,['Professional & consulting services'],"[{'industry': 'Professional & consulting services', 'score': 1.0, 'reasons': [""category field contains 'consulting'""]}]",False,,0,ZAR,2026-08-19T11:00:00Z,,784000.0,2026-08-13T00:00:00Z
ocds-9t57fa-165415,C044A2708RFQ00128,Border Management Authority,Gauteng,complete,['Supply of goods'],"[{'industry': 'Supply of goods', 'score': 2.0, 'reasons': [""category field contains 'stationery'"", ""text fuzzy-matches 'supply and delivery' (similarity 1.00)""]}]",False,,0,ZAR,2026-08-14T11:00:00Z,,,2026-08-13T00:00:00Z
ocds-9t57fa-165470,NB084/2026,Tourism,Western Cape,complete,['Supply of goods'],"[{'industry': 'Supply of goods', 'score': 2.0, 'reasons': [""category field contains 'stationery'"", ""text fuzzy-matches 'stationery' (similarity 1.00)""]}]",False,,0,ZAR,2026-08-17T11:00:00Z,,,2026-08-13T00:00:00Z
ocds-9t57fa-165518,QR0708TETA002222,Transport Education and Training Authority,National,complete,['Professional & consulting services'],"[{'industry': 'Professional & consulting services', 'score': 1.0, 'reasons': [""category field contains 'consulting'""]}]",False,,0,ZAR,2026-08-17T11:00:00Z,,,2026-08-13T00:00:00Z
ocds-9t57fa-168865,IZIKO-CD-RFQ-2026-08-13 RENTAL OF COFFINS AND TRO,Iziko Museums of Cape Town,Western Cape,complete,['Other / uncategorised'],"[{'industry': 'Other / uncategorised', 'score': 0.0, 'reasons': []}]",False,,0,ZAR,2026-08-17T11:00:00Z,,,2026-08-13T00:00:00Z
ocds-9t57fa-165499,RFQ202627/38,Kwa-Zulu Natal - Trade and Investment KwaZulu-Natal,KwaZulu-Natal,complete,['Supply of goods'],"[{'industry': 'Supply of goods', 'score': 1.0, 'reasons': [""text fuzzy-matches 'supply and delivery' (similarity 1.00)""]}]",False,,0,ZAR,2026-08-17T12:00:00Z,,,2026-08-13T00:00:00Z
ocds-9t57fa-165489,-PM27-25/26,Polokwane Municipality,Limpopo,complete,['Supply of goods'],"[{'industry': 'Supply of goods', 'score': 1.0, 'reasons': [""text fuzzy-matches 'supply and delivery' (similarity 1.00)""]}]",False,,0,ZAR,2026-08-18T10:00:00Z,,,2026-08-13T00:00:00Z
ocds-9t57fa-165432,NRWDI/ICT/2026-13,National Radioactive Waste Disposal Institute (NRWDI),North West,complete,"['ICT & telecommunications', 'Construction & civil']","[{'industry': 'ICT & telecommunications', 'score': 1.0, 'reasons': [""text fuzzy-matches 'network' (similarity 1.00)""]}, {'industry': 'Construction & civil', 'score': 0.94, 'reasons': [""text fuzzy-matches 'building' (similarity 0.94)""]}]",False,,0,ZAR,2026-08-18T11:00:00Z,,,2026-08-13T00:00:00Z
ocds-9t57fa-165523,QR1308TETA002242,Transport Education and Training Authority,National,complete,['Professional & consulting services'],"[{'industry': 'Professional & consulting services', 'score': 1.0, 'reasons': [""category field contains 'consulting'""]}]",False,,0,ZAR,2026-08-18T11:00:00Z,,,2026-08-13T00:00:00Z
ocds-9t57fa-169151,REQ0000002240,Public Protector South Africa,Gauteng,complete,['Other / uncategorised'],"[{'industry': 'Other / uncategorised', 'score': 0.0, 'reasons': []}]",False,,0,ZAR,2026-08-18T11:00:00Z,,,2026-08-13T00:00:00Z
ocds-9t57fa-165413,RFQ202627/37,Kwa-Zulu Natal - Trade and Investment KwaZulu-Natal,KwaZulu-Natal,complete,"['Construction & civil', 'Supply of goods']","[{'industry': 'Construction & civil', 'score': 1.0, 'reasons': [""text fuzzy-matches 'building' (similarity 1.00)""]}, {'industry': 'Supply of goods', 'score': 1.0, 'reasons': [""text fuzzy-matches 'supply and delivery' (similarity 1.00)""]}]",False,,0,ZAR,2026-08-18T12:00:00Z,,,2026-08-13T00:00:00Z
ocds-9t57fa-165506,KZN/PRASA/2026/08/04/Q,Passenger Rail Agency of South Africa,KwaZulu-Natal,complete,['Mechanical & HVAC'],"[{'industry': 'Mechanical & HVAC', 'score': 1.0, 'reasons': [""category field contains 'air conditioning'""]}]",False,,0,ZAR,2026-08-18T12:00:00Z,,,2026-08-13T00:00:00Z
ocds-9t57fa-165466,NB091/2026,Tourism,Gauteng,complete,"['ICT & telecommunications', 'Professional & consulting services']","[{'industry': 'ICT & telecommunications', 'score': 1.0, 'reasons': [""category field contains 'ict'""]}, {'industry': 'Professional & consulting services', 'score': 1.0, 'reasons': [""category field contains 'consulting'""]}]",False,,0,ZAR,2026-08-18T14:00:00Z,,,2026-08-13T00:00:00Z
ocds-9t57fa-165423,PR10117674 ,Road Accident Fund,Gauteng,complete,"['Professional & consulting services', 'Construction & civil']","[{'industry': 'Professional & consulting services', 'score': 1.0, 'reasons': [""category field contains 'consulting'""]}, {'industry': 'Construction & civil', 'score': 0.89, 'reasons': [""text fuzzy-matches 'roads' (similarity 0.89)""]}]",False,,0,ZAR,2026-08-19T11:00:00Z,,,2026-08-13T00:00:00Z
ocds-9t57fa-165424,SCMU3-P26/27-0611-CH,Eastern Cape - Health,Eastern Cape,complete,['Professional & consulting services'],"[{'industry': 'Professional & consulting services', 'score': 1.0, 'reasons': [""category field contains 'consulting'""]}]",False,,0,ZAR,2026-08-19T11:00:00Z,,,2026-08-13T00:00:00Z
ocds-9t57fa-165461,RFQ/MICT/51/2026,"Media, Information and Communication Technologies Sector Education and training Authority (MICT SETA)",National,complete,['Other / uncategorised'],"[{'industry': 'Other / uncategorised', 'score': 0.0, 'reasons': []}]",False,,0,ZAR,2026-08-19T11:00:00Z,,,2026-08-13T00:00:00Z
ocds-9t57fa-165560,REQ0006013-Reissue,South African National Accreditation System,Gauteng,complete,['Professional & consulting services'],"[{'industry': 'Professional & consulting services', 'score': 1.0, 'reasons': [""category field contains 'consulting'""]}]",False,,0,ZAR,2026-08-19T11:00:00Z,,,2026-08-13T00:00:00Z
ocds-9t57fa-165563,RFQ 202047,The South African Bureau of Standards (SABS),Gauteng,complete,['Professional & consulting services'],"[{'industry': 'Professional & consulting services', 'score': 1.0, 'reasons': [""category field contains 'consulting'""]}]",False,,0,ZAR,2026-08-19T11:00:00Z,,,2026-08-13T00:00:00Z
ocds-9t57fa-165433,MBTC-SCM/128/2026,Mandela Bay Theatre Complex,Eastern Cape,complete,"['Professional & consulting services', 'Supply of goods']","[{'industry': 'Professional & consulting services', 'score': 1.0, 'reasons': [""category field contains 'consulting'""]}, {'industry': 'Supply of goods', 'score': 0.89, 'reasons': [""text fuzzy-matches 'supply and delivery' (similarity 0.89)""]}]",False,,0,ZAR,2026-08-20T11:00:00Z,,,2026-08-13T00:00:00Z
ocds-9t57fa-165464,MISA/RFQ/01145/2026/27,Municipal Infrastructure Support Agent,National,complete,['Professional & consulting services'],"[{'industry': 'Professional & consulting services', 'score': 1.0, 'reasons': [""category field contains 'consulting'""]}]",False,,0,ZAR,2026-08-20T11:00:00Z,,,2026-08-13T00:00:00Z
ocds-9t57fa-165522,RFP/2021/001466,Public Service Sector Education and Training Authority,National,complete,['Other / uncategorised'],"[{'industry': 'Other / uncategorised', 'score': 0.0, 'reasons': []}]",False,,0,ZAR,2026-08-20T11:00:00Z,,,2026-08-13T00:00:00Z
ocds-9t57fa-165530,16388,Automotive Industry Development Centre (AIDC),Gauteng,complete,['Security services'],"[{'industry': 'Security services', 'score': 1.0, 'reasons': [""category field contains 'security services'""]}]",False,,0,ZAR,2026-08-20T11:00:00Z,,,2026-08-13T00:00:00Z
ocds-9t57fa-165477,QUOTATION 8/2/36-2026 / MN170-2026,Bergrivier - WC Local Municipality,Western Cape,complete,"['Professional & consulting services', 'Supply of goods']","[{'industry': 'Professional & consulting services', 'score': 1.0, 'reasons': [""category field contains 'consulting'""]}, {'industry': 'Supply of goods', 'score': 1.0, 'reasons': [""text fuzzy-matches 'supply and delivery' (similarity 1.00)""]}]",False,,0,ZAR,2026-08-20T12:00:00Z,,,2026-08-13T00:00:00Z
ocds-9t57fa-165411,CTS-ToR-RFQ-0002 - Market research report on micro,South African Nuclear Energy Corporation Limited,North West,complete,"['Health & medical', 'Agriculture']","[{'industry': 'Health & medical', 'score': 0.97, 'reasons': [""text fuzzy-matches 'pharmaceutical' (similarity 0.97)""]}, {'industry': 'Agriculture', 'score': 0.96, 'reasons': [""text fuzzy-matches 'agriculture' (similarity 0.96)""]}]",False,,0,ZAR,2026-08-20T16:30:00Z,,,2026-08-13T00:00:00Z
ocds-9t57fa-165419,00100222805OR,Medical Research Council of South Africa,Western Cape,complete,['Professional & consulting services'],"[{'industry': 'Professional & consulting services', 'score': 1.0, 'reasons': [""category field contains 'consulting'""]}]",False,,0,ZAR,2026-08-21T10:00:00Z,,,2026-08-13T00:00:00Z
ocds-9t57fa-165328,N08/2026/2027,Thulamela Local Municipality,Limpopo,complete,['Other / uncategorised'],"[{'industry': 'Other / uncategorised', 'score': 0.0, 'reasons': []}]",False,,0,ZAR,2026-08-21T11:00:00Z,,,2026-08-13T00:00:00Z
ocds-9t57fa-165417,ER12576 ER12560 IR34025,Kwazulu Natal - Social Development,KwaZulu-Natal,complete,['Supply of goods'],"[{'industry': 'Supply of goods', 'score': 0.89, 'reasons': [""text fuzzy-matches 'supply and delivery' (similarity 0.89)""]}]",False,,0,ZAR,2026-08-21T11:00:00Z,,,2026-08-13T00:00:00Z
ocds-9t57fa-165449,5/2/1/1 2026-2027/151,National - Department of Agriculture,National,complete,"['Professional & consulting services', 'Agriculture']","[{'industry': 'Professional & consulting services', 'score': 1.0, 'reasons': [""text fuzzy-matches 'advisory' (similarity 1.00)""]}, {'industry': 'Agriculture', 'score': 0.96, 'reasons': [""text fuzzy-matches 'agriculture' (similarity 0.96)""]}]",False,,0,ZAR,2026-08-21T11:00:00Z,,,2026-08-13T00:00:00Z
ocds-9t57fa-165495,PR 10117662,Road Accident Fund,Gauteng,complete,"['Cleaning & facilities', 'Construction & civil']","[{'industry': 'Cleaning & facilities', 'score': 1.0, 'reasons': [""text fuzzy-matches 'cleaning services' (similarity 1.00)""]}, {'industry': 'Construction & civil', 'score': 0.89, 'reasons': [""text fuzzy-matches 'roads' (similarity 0.89)""]}]",False,,0,ZAR,2026-08-21T11:00:00Z,,,2026-08-13T00:00:00Z
ocds-9t57fa-165495,PR 10117662,Road Accident Fund,Gauteng,complete,"['Cleaning & facilities', 'Construction & civil']","[{'industry': 'Cleaning & facilities', 'score': 1.0, 'reasons': [""text fuzzy-matches 'cleaning services' (similarity 1.00)""]}, {'industry': 'Construction & civil', 'score': 0.89, 'reasons': [""text fuzzy-matches 'roads' (similarity 0.89)""]}]",False,,0,ZAR,2026-08-21T11:00:00Z,,,2026-08-13T00:00:00Z
ocds-9t57fa-165509,RFQ00033,Mining Qualifications Authority,Gauteng,complete,['Mining & resources'],"[{'industry': 'Mining & resources', 'score': 1.0, 'reasons': [""text fuzzy-matches 'mining' (similarity 1.00)""]}]",False,,0,ZAR,2026-08-21T11:00:00Z,,,2026-08-13T00:00:00Z
ocds-9t57fa-165519,RFQ00000023,Agricultural Research Council,Gauteng,complete,"['Health & medical', 'Supply of goods']","[{'industry': 'Health & medical', 'score': 1.0, 'reasons': [""category field contains 'medical'""]}, {'industry': 'Supply of goods', 'score': 1.0, 'reasons': [""text fuzzy-matches 'supply and delivery' (similarity 1.00)""]}]",False,,0,ZAR,2026-08-21T11:00:00Z,,,2026-08-13T00:00:00Z
ocds-9t57fa-165497,TASEZ/RFQ048/2026,TSHWANE AUTOMOTIVE SPECIAL ECONOMIC ZONE,Gauteng,complete,['Other / uncategorised'],"[{'industry': 'Other / uncategorised', 'score': 0.0, 'reasons': []}]",False,,0,ZAR,2026-08-21T12:00:00Z,,,2026-08-13T00:00:00Z
ocds-9t57fa-165511,GMQ108/25-26,George Municipality,Western Cape,complete,['Other / uncategorised'],"[{'industry': 'Other / uncategorised', 'score': 0.0, 'reasons': []}]",False,,0,ZAR,2026-08-21T12:00:00Z,,,2026-08-13T00:00:00Z
ocds-9t57fa-165536,RE-LTAQ002-26/27,Limpopo - Limpopo Tourism Agency,Limpopo,complete,['Other / uncategorised'],"[{'industry': 'Other / uncategorised', 'score': 0.0, 'reasons': []}]",False,,0,ZAR,2026-08-21T12:00:00Z,,,2026-08-13T00:00:00Z
ocds-9t57fa-165532,BL-INSTRM-RFQ-25001,South African Nuclear Energy Corporation Limited,North West,complete,"['Electrical', 'Supply of goods']","[{'industry': 'Electrical', 'score': 1.0, 'reasons': [""category field contains 'electrical'""]}, {'industry': 'Supply of goods', 'score': 1.0, 'reasons': [""text fuzzy-matches 'supply and delivery' (similarity 1.00)""]}]",False,,0,ZAR,2026-08-21T16:00:00Z,,,2026-08-13T00:00:00Z
ocds-9t57fa-165443,RFQ/EC/CETC/ACD/01/08/2026,Eastern Cape CET College,Eastern Cape,complete,['Supply of goods'],"[{'industry': 'Supply of goods', 'score': 1.0, 'reasons': [""text fuzzy-matches 'supply and delivery' (similarity 1.00)""]}]",False,,0,ZAR,2026-08-24T11:00:00Z,,,2026-08-13T00:00:00Z
ocds-9t57fa-165450,NB102/2026,Tourism,Gauteng,complete,['Other / uncategorised'],"[{'industry': 'Other / uncategorised', 'score': 0.0, 'reasons': []}]",False,,0,ZAR,2026-08-24T11:00:00Z,,,2026-08-13T00:00:00Z
ocds-9t57fa-165515,DA-10001,Statistics South Africa,National,complete,['Other / uncategorised'],"[{'industry': 'Other / uncategorised', 'score': 0.0, 'reasons': []}]",False,,0,ZAR,2026-08-24T11:00:00Z,,,2026-08-13T00:00:00Z
ocds-9t57fa-165533,RFQ/EC/CETC/HR/01/08/2026,Eastern Cape CET College,Eastern Cape,complete,['Professional & consulting services'],"[{'industry': 'Professional & consulting services', 'score': 1.0, 'reasons': [""category field contains 'consulting'""]}]",False,,0,ZAR,2026-08-24T11:00:00Z,,,2026-08-13T00:00:00Z
ocds-9t57fa-165524,181/2026,Kouga Municipality,Eastern Cape,complete,['Supply of goods'],"[{'industry': 'Supply of goods', 'score': 1.0, 'reasons': [""text fuzzy-matches 'supply and delivery' (similarity 1.00)""]}]",False,,0,ZAR,2026-08-24T12:00:00Z,,,2026-08-13T00:00:00Z
ocds-9t57fa-165525,173/2026,Kouga Municipality,Eastern Cape,complete,['Professional & consulting services'],"[{'industry': 'Professional & consulting services', 'score': 1.0, 'reasons': [""category field contains 'consulting'""]}]",False,,0,ZAR,2026-08-24T12:00:00Z,,,2026-08-13T00:00:00Z
ocds-9t57fa-165492,RFQ 30121 Re-issue,Airports Company of South Africa,KwaZulu-Natal,complete,"['Electrical', 'Supply of goods']","[{'industry': 'Electrical', 'score': 1.0, 'reasons': [""category field contains 'electrical'""]}, {'industry': 'Supply of goods', 'score': 0.97, 'reasons': [""text fuzzy-matches 'supply and delivery' (similarity 0.97)""]}]",False,,0,ZAR,2026-08-24T13:00:00Z,,,2026-08-13T00:00:00Z
ocds-9t57fa-165508,RFQ 30120,Airports Company of South Africa,KwaZulu-Natal,complete,['Other / uncategorised'],"[{'industry': 'Other / uncategorised', 'score': 0.0, 'reasons': []}]",False,,0,ZAR,2026-08-24T14:00:00Z,,,2026-08-13T00:00:00Z
ocds-9t57fa-165513,513/08/26/GAU-PER,Passenger Rail Agency of South Africa,Gauteng,complete,['Supply of goods'],"[{'industry': 'Supply of goods', 'score': 1.0, 'reasons': [""text fuzzy-matches 'supply and delivery' (similarity 1.00)""]}]",False,,0,ZAR,2026-08-25T10:00:00Z,,,2026-08-13T00:00:00Z
ocds-9t57fa-165372,RFP-HO-06-2026,South African Human Rights Commission,Gauteng,complete,['Other / uncategorised'],"[{'industry': 'Other / uncategorised', 'score': 0.0, 'reasons': []}]",False,,0,ZAR,2026-08-25T11:00:00Z,,,2026-08-13T00:00:00Z
ocds-9t57fa-165484,VCW27/001,Vaal Central Water,Northern Cape,complete,['Professional & consulting services'],"[{'industry': 'Professional & consulting services', 'score': 1.0, 'reasons': [""category field contains 'consulting'""]}]",False,,0,ZAR,2026-08-25T12:00:00Z,,,2026-08-13T00:00:00Z
ocds-9t57fa-165514,VCW27/006,Vaal Central Water,Free State,complete,['Other / uncategorised'],"[{'industry': 'Other / uncategorised', 'score': 0.0, 'reasons': []}]",False,,0,ZAR,2026-08-25T12:00:00Z,,,2026-08-13T00:00:00Z
ocds-9t57fa-165517,VCW27/007,Vaal Central Water,Free State,complete,['Other / uncategorised'],"[{'industry': 'Other / uncategorised', 'score': 0.0, 'reasons': []}]",False,,0,ZAR,2026-08-25T12:00:00Z,,,2026-08-13T00:00:00Z
ocds-9t57fa-165520,VCW27/008,Vaal Central Water,Free State,complete,['ICT & telecommunications'],"[{'industry': 'ICT & telecommunications', 'score': 0.89, 'reasons': [""text fuzzy-matches 'fibre' (similarity 0.89)""]}]",False,,0,ZAR,2026-08-25T12:00:00Z,,,2026-08-13T00:00:00Z
ocds-9t57fa-165521,VCW27/009,Vaal Central Water,Free State,complete,['Other / uncategorised'],"[{'industry': 'Other / uncategorised', 'score': 0.0, 'reasons': []}]",False,,0,ZAR,2026-08-25T12:00:00Z,,,2026-08-13T00:00:00Z
ocds-9t57fa-165430,ATNS/RFQ/03/2026/52/FACTSupply of Labour Re-advert,Air Traffic and Navigation Services Company Limited,Gauteng,complete,['Other / uncategorised'],"[{'industry': 'Other / uncategorised', 'score': 0.0, 'reasons': []}]",False,,0,ZAR,2026-08-26T11:00:00Z,,,2026-08-13T00:00:00Z
ocds-9t57fa-165435,SCM002/2026,Public Service & Administration,Gauteng,complete,['Other / uncategorised'],"[{'industry': 'Other / uncategorised', 'score': 0.0, 'reasons': []}]",False,,0,ZAR,2026-08-26T11:00:00Z,,,2026-08-13T00:00:00Z
ocds-9t57fa-165507,JRA/25/146 ,Johannesburg Road Agency (JRA),Gauteng,complete,"['Construction & civil', 'Professional & consulting services']","[{'industry': 'Construction & civil', 'score': 1.0, 'reasons': [""text fuzzy-matches 'roads' (similarity 1.00)""]}, {'industry': 'Professional & consulting services', 'score': 1.0, 'reasons': [""category field contains 'consulting'""]}]",False,,0,ZAR,2026-08-26T11:00:00Z,,,2026-08-13T00:00:00Z
ocds-9t57fa-165436,Q07-2026,Overberg District Municipality,Western Cape,complete,['Security services'],"[{'industry': 'Security services', 'score': 2.0, 'reasons': [""category field contains 'security services'"", ""text fuzzy-matches 'access control' (similarity 1.00)""]}]",False,,0,ZAR,2026-08-26T12:00:00Z,,,2026-08-13T00:00:00Z
ocds-9t57fa-165478,TPT/2026/05/0512/5942/RFP ,Transnet SOC Ltd,Eastern Cape,complete,['Mining & resources'],"[{'industry': 'Mining & resources', 'score': 1.0, 'reasons': [""text fuzzy-matches 'ore' (similarity 1.00)""]}]",False,,0,ZAR,2026-08-27T02:00:00Z,,,2026-08-13T00:00:00Z
ocds-9t57fa-165462,PM03-26/27,Polokwane Municipality,Limpopo,complete,['Other / uncategorised'],"[{'industry': 'Other / uncategorised', 'score': 0.0, 'reasons': []}]",False,,0,ZAR,2026-08-27T10:00:00Z,,,2026-08-13T00:00:00Z
ocds-9t57fa-165526,E2120TGSERI,ESKOM,National,complete,"['Electrical', 'Supply of goods']","[{'industry': 'Electrical', 'score': 2.0, 'reasons': [""category field contains 'electrical'"", ""text fuzzy-matches 'generator' (similarity 1.00)""]}, {'industry': 'Supply of goods', 'score': 1.0, 'reasons': [""text fuzzy-matches 'supply and delivery' (similarity 1.00)""]}]",False,,0,ZAR,2026-08-27T10:00:00Z,,,2026-08-13T00:00:00Z
ocds-9t57fa-165531,SCM003/2026,Public Service & Administration,Gauteng,complete,['Other / uncategorised'],"[{'industry': 'Other / uncategorised', 'score': 0.0, 'reasons': []}]",False,,0,ZAR,2026-08-27T11:00:00Z,,,2026-08-13T00:00:00Z
ocds-9t57fa-165456,10372091,Passenger Rail Agency of South Africa,Western Cape,complete,"['ICT & telecommunications', 'Professional & consulting services']","[{'industry': 'ICT & telecommunications', 'score': 1.0, 'reasons': [""text fuzzy-matches 'ict' (similarity 1.00)""]}, {'industry': 'Professional & consulting services', 'score': 1.0, 'reasons': [""category field contains 'consulting'""]}]",False,,0,ZAR,2026-08-27T12:00:00Z,,,2026-08-13T00:00:00Z
ocds-9t57fa-165414,E2684GCDLPMEDR,ESKOM,Limpopo,complete,['Other / uncategorised'],"[{'industry': 'Other / uncategorised', 'score': 0.0, 'reasons': []}]",False,,0,ZAR,2026-08-28T10:00:00Z,,,2026-08-13T00:00:00Z
ocds-9t57fa-165921,EX 21/2026,South African Revenue Service,Mpumalanga,active,['Other / uncategorised'],"[{'industry': 'Other / uncategorised', 'score': 0.0, 'reasons': []}]",False,2031-12-31T00:00:00Z,0,ZAR,2026-08-13T11:00:00Z,,5667184.0,2026-08-12T00:00:00Z
ocds-9t57fa-166778,SIN-102,Council for Scientific and Industrial Research (CSIR),Gauteng,active,['Professional & consulting services'],"[{'industry': 'Professional & consulting services', 'score': 1.0, 'reasons': [""category field contains 'consulting'""]}]",False,,0,ZAR,2026-08-13T11:00:00Z,,1401303.0,2026-08-12T00:00:00Z
ocds-9t57fa-166784,SIN-149,Council for Scientific and Industrial Research (CSIR),Gauteng,active,"['Security services', 'Professional & consulting services']","[{'industry': 'Security services', 'score': 1.0, 'reasons': [""text fuzzy-matches 'surveillance' (similarity 1.00)""]}, {'industry': 'Professional & consulting services', 'score': 1.0, 'reasons': [""category field contains 'consulting'""]}]",False,,0,ZAR,2026-08-13T11:00:00Z,,6957040.0,2026-08-12T00:00:00Z
ocds-9t57fa-166792,CSIR-MSP018,Council for Scientific and Industrial Research (CSIR),Gauteng,active,['Other / uncategorised'],"[{'industry': 'Other / uncategorised', 'score': 0.0, 'reasons': []}]",False,,0,ZAR,2026-08-13T11:00:00Z,,136468584.0,2026-08-12T00:00:00Z
ocds-9t57fa-167635,EX 02/2026,South African Revenue Service,Gauteng,active,['Other / uncategorised'],"[{'industry': 'Other / uncategorised', 'score': 0.0, 'reasons': []}]",False,2036-07-31T00:00:00Z,0,ZAR,2026-08-13T11:00:00Z,,45402596759.0,2026-08-12T00:00:00Z
ocds-9t57fa-168679,ANKM04043,Amatola Water Board,Eastern Cape,active,['Supply of goods'],"[{'industry': 'Supply of goods', 'score': 1.0, 'reasons': [""text fuzzy-matches 'supply and delivery' (similarity 1.00)""]}]",False,,0,ZAR,2026-08-18T11:00:00Z,,48269640.0,2026-08-12T00:00:00Z
ocds-9t57fa-168936,Dev2026-034,National Treasury,National,cancelled,['Other / uncategorised'],"[{'industry': 'Other / uncategorised', 'score': 0.0, 'reasons': []}]",False,,0,ZAR,2026-08-19T11:00:00Z,,124990.0,2026-08-12T00:00:00Z
ocds-9t57fa-165360,RFO/MICT/49/2026 1,"Media, Information and Communication Technologies Sector Education and training Authority (MICT SETA)",National,complete,['Supply of goods'],"[{'industry': 'Supply of goods', 'score': 1.0, 'reasons': [""text fuzzy-matches 'supply and delivery' (similarity 1.00)""]}]",False,,0,ZAR,2026-08-17T11:00:00Z,,,2026-08-12T00:00:00Z
ocds-9t57fa-165364,MBTC-SCM/127/2026,Mandela Bay Theatre Complex,Eastern Cape,complete,['Supply of goods'],"[{'industry': 'Supply of goods', 'score': 1.0, 'reasons': [""text fuzzy-matches 'supply and delivery' (similarity 1.00)""]}]",False,,0,ZAR,2026-08-17T11:00:00Z,,,2026-08-12T00:00:00Z
ocds-9t57fa-165384,IM1832026,Tourism,Gauteng,complete,['Health & medical'],"[{'industry': 'Health & medical', 'score': 2.0, 'reasons': [""category field contains 'medical'"", ""text fuzzy-matches 'medical' (similarity 1.00)""]}]",False,,0,ZAR,2026-08-17T11:00:00Z,,,2026-08-12T00:00:00Z
ocds-9t57fa-165349,SLM/SCM/08/2026/2027,Sakhisizwe Local Municipality,Eastern Cape,complete,['Supply of goods'],"[{'industry': 'Supply of goods', 'score': 1.0, 'reasons': [""text fuzzy-matches 'supply and delivery' (similarity 1.00)""]}]",False,,0,ZAR,2026-08-17T12:00:00Z,,,2026-08-12T00:00:00Z
ocds-9t57fa-165308,5/2/1/1/2026/2027/74,Department of Rural Development & Land Reform,Gauteng,complete,['Supply of goods'],"[{'industry': 'Supply of goods', 'score': 1.0, 'reasons': [""text fuzzy-matches 'supply and delivery' (similarity 1.00)""]}]",False,,0,ZAR,2026-08-18T11:00:00Z,,,2026-08-12T00:00:00Z
ocds-9t57fa-165350,10373247,Passenger Rail Agency of South Africa,Free State,complete,['Electrical'],"[{'industry': 'Electrical', 'score': 1.0, 'reasons': [""category field contains 'electrical'""]}]",False,,0,ZAR,2026-08-18T12:00:00Z,,,2026-08-12T00:00:00Z
ocds-9t57fa-165380,RFQ 14 OF 2026 ,Nelson Mandela National Museum,Eastern Cape,complete,['Other / uncategorised'],"[{'industry': 'Other / uncategorised', 'score': 0.0, 'reasons': []}]",False,,0,ZAR,2026-08-18T12:00:00Z,,,2026-08-12T00:00:00Z
ocds-9t57fa-165382,RFQ 15 OF 2026,Nelson Mandela National Museum,Eastern Cape,complete,['Other / uncategorised'],"[{'industry': 'Other / uncategorised', 'score': 0.0, 'reasons': []}]",False,,0,ZAR,2026-08-18T12:00:00Z,,,2026-08-12T00:00:00Z
ocds-9t57fa-165342,RFQ 4598/26,South African Weather Service,Western Cape,complete,"['Professional & consulting services', 'Supply of goods']","[{'industry': 'Professional & consulting services', 'score': 1.0, 'reasons': [""category field contains 'consulting'""]}, {'industry': 'Supply of goods', 'score': 1.0, 'reasons': [""text fuzzy-matches 'supply and delivery' (similarity 1.00)""]}]",False,,0,ZAR,2026-08-19T11:00:00Z,,,2026-08-12T00:00:00Z
ocds-9t57fa-165344, Znq 45/26/27,Kwazulu Natal - Public Works (Head Office),KwaZulu-Natal,complete,"['ICT & telecommunications', 'Professional & consulting services']","[{'industry': 'ICT & telecommunications', 'score': 1.0, 'reasons': [""text fuzzy-matches 'network' (similarity 1.00)""]}, {'industry': 'Professional & consulting services', 'score': 1.0, 'reasons': [""category field contains 'consulting'""]}]",False,,0,ZAR,2026-08-19T11:00:00Z,,,2026-08-12T00:00:00Z
ocds-9t57fa-165455,COM100/2026,Mbombela Local Municipality,Mpumalanga,complete,['Other / uncategorised'],"[{'industry': 'Other / uncategorised', 'score': 0.0, 'reasons': []}]",False,,0,ZAR,2026-08-19T11:00:00Z,,,2026-08-12T00:00:00Z
ocds-9t57fa-165300,QUOTATION 8/2/37-2026 / MN171-2026,Bergrivier - WC Local Municipality,Western Cape,complete,['Professional & consulting services'],"[{'industry': 'Professional & consulting services', 'score': 1.0, 'reasons': [""category field contains 'consulting'""]}]",False,,0,ZAR,2026-08-19T12:00:00Z,,,2026-08-12T00:00:00Z
ocds-9t57fa-165319,10366316,Passenger Rail Agency of South Africa,Western Cape,complete,['Supply of goods'],"[{'industry': 'Supply of goods', 'score': 0.97, 'reasons': [""text fuzzy-matches 'supply and delivery' (similarity 0.97)""]}]",False,,0,ZAR,2026-08-19T12:00:00Z,,,2026-08-12T00:00:00Z
ocds-9t57fa-165355,JW RFI 11/08/2026 MSC,Johannesburg Water,Gauteng,complete,['Other / uncategorised'],"[{'industry': 'Other / uncategorised', 'score': 0.0, 'reasons': []}]",False,,0,ZAR,2026-08-19T12:00:00Z,,,2026-08-12T00:00:00Z
ocds-9t57fa-165330,RFQ/021/2026/27,BRAND RSA,Gauteng,complete,['Professional & consulting services'],"[{'industry': 'Professional & consulting services', 'score': 1.0, 'reasons': [""category field contains 'consulting'""]}]",False,,0,ZAR,2026-08-19T16:00:00Z,,,2026-08-12T00:00:00Z
ocds-9t57fa-165351,DMP/11/26/GAU-RISK,Passenger Rail Agency of South Africa,Gauteng,complete,"['ICT & telecommunications', 'Professional & consulting services', 'Health & medical']","[{'industry': 'ICT & telecommunications', 'score': 1.0, 'reasons': [""text fuzzy-matches 'software' (similarity 1.00)""]}, {'industry': 'Professional & consulting services', 'score': 1.0, 'reasons': [""category field contains 'consulting'""]}, {'industry': 'Health & medical', 'score': 1.0, 'reasons': [""text fuzzy-matches 'clinic' (similarity 1.00)""]}]",False,,0,ZAR,2026-08-20T10:00:00Z,,,2026-08-12T00:00:00Z
ocds-9t57fa-165362,135 AM (26/27),"National - Environment, Forestry and Fisheries",National,complete,['Other / uncategorised'],"[{'industry': 'Other / uncategorised', 'score': 0.0, 'reasons': []}]",False,,0,ZAR,2026-08-20T11:00:00Z,,,2026-08-12T00:00:00Z
ocds-9t57fa-165381,AGR0008-1/26,Gauteng - Agriculture and Rural Development,Gauteng,complete,['Professional & consulting services'],"[{'industry': 'Professional & consulting services', 'score': 1.98, 'reasons': [""category field contains 'consulting'"", ""text fuzzy-matches 'professional services' (similarity 0.98)""]}]",False,,0,ZAR,2026-08-20T11:00:00Z,,,2026-08-12T00:00:00Z
ocds-9t57fa-165392,EWSETA/RFQ/024/2026-27,Energy and Water Sector Education and Training Authority,Gauteng,complete,['Other / uncategorised'],"[{'industry': 'Other / uncategorised', 'score': 0.0, 'reasons': []}]",False,,0,ZAR,2026-08-20T13:00:00Z,,,2026-08-12T00:00:00Z
ocds-9t57fa-165366,NOTICE 4 OF 2026,BUFFALO CITY METROPOLITAN DEVELOPMENT AGENCY,Eastern Cape,complete,['Other / uncategorised'],"[{'industry': 'Other / uncategorised', 'score': 0.0, 'reasons': []}]",False,,0,ZAR,2026-08-21T11:00:00Z,,,2026-08-12T00:00:00Z
ocds-9t57fa-165368,NOTICE 5 OF 2026,BUFFALO CITY METROPOLITAN DEVELOPMENT AGENCY,Eastern Cape,complete,['Security services'],"[{'industry': 'Security services', 'score': 1.0, 'reasons': [""category field contains 'security services'""]}]",False,,0,ZAR,2026-08-21T12:00:00Z,,,2026-08-12T00:00:00Z
ocds-9t57fa-165377,SAST/RFQ/2026-2027/234A,The South African State Theatre,Gauteng,complete,['Other / uncategorised'],"[{'industry': 'Other / uncategorised', 'score': 0.0, 'reasons': []}]",False,,0,ZAR,2026-08-24T11:00:00Z,,,2026-08-12T00:00:00Z
ocds-9t57fa-165305,BPDM/SCM/ROADS/MAINTENANCE/KGETLENGRIVIER/T/27/202,Bojanala District Municipality,North West,complete,"['Supply of goods', 'Construction & civil']","[{'industry': 'Supply of goods', 'score': 1.0, 'reasons': [""text fuzzy-matches 'supply and delivery' (similarity 1.00)""]}, {'industry': 'Construction & civil', 'score': 0.89, 'reasons': [""text fuzzy-matches 'roads' (similarity 0.89)""]}]",False,,0,ZAR,2026-08-24T12:00:00Z,,,2026-08-12T00:00:00Z
ocds-9t57fa-165306,BPDM/SCM/ROADS/MAINTENANCE/MOSESKOTANE/T/28/26/27,Bojanala District Municipality,North West,complete,"['Supply of goods', 'Construction & civil']","[{'industry': 'Supply of goods', 'score': 1.0, 'reasons': [""text fuzzy-matches 'supply and delivery' (similarity 1.00)""]}, {'industry': 'Construction & civil', 'score': 0.89, 'reasons': [""text fuzzy-matches 'roads' (similarity 0.89)""]}]",False,,0,ZAR,2026-08-24T12:00:00Z,,,2026-08-12T00:00:00Z
ocds-9t57fa-165397,RFQ/MPU/2026/057,Housing Development Agency,National,complete,['Professional & consulting services'],"[{'industry': 'Professional & consulting services', 'score': 1.0, 'reasons': [""category field contains 'consulting'""]}]",False,,0,ZAR,2026-08-25T11:00:00Z,,,2026-08-12T00:00:00Z
ocds-9t57fa-165307,BPDM/SCM/ROADS/MAINTENANCE/RUSTENBURG/T/29/2026/27,Bojanala District Municipality,North West,complete,"['Supply of goods', 'Construction & civil']","[{'industry': 'Supply of goods', 'score': 1.0, 'reasons': [""text fuzzy-matches 'supply and delivery' (similarity 1.00)""]}, {'industry': 'Construction & civil', 'score': 0.89, 'reasons': [""text fuzzy-matches 'roads' (similarity 0.89)""]}]",False,,0,ZAR,2026-08-25T12:00:00Z,,,2026-08-12T00:00:00Z
ocds-9t57fa-165310,BPDM/SCM/ROADS/MAINTENANCE/MORETELE/T/30/2026/27,Bojanala District Municipality,North West,complete,"['Supply of goods', 'Construction & civil']","[{'industry': 'Supply of goods', 'score': 1.0, 'reasons': [""text fuzzy-matches 'supply and delivery' (similarity 1.00)""]}, {'industry': 'Construction & civil', 'score': 0.89, 'reasons': [""text fuzzy-matches 'roads' (similarity 0.89)""]}]",False,,0,ZAR,2026-08-25T12:00:00Z,,,2026-08-12T00:00:00Z
ocds-9t57fa-165356,KZNGFA-RFQ 2026 -10,KZN Growth Fund Trust,KwaZulu-Natal,complete,"['Electrical', 'ICT & telecommunications']","[{'industry': 'Electrical', 'score': 1.0, 'reasons': [""category field contains 'electrical'""]}, {'industry': 'ICT & telecommunications', 'score': 1.0, 'reasons': [""text fuzzy-matches 'network' (similarity 1.00)""]}]",False,,0,ZAR,2026-08-25T12:00:00Z,,,2026-08-12T00:00:00Z
ocds-9t57fa-165358,ADVERTISED RFQ 01/08/2026,Oudtshoorn Municipality,Western Cape,complete,['Supply of goods'],"[{'industry': 'Supply of goods', 'score': 1.0, 'reasons': [""text fuzzy-matches 'supply and delivery' (similarity 1.00)""]}]",False,,0,ZAR,2026-08-25T12:00:00Z,,,2026-08-12T00:00:00Z
ocds-9t57fa-165336,E2352DX GP,ESKOM,Gauteng,complete,"['Electrical', 'Supply of goods']","[{'industry': 'Electrical', 'score': 1.0, 'reasons': [""category field contains 'electrical'""]}, {'industry': 'Supply of goods', 'score': 1.0, 'reasons': [""text fuzzy-matches 'supply and delivery' (similarity 1.00)""]}]",False,,0,ZAR,2026-08-25T23:30:00Z,,,2026-08-12T00:00:00Z
ocds-9t57fa-165367,RFP07 2026-2027,National Film and Video Foundation of South Africa,Gauteng,complete,['Transport & logistics'],"[{'industry': 'Transport & logistics', 'score': 1.0, 'reasons': [""category field contains 'transport'""]}]",False,,0,ZAR,2026-08-26T11:00:00Z,,,2026-08-12T00:00:00Z
ocds-9t57fa-165393,IZIKO RFQ-CSM-NMPH-CONTAINERS 12/05/2026,Iziko Museums of Cape Town,Western Cape,complete,['Other / uncategorised'],"[{'industry': 'Other / uncategorised', 'score': 0.0, 'reasons': []}]",False,,0,ZAR,2026-08-26T11:00:00Z,,,2026-08-12T00:00:00Z
ocds-9t57fa-165312,BPDM/SCM/ROADS/MAINTENANCE/MADIBENG/T/31/2026/27,Bojanala District Municipality,North West,complete,"['Supply of goods', 'Construction & civil']","[{'industry': 'Supply of goods', 'score': 1.0, 'reasons': [""text fuzzy-matches 'supply and delivery' (similarity 1.00)""]}, {'industry': 'Construction & civil', 'score': 0.89, 'reasons': [""text fuzzy-matches 'roads' (similarity 0.89)""]}]",False,,0,ZAR,2026-08-26T12:00:00Z,,,2026-08-12T00:00:00Z
ocds-9t57fa-165313,BPDM/SCM/WATER/FACILITY/KGETLENGRIVIER/T/32/26/27,Bojanala District Municipality,North West,complete,['Supply of goods'],"[{'industry': 'Supply of goods', 'score': 1.0, 'reasons': [""text fuzzy-matches 'supply and delivery' (similarity 1.00)""]}]",False,,0,ZAR,2026-08-26T12:00:00Z,,,2026-08-12T00:00:00Z
ocds-9t57fa-165345,E3348GXMPTUT,ESKOM,Mpumalanga,complete,"['Electrical', 'Supply of goods']","[{'industry': 'Electrical', 'score': 2.0, 'reasons': [""category field contains 'electrical'"", ""text fuzzy-matches 'electrical' (similarity 1.00)""]}, {'industry': 'Supply of goods', 'score': 1.0, 'reasons': [""text fuzzy-matches 'supply and delivery' (similarity 1.00)""]}]",False,,0,ZAR,2026-08-27T10:00:00Z,,,2026-08-12T00:00:00Z
ocds-9t57fa-165345,E3348GXMPTUT,ESKOM,Mpumalanga,complete,"['Electrical', 'Supply of goods']","[{'industry': 'Electrical', 'score': 2.0, 'reasons': [""category field contains 'electrical'"", ""text fuzzy-matches 'electrical' (similarity 1.00)""]}, {'industry': 'Supply of goods', 'score': 1.0, 'reasons': [""text fuzzy-matches 'supply and delivery' (similarity 1.00)""]}]",False,,0,ZAR,2026-08-27T10:00:00Z,,,2026-08-12T00:00:00Z
ocds-9t57fa-166090,DEV002,SOUTH AFRICAN HEALTH PRODUCTS REGULATORY AUTHORITY,National,active,['Health & medical'],"[{'industry': 'Health & medical', 'score': 1.0, 'reasons': [""text fuzzy-matches 'hospital' (similarity 1.00)""]}]",False,,0,ZAR,2026-08-12T11:00:00Z,,1819875.0,2026-08-11T00:00:00Z
ocds-9t57fa-166137,SS 2026/65210/1027/016,South African National Roads Agency Soc Limited (SANRAL),KwaZulu-Natal,active,['Other / uncategorised'],"[{'industry': 'Other / uncategorised', 'score': 0.0, 'reasons': []}]",False,,0,ZAR,2026-08-12T11:00:00Z,,960000.0,2026-08-11T00:00:00Z
ocds-9t57fa-165463,RFQ/MICT/50/2026,"Media, Information and Communication Technologies Sector Education and training Authority (MICT SETA)",National,active,['Other / uncategorised'],"[{'industry': 'Other / uncategorised', 'score': 0.0, 'reasons': []}]",False,,0,ZAR,2026-08-12T16:00:00Z,,92000.0,2026-08-11T00:00:00Z
ocds-9t57fa-165225,00100222743OR,Medical Research Council of South Africa,Western Cape,active,"['Construction & civil', 'Professional & consulting services']","[{'industry': 'Construction & civil', 'score': 1.0, 'reasons': [""text fuzzy-matches 'construction' (similarity 1.00)""]}, {'industry': 'Professional & consulting services', 'score': 1.0, 'reasons': [""category field contains 'consulting'""]}]",False,,0,ZAR,2026-08-18T10:00:00Z,,5786373.0,2026-08-11T00:00:00Z
ocds-9t57fa-165198,IHLM/15/2026-27/ADMIN,Ingquza Hill Local Municipality,Eastern Cape,active,['Supply of goods'],"[{'industry': 'Supply of goods', 'score': 1.0, 'reasons': [""text fuzzy-matches 'supply and delivery' (similarity 1.00)""]}]",False,,0,ZAR,2026-08-19T12:00:00Z,,27740525.0,2026-08-11T00:00:00Z
ocds-9t57fa-165260,Q13/2026/27,Cape Agulhas Municipality,Western Cape,active,['Supply of goods'],"[{'industry': 'Supply of goods', 'score': 0.89, 'reasons': [""text fuzzy-matches 'supply and delivery' (similarity 0.89)""]}]",False,2026-09-30T00:00:00Z,0,ZAR,2026-08-21T12:00:00Z,,978190.0,2026-08-11T00:00:00Z
ocds-9t57fa-165227,RFQ2026-008-011,National Lotteries Commission,Mpumalanga,complete,['Other / uncategorised'],"[{'industry': 'Other / uncategorised', 'score': 0.0, 'reasons': []}]",False,,0,ZAR,2026-08-13T11:00:00Z,,,2026-08-11T00:00:00Z
ocds-9t57fa-165200,LM 2026/0067,Luthuli museum,KwaZulu-Natal,complete,['Supply of goods'],"[{'industry': 'Supply of goods', 'score': 1.0, 'reasons': [""text fuzzy-matches 'supply and delivery' (similarity 1.00)""]}]",False,,0,ZAR,2026-08-14T10:00:00Z,,,2026-08-11T00:00:00Z
ocds-9t57fa-165211,RFQ2026-008-009,National Lotteries Commission,Gauteng,complete,['Other / uncategorised'],"[{'industry': 'Other / uncategorised', 'score': 0.0, 'reasons': []}]",False,,0,ZAR,2026-08-14T11:00:00Z,,,2026-08-11T00:00:00Z
ocds-9t57fa-165251,H004L2708RFQ00127,Border Management Authority,Gauteng,complete,['Other / uncategorised'],"[{'industry': 'Other / uncategorised', 'score': 0.0, 'reasons': []}]",False,,0,ZAR,2026-08-14T11:00:00Z,,,2026-08-11T00:00:00Z
ocds-9t57fa-165277,IZIKO RFQ ADV REPARTRIATION 19/08/2026,Iziko Museums of Cape Town,Western Cape,complete,['Other / uncategorised'],"[{'industry': 'Other / uncategorised', 'score': 0.0, 'reasons': []}]",False,,0,ZAR,2026-08-14T11:00:00Z,,,2026-08-11T00:00:00Z
ocds-9t57fa-165271,RFQ26357,Basic Education,National,complete,['Professional & consulting services'],"[{'industry': 'Professional & consulting services', 'score': 1.0, 'reasons': [""category field contains 'consulting'""]}]",False,,0,ZAR,2026-08-14T16:00:00Z,,,2026-08-11T00:00:00Z
ocds-9t57fa-165248,NB096/2026,Tourism,KwaZulu-Natal,complete,['Security services'],"[{'industry': 'Security services', 'score': 1.0, 'reasons': [""category field contains 'security services'""]}]",False,,0,ZAR,2026-08-17T10:00:00Z,,,2026-08-11T00:00:00Z
ocds-9t57fa-165189,IM1822026,Tourism,Gauteng,complete,['Professional & consulting services'],"[{'industry': 'Professional & consulting services', 'score': 1.0, 'reasons': [""text fuzzy-matches 'project management' (similarity 1.00)""]}]",False,,0,ZAR,2026-08-17T11:00:00Z,,,2026-08-11T00:00:00Z
ocds-9t57fa-165228,PR10117596,Road Accident Fund,Northern Cape,complete,"['Health & medical', 'Construction & civil']","[{'industry': 'Health & medical', 'score': 1.0, 'reasons': [""text fuzzy-matches 'ambulance' (similarity 1.00)""]}, {'industry': 'Construction & civil', 'score': 0.89, 'reasons': [""text fuzzy-matches 'roads' (similarity 0.89)""]}]",False,,0,ZAR,2026-08-17T11:00:00Z,,,2026-08-11T00:00:00Z
ocds-9t57fa-165252,OTP-26/27-206,Eastern Cape - Officer of the Premier,Eastern Cape,complete,['Other / uncategorised'],"[{'industry': 'Other / uncategorised', 'score': 0.0, 'reasons': []}]",False,,0,ZAR,2026-08-17T11:00:00Z,,,2026-08-11T00:00:00Z
ocds-9t57fa-165292,202045,SA Bureau of Standards,Gauteng,complete,['Other / uncategorised'],"[{'industry': 'Other / uncategorised', 'score': 0.0, 'reasons': []}]",False,,0,ZAR,2026-08-17T11:00:00Z,,,2026-08-11T00:00:00Z
ocds-9t57fa-165275,SLM/SCM/01/2026/27,Sakhisizwe Local Municipality,Eastern Cape,complete,['Supply of goods'],"[{'industry': 'Supply of goods', 'score': 0.93, 'reasons': [""text fuzzy-matches 'supply and delivery' (similarity 0.93)""]}]",False,,0,ZAR,2026-08-17T12:00:00Z,,,2026-08-11T00:00:00Z
ocds-9t57fa-165279,SLM/SCM/03/2026/27,Sakhisizwe Local Municipality,Eastern Cape,complete,['Professional & consulting services'],"[{'industry': 'Professional & consulting services', 'score': 1.0, 'reasons': [""category field contains 'consulting'""]}]",False,,0,ZAR,2026-08-17T12:00:00Z,,,2026-08-11T00:00:00Z
ocds-9t57fa-165187,RFQ/017/2026/27,BRAND RSA,National,complete,['Professional & consulting services'],"[{'industry': 'Professional & consulting services', 'score': 1.0, 'reasons': [""category field contains 'consulting'""]}]",False,,0,ZAR,2026-08-17T16:00:00Z,,,2026-08-11T00:00:00Z
ocds-9t57fa-165188,RFQ/12/2026/27,BRAND RSA,Gauteng,complete,['Professional & consulting services'],"[{'industry': 'Professional & consulting services', 'score': 1.0, 'reasons': [""category field contains 'consulting'""]}]",False,,0,ZAR,2026-08-17T16:00:00Z,,,2026-08-11T00:00:00Z
ocds-9t57fa-165212,RQ-112579/1,Statistics South Africa,Gauteng,complete,['Other / uncategorised'],"[{'industry': 'Other / uncategorised', 'score': 0.0, 'reasons': []}]",False,,0,ZAR,2026-08-17T16:00:00Z,,,2026-08-11T00:00:00Z
ocds-9t57fa-163711,ZNQUMGDO 73-26/27,Kwazulu Natal - Public Works (Head Office),KwaZulu-Natal,complete,['Construction & civil'],"[{'industry': 'Construction & civil', 'score': 2.0, 'reasons': [""category field contains 'construction'"", ""text fuzzy-matches 'building' (similarity 1.00)""]}]",False,,0,ZAR,2026-08-18T11:00:00Z,,,2026-08-11T00:00:00Z
ocds-9t57fa-165250,C1/2026,CENTLEC SOC LTD,Free State,complete,['Supply of goods'],"[{'industry': 'Supply of goods', 'score': 1.0, 'reasons': [""text fuzzy-matches 'supply and delivery' (similarity 1.00)""]}]",False,,0,ZAR,2026-08-18T11:00:00Z,,,2026-08-11T00:00:00Z
ocds-9t57fa-165182,MAST/2026/GAU-ELC,Passenger Rail Agency of South Africa,Gauteng,complete,['Electrical'],"[{'industry': 'Electrical', 'score': 1.0, 'reasons': [""category field contains 'electrical'""]}]",False,,0,ZAR,2026-08-19T10:00:00Z,,,2026-08-11T00:00:00Z
ocds-9t57fa-165255,Q04-01-2026-27,City of Tshwane,Gauteng,complete,['Electrical'],"[{'industry': 'Electrical', 'score': 1.0, 'reasons': [""category field contains 'electrical'""]}]",False,,0,ZAR,2026-08-20T10:00:00Z,,,2026-08-11T00:00:00Z
ocds-9t57fa-165193,RFQ 1226,South African National Energy Development Institute,Gauteng,complete,"['Professional & consulting services', 'Energy & renewables']","[{'industry': 'Professional & consulting services', 'score': 1.0, 'reasons': [""category field contains 'consulting'""]}, {'industry': 'Energy & renewables', 'score': 1.0, 'reasons': [""text fuzzy-matches 'energy efficiency' (similarity 1.00)""]}]",False,,0,ZAR,2026-08-20T11:00:00Z,,,2026-08-11T00:00:00Z
ocds-9t57fa-165221,RFQ BB 48/2026,South Cape TVET College,Western Cape,complete,['Other / uncategorised'],"[{'industry': 'Other / uncategorised', 'score': 0.0, 'reasons': []}]",False,,0,ZAR,2026-08-20T11:00:00Z,,,2026-08-11T00:00:00Z
ocds-9t57fa-165254,RFQ NHC/2026/27/017,National Heritage Council of South Africa,Mpumalanga,complete,['Other / uncategorised'],"[{'industry': 'Other / uncategorised', 'score': 0.0, 'reasons': []}]",False,,0,ZAR,2026-08-20T11:00:00Z,,,2026-08-11T00:00:00Z
ocds-9t57fa-165493,NW381/CORPS29-08/2026/2027 ,Ratlou Local Municipality,North West,complete,"['Professional & consulting services', 'ICT & telecommunications']","[{'industry': 'Professional & consulting services', 'score': 1.0, 'reasons': [""category field contains 'consulting'""]}, {'industry': 'ICT & telecommunications', 'score': 0.89, 'reasons': [""text fuzzy-matches 'fibre' (similarity 0.89)""]}]",False,,0,ZAR,2026-08-20T11:00:00Z,,,2026-08-11T00:00:00Z
ocds-9t57fa-165493,NW381/CORPS29-08/2026/2027 ,Ratlou Local Municipality,North West,complete,"['Professional & consulting services', 'ICT & telecommunications']","[{'industry': 'Professional & consulting services', 'score': 1.0, 'reasons': [""category field contains 'consulting'""]}, {'industry': 'ICT & telecommunications', 'score': 0.89, 'reasons': [""text fuzzy-matches 'fibre' (similarity 0.89)""]}]",False,,0,ZAR,2026-08-20T11:00:00Z,,,2026-08-11T00:00:00Z
ocds-9t57fa-165195,DOH 315-2026/2027,Health,National,complete,['Professional & consulting services'],"[{'industry': 'Professional & consulting services', 'score': 1.0, 'reasons': [""category field contains 'consulting'""]}]",False,,0,ZAR,2026-08-21T11:00:00Z,,,2026-08-11T00:00:00Z
ocds-9t57fa-165238,RFQ/SAEON/ULWAZI/MICRSOF 365 MIGRATION/90/2026,National Research Foundation,Western Cape,complete,['Professional & consulting services'],"[{'industry': 'Professional & consulting services', 'score': 1.0, 'reasons': [""category field contains 'consulting'""]}]",False,,0,ZAR,2026-08-21T11:00:00Z,,,2026-08-11T00:00:00Z
ocds-9t57fa-165503,NW381/CORPS28-07/2026/2027 ,Ratlou Local Municipality,North West,complete,['ICT & telecommunications'],"[{'industry': 'ICT & telecommunications', 'score': 0.98, 'reasons': [""text fuzzy-matches 'information technology' (similarity 0.98)""]}]",False,,0,ZAR,2026-08-21T11:00:00Z,,,2026-08-11T00:00:00Z
ocds-9t57fa-165111,RFQ/MAR/26/27/110,"Manufacturing, Engineering and Related Services SETA (merSETA)",Gauteng,complete,['Professional & consulting services'],"[{'industry': 'Professional & consulting services', 'score': 1.0, 'reasons': [""category field contains 'consulting'""]}]",False,,0,ZAR,2026-08-21T12:00:00Z,,,2026-08-11T00:00:00Z
ocds-9t57fa-165256,Q11/2026/27,Cape Agulhas Municipality,Western Cape,complete,['Construction & civil'],"[{'industry': 'Construction & civil', 'score': 0.94, 'reasons': [""text fuzzy-matches 'building' (similarity 0.94)""]}]",False,,0,ZAR,2026-08-21T12:00:00Z,,,2026-08-11T00:00:00Z
ocds-9t57fa-165239,T2025/26/026 - Re-Advertisement ,uMshwathi local Municipality,KwaZulu-Natal,complete,['Construction & civil'],"[{'industry': 'Construction & civil', 'score': 1.0, 'reasons': [""text fuzzy-matches 'bridge' (similarity 1.00)""]}]",False,,0,ZAR,2026-08-25T12:00:00Z,,,2026-08-11T00:00:00Z
ocds-9t57fa-165253,CANCELLATION OF T15/2026,Blue crane route local municipality,Eastern Cape,complete,['Electrical'],"[{'industry': 'Electrical', 'score': 2.0, 'reasons': [""category field contains 'electrical'"", ""text fuzzy-matches 'transformer' (similarity 1.00)""]}]",False,,0,ZAR,2026-08-25T12:00:00Z,,,2026-08-11T00:00:00Z
ocds-9t57fa-165299,NOAM-PM-RFQ-0811,South African Nuclear Energy Corporation Limited,North West,complete,['Professional & consulting services'],"[{'industry': 'Professional & consulting services', 'score': 1.0, 'reasons': [""category field contains 'consulting'""]}]",False,,0,ZAR,2026-08-25T16:00:00Z,,,2026-08-11T00:00:00Z
ocds-9t57fa-165274,RFQ 4574b/26,South African Weather Service,Western Cape,complete,"['Construction & civil', 'ICT & telecommunications']","[{'industry': 'Construction & civil', 'score': 1.0, 'reasons': [""text fuzzy-matches 'concrete' (similarity 1.00)""]}, {'industry': 'ICT & telecommunications', 'score': 1.0, 'reasons': [""text fuzzy-matches 'network' (similarity 1.00)""]}]",False,,0,ZAR,2026-08-26T11:00:00Z,,,2026-08-11T00:00:00Z
ocds-9t57fa-165291,HO/ICT/10368772/08/2026,Passenger Rail Agency of South Africa,National,complete,['Other / uncategorised'],"[{'industry': 'Other / uncategorised', 'score': 0.0, 'reasons': []}]",False,,0,ZAR,2026-08-27T10:00:00Z,,,2026-08-11T00:00:00Z
ocds-9t57fa-165184,T01/26/27,Swartland Municipality,Western Cape,complete,['Other / uncategorised'],"[{'industry': 'Other / uncategorised', 'score': 0.0, 'reasons': []}]",False,,0,ZAR,2026-08-28T11:00:00Z,,,2026-08-11T00:00:00Z
ocds-9t57fa-165269,WTE-2620ES,Water and Sanitation,KwaZulu-Natal,complete,['Professional & consulting services'],"[{'industry': 'Professional & consulting services', 'score': 1.0, 'reasons': [""category field contains 'consulting'""]}]",False,,0,ZAR,2026-08-28T11:00:00Z,,,2026-08-11T00:00:00Z
ocds-9t57fa-165186,T06/26/27,Swartland Municipality,Western Cape,complete,['Construction & civil'],"[{'industry': 'Construction & civil', 'score': 1.0, 'reasons': [""text fuzzy-matches 'concrete' (similarity 1.00)""]}]",False,,0,ZAR,2026-08-28T12:00:00Z,,,2026-08-11T00:00:00Z
ocds-9t57fa-165236,TPT/2026/03/0218/3443/RFP,Transnet SOC Ltd,Eastern Cape,complete,['Transport & logistics'],"[{'industry': 'Transport & logistics', 'score': 1.0, 'reasons': [""category field contains 'transport'""]}]",False,,0,ZAR,2026-08-28T12:00:00Z,,,2026-08-11T00:00:00Z
ocds-9t57fa-165257,Q12/2026/27,Cape Agulhas Municipality,Western Cape,complete,['Construction & civil'],"[{'industry': 'Construction & civil', 'score': 1.0, 'reasons': [""category field contains 'construction'""]}]",False,,0,ZAR,2026-08-28T12:00:00Z,,,2026-08-11T00:00:00Z
ocds-9t57fa-165268,RFQ/OBP169/2026/27,Onderstepoort Biological Products Limited,Gauteng,complete,['Security services'],"[{'industry': 'Security services', 'score': 1.0, 'reasons': [""category field contains 'security services'""]}]",False,,0,ZAR,2026-08-28T12:00:00Z,,,2026-08-11T00:00:00Z
ocds-9t57fa-165288,AddE2132GXLPMATR,ESKOM,Limpopo,complete,['Supply of goods'],"[{'industry': 'Supply of goods', 'score': 1.0, 'reasons': [""text fuzzy-matches 'supply and delivery' (similarity 1.00)""]}]",False,,0,ZAR,2026-08-31T10:00:00Z,,,2026-08-11T00:00:00Z
ocds-9t57fa-165231,E3209GXMPKRIBidders List,ESKOM,Mpumalanga,complete,['Other / uncategorised'],"[{'industry': 'Other / uncategorised', 'score': 0.0, 'reasons': []}]",False,,0,ZAR,2026-08-31T11:00:00Z,,,2026-08-11T00:00:00Z
ocds-9t57fa-165273,LED-IH-2026/27/KMHLM ,Mhlontlo Local Municipality,Eastern Cape,complete,"['Supply of goods', 'Agriculture']","[{'industry': 'Supply of goods', 'score': 1.0, 'reasons': [""text fuzzy-matches 'supply and delivery' (similarity 1.00)""]}, {'industry': 'Agriculture', 'score': 0.87, 'reasons': [""text fuzzy-matches 'agriculture' (similarity 0.87)""]}]",False,,0,ZAR,2026-08-31T12:00:00Z,,,2026-08-11T00:00:00Z
ocds-9t57fa-165282,IDTKN27DOE014,Independent Development Trust,KwaZulu-Natal,complete,['Construction & civil'],"[{'industry': 'Construction & civil', 'score': 1.0, 'reasons': [""category field contains 'construction'""]}]",False,,0,ZAR,2026-08-31T12:00:00Z,,,2026-08-11T00:00:00Z
ocds-9t57fa-165283,IDTKN27DOE015,Independent Development Trust,KwaZulu-Natal,complete,['Construction & civil'],"[{'industry': 'Construction & civil', 'score': 1.0, 'reasons': [""category field contains 'construction'""]}]",False,,0,ZAR,2026-08-31T12:00:00Z,,,2026-08-11T00:00:00Z
ocds-9t57fa-165284,IDTKN27DOE016,Independent Development Trust,KwaZulu-Natal,complete,['Construction & civil'],"[{'industry': 'Construction & civil', 'score': 1.0, 'reasons': [""category field contains 'construction'""]}]",False,,0,ZAR,2026-08-31T12:00:00Z,,,2026-08-11T00:00:00Z
ocds-9t57fa-165286,IDTKN27DOE017,Independent Development Trust,KwaZulu-Natal,complete,['Construction & civil'],"[{'industry': 'Construction & civil', 'score': 1.0, 'reasons': [""category field contains 'construction'""]}]",False,,0,ZAR,2026-08-31T12:00:00Z,,,2026-08-11T00:00:00Z
ocds-9t57fa-166779,SIN-132,Council for Scientific and Industrial Research (CSIR),Gauteng,active,['Professional & consulting services'],"[{'industry': 'Professional & consulting services', 'score': 1.0, 'reasons': [""category field contains 'consulting'""]}]",False,,0,ZAR,2026-08-11T11:00:00Z,,575000.0,2026-08-10T00:00:00Z
ocds-9t57fa-165240,E2904NTCSAMWP,Eskom National Transmission Company of South Africa,Limpopo,complete,['Construction & civil'],"[{'industry': 'Construction & civil', 'score': 1.0, 'reasons': [""text fuzzy-matches 'civil works' (similarity 1.00)""]}]",False,,0,ZAR,2026-08-11T10:00:00Z,,,2026-08-10T00:00:00Z
ocds-9t57fa-165176,IM1812026,Tourism,Gauteng,complete,['Other / uncategorised'],"[{'industry': 'Other / uncategorised', 'score': 0.0, 'reasons': []}]",False,,0,ZAR,2026-08-14T11:00:00Z,,,2026-08-10T00:00:00Z
ocds-9t57fa-165168,7302-14,Nkangala District Municipality,Mpumalanga,complete,"['Construction & civil', 'Professional & consulting services']","[{'industry': 'Construction & civil', 'score': 2.0, 'reasons': [""category field contains 'construction'"", ""text fuzzy-matches 'roads' (similarity 1.00)""]}, {'industry': 'Professional & consulting services', 'score': 1.0, 'reasons': [""text fuzzy-matches 'professional services' (similarity 1.00)""]}]",False,,0,ZAR,2026-09-04T12:00:00Z,,,2026-08-10T00:00:00Z
ocds-9t57fa-167509,OVI012601000001,Agricultural Research Council,Gauteng,active,['Professional & consulting services'],"[{'industry': 'Professional & consulting services', 'score': 1.0, 'reasons': [""category field contains 'consulting'""]}]",False,,0,ZAR,2026-08-18T11:00:00Z,,298435799.0,2026-08-08T00:00:00Z
ocds-9t57fa-165149,E2852GXMPARNR,ESKOM,Mpumalanga,complete,['Cleaning & facilities'],"[{'industry': 'Cleaning & facilities', 'score': 1.0, 'reasons': [""text fuzzy-matches 'waste removal' (similarity 1.00)""]}]",False,,0,ZAR,2026-08-14T10:00:00Z,,,2026-08-08T00:00:00Z
ocds-9t57fa-167161,CCMADIV-26-08 Amended,Commission for Conciliation Mediation & Arbitration,National,active,['ICT & telecommunications'],"[{'industry': 'ICT & telecommunications', 'score': 1.0, 'reasons': [""text fuzzy-matches 'software' (similarity 1.00)""]}]",False,,0,ZAR,2026-08-08T11:00:00Z,,8831860.0,2026-08-07T00:00:00Z
ocds-9t57fa-168645,DRAK 58/26-27,Correctional Services,Western Cape,active,['Other / uncategorised'],"[{'industry': 'Other / uncategorised', 'score': 0.0, 'reasons': []}]",False,,0,ZAR,2026-08-13T11:00:00Z,,793020.0,2026-08-07T00:00:00Z
ocds-9t57fa-164767,ZNTD 06398W,Kwazulu Natal - Public Works (Head Office),KwaZulu-Natal,active,['Construction & civil'],"[{'industry': 'Construction & civil', 'score': 1.0, 'reasons': [""category field contains 'construction'""]}]",False,,0,ZAR,2026-08-19T11:00:00Z,,7449800.0,2026-08-07T00:00:00Z
ocds-9t57fa-166295,CCMADIV-26-09,Commission for Conciliation Mediation & Arbitration,National,active,['Other / uncategorised'],"[{'industry': 'Other / uncategorised', 'score': 0.0, 'reasons': []}]",False,,0,ZAR,2026-08-20T11:00:00Z,,3523172.0,2026-08-07T00:00:00Z
ocds-9t57fa-165077,E2278DXGPOUVALIDITY,ESKOM,Gauteng,complete,"['Electrical', 'Construction & civil']","[{'industry': 'Electrical', 'score': 1.0, 'reasons': [""text fuzzy-matches 'reticulation' (similarity 1.00)""]}, {'industry': 'Construction & civil', 'score': 1.0, 'reasons': [""category field contains 'building'""]}]",False,,0,ZAR,2026-08-12T10:00:00Z,,,2026-08-07T00:00:00Z
ocds-9t57fa-164930,RFQ 07-08-2026,National Arts Council of South Africa,Gauteng,complete,['Construction & civil'],"[{'industry': 'Construction & civil', 'score': 1.0, 'reasons': [""category field contains 'building'""]}]",False,,0,ZAR,2026-08-12T11:00:00Z,,,2026-08-07T00:00:00Z
ocds-9t57fa-164968,ATNS/RFQ12/05/2026/27/ATA/Fans Hardrives/Re-advert,Air Traffic and Navigation Services Company Limited,Gauteng,complete,['Supply of goods'],"[{'industry': 'Supply of goods', 'score': 1.0, 'reasons': [""text fuzzy-matches 'supply and delivery' (similarity 1.00)""]}]",False,,0,ZAR,2026-08-12T11:00:00Z,,,2026-08-07T00:00:00Z
ocds-9t57fa-165117,IM1312026,Tourism,Gauteng,complete,['Other / uncategorised'],"[{'industry': 'Other / uncategorised', 'score': 0.0, 'reasons': []}]",False,,0,ZAR,2026-08-12T11:00:00Z,,,2026-08-07T00:00:00Z
ocds-9t57fa-165147,REQ04071,Agricultural Research Council,National,complete,['Other / uncategorised'],"[{'industry': 'Other / uncategorised', 'score': 0.0, 'reasons': []}]",False,,0,ZAR,2026-08-12T11:00:00Z,,,2026-08-07T00:00:00Z
ocds-9t57fa-165148,REQ4094,Agricultural Research Council,National,complete,['Other / uncategorised'],"[{'industry': 'Other / uncategorised', 'score': 0.0, 'reasons': []}]",False,,0,ZAR,2026-08-12T11:00:00Z,,,2026-08-07T00:00:00Z
ocds-9t57fa-164999,RFQ-112541,Statistics South Africa,Gauteng,complete,['Other / uncategorised'],"[{'industry': 'Other / uncategorised', 'score': 0.0, 'reasons': []}]",False,,0,ZAR,2026-08-12T16:00:00Z,,,2026-08-07T00:00:00Z
ocds-9t57fa-165023,RQ-112662,Statistics South Africa,Gauteng,complete,['Other / uncategorised'],"[{'industry': 'Other / uncategorised', 'score': 0.0, 'reasons': []}]",False,,0,ZAR,2026-08-12T16:00:00Z,,,2026-08-07T00:00:00Z
ocds-9t57fa-165087,RQ-112670,Statistics South Africa,Gauteng,complete,['Other / uncategorised'],"[{'industry': 'Other / uncategorised', 'score': 0.0, 'reasons': []}]",False,,0,ZAR,2026-08-12T16:00:00Z,,,2026-08-07T00:00:00Z
ocds-9t57fa-164822,113,"National - Environment, Forestry and Fisheries",National,complete,['Other / uncategorised'],"[{'industry': 'Other / uncategorised', 'score': 0.0, 'reasons': []}]",False,,0,ZAR,2026-08-14T11:00:00Z,,,2026-08-07T00:00:00Z
ocds-9t57fa-164980,RFQ/MICT/43/2026,"Media, Information and Communication Technologies Sector Education and training Authority (MICT SETA)",Gauteng,complete,['Other / uncategorised'],"[{'industry': 'Other / uncategorised', 'score': 0.0, 'reasons': []}]",True,,0,ZAR,2026-08-14T11:00:00Z,,,2026-08-07T00:00:00Z
ocds-9t57fa-164994,PR10116993,Road Accident Fund,Free State,complete,"['Security services', 'Cleaning & facilities', 'Construction & civil']","[{'industry': 'Security services', 'score': 1.0, 'reasons': [""category field contains 'security services'""]}, {'industry': 'Cleaning & facilities', 'score': 1.0, 'reasons': [""text fuzzy-matches 'cleaning services' (similarity 1.00)""]}, {'industry': 'Construction & civil', 'score': 0.89, 'reasons': [""text fuzzy-matches 'roads' (similarity 0.89)""]}]",False,,0,ZAR,2026-08-14T11:00:00Z,,,2026-08-07T00:00:00Z
ocds-9t57fa-165022,OVG 2 (008) 2026/2027,Office Of The Valuer-General,Gauteng,complete,['Other / uncategorised'],"[{'industry': 'Other / uncategorised', 'score': 0.0, 'reasons': []}]",False,,0,ZAR,2026-08-14T11:00:00Z,,,2026-08-07T00:00:00Z
ocds-9t57fa-165082,IM1752026,Tourism,Gauteng,complete,"['ICT & telecommunications', 'Professional & consulting services']","[{'industry': 'ICT & telecommunications', 'score': 1.0, 'reasons': [""category field contains 'ict'""]}, {'industry': 'Professional & consulting services', 'score': 1.0, 'reasons': [""category field contains 'consulting'""]}]",False,,0,ZAR,2026-08-14T11:00:00Z,,,2026-08-07T00:00:00Z
ocds-9t57fa-165103,NRWDI/FAC/2026-02,National Radioactive Waste Disposal Institute (NRWDI),North West,complete,['Supply of goods'],"[{'industry': 'Supply of goods', 'score': 1.0, 'reasons': [""text fuzzy-matches 'supply and delivery' (similarity 1.00)""]}]",False,,0,ZAR,2026-08-14T11:00:00Z,,,2026-08-07T00:00:00Z
ocds-9t57fa-165146,RFQ128 AM (26/27),"National - Environment, Forestry and Fisheries",Gauteng,complete,['Other / uncategorised'],"[{'industry': 'Other / uncategorised', 'score': 0.0, 'reasons': []}]",False,,0,ZAR,2026-08-14T11:00:00Z,,,2026-08-07T00:00:00Z
ocds-9t57fa-164977,KZN/PRASA/2026/07/09/Q-1,Passenger Rail Agency of South Africa,KwaZulu-Natal,complete,"['Mechanical & HVAC', 'Supply of goods']","[{'industry': 'Mechanical & HVAC', 'score': 1.0, 'reasons': [""category field contains 'air conditioning'""]}, {'industry': 'Supply of goods', 'score': 0.97, 'reasons': [""text fuzzy-matches 'supply and delivery' (similarity 0.97)""]}]",False,,0,ZAR,2026-08-14T12:00:00Z,,,2026-08-07T00:00:00Z
ocds-9t57fa-165005,NOTICE TO CANCEL TO RE-ADVERTISE TD 05/05/2026,Oudtshoorn Municipality,Western Cape,complete,"['Professional & consulting services', 'Transport & logistics']","[{'industry': 'Professional & consulting services', 'score': 1.0, 'reasons': [""category field contains 'consulting'""]}, {'industry': 'Transport & logistics', 'score': 1.0, 'reasons': [""text fuzzy-matches 'fleet' (similarity 1.00)""]}]",False,,0,ZAR,2026-08-14T12:00:00Z,,,2026-08-07T00:00:00Z
ocds-9t57fa-165008,NOTICE TO CANCEL TO RE-ADVERTISE TD 06/05/2026,Oudtshoorn Municipality,Western Cape,complete,['Mechanical & HVAC'],"[{'industry': 'Mechanical & HVAC', 'score': 1.0, 'reasons': [""text fuzzy-matches 'mechanical' (similarity 1.00)""]}]",False,,0,ZAR,2026-08-14T12:00:00Z,,,2026-08-07T00:00:00Z
ocds-9t57fa-165020,RFQ Training Staff Readvertisement,iSimangaliso Wetland Park,KwaZulu-Natal,complete,['Other / uncategorised'],"[{'industry': 'Other / uncategorised', 'score': 0.0, 'reasons': []}]",False,,0,ZAR,2026-08-14T12:00:00Z,,,2026-08-07T00:00:00Z
ocds-9t57fa-165048,KAV02/NC061/08/2026,Richtersveld Municipality,Northern Cape,complete,['Other / uncategorised'],"[{'industry': 'Other / uncategorised', 'score': 0.0, 'reasons': []}]",False,,0,ZAR,2026-08-14T12:00:00Z,,,2026-08-07T00:00:00Z
ocds-9t57fa-165058,SDRL01/NC061/08/2026,Richtersveld Municipality,Northern Cape,complete,"['Construction & civil', 'Supply of goods']","[{'industry': 'Construction & civil', 'score': 1.0, 'reasons': [""category field contains 'construction'""]}, {'industry': 'Supply of goods', 'score': 1.0, 'reasons': [""text fuzzy-matches 'supply and delivery' (similarity 1.00)""]}]",False,,0,ZAR,2026-08-14T12:00:00Z,,,2026-08-07T00:00:00Z
ocds-9t57fa-165064,SDRB01/NC061/08/2026,Richtersveld Municipality,Northern Cape,complete,"['Construction & civil', 'Supply of goods']","[{'industry': 'Construction & civil', 'score': 2.0, 'reasons': [""category field contains 'construction'"", ""text fuzzy-matches 'building' (similarity 1.00)""]}, {'industry': 'Supply of goods', 'score': 1.0, 'reasons': [""text fuzzy-matches 'supply and delivery' (similarity 1.00)""]}]",False,,0,ZAR,2026-08-14T12:00:00Z,,,2026-08-07T00:00:00Z
ocds-9t57fa-165073,9/1/1-RFQ027/2026/27,Nongoma Local Municipality,KwaZulu-Natal,complete,['Professional & consulting services'],"[{'industry': 'Professional & consulting services', 'score': 1.0, 'reasons': [""category field contains 'consulting'""]}]",False,,0,ZAR,2026-08-14T12:00:00Z,,,2026-08-07T00:00:00Z
ocds-9t57fa-165086,EDM/09/2026-27,Ehlanzeni District Municipality,Mpumalanga,complete,"['Health & medical', 'Supply of goods', 'Mining & resources']","[{'industry': 'Health & medical', 'score': 1.0, 'reasons': [""text fuzzy-matches 'medical' (similarity 1.00)""]}, {'industry': 'Supply of goods', 'score': 1.0, 'reasons': [""text fuzzy-matches 'supply and delivery' (similarity 1.00)""]}, {'industry': 'Mining & resources', 'score': 0.86, 'reasons': [""text fuzzy-matches 'ore' (similarity 0.86)""]}]",True,,0,ZAR,2026-08-14T12:00:00Z,,,2026-08-07T00:00:00Z
ocds-9t57fa-165119,RFQ/CMS/ICT/07/08/2026,Council for Medical Schemes,Gauteng,complete,['Other / uncategorised'],"[{'industry': 'Other / uncategorised', 'score': 0.0, 'reasons': []}]",False,,0,ZAR,2026-08-17T00:00:00Z,,,2026-08-07T00:00:00Z
ocds-9t57fa-165010,SAST/RFQ/2026- 2027/454,The South African State Theatre,Gauteng,complete,['Other / uncategorised'],"[{'industry': 'Other / uncategorised', 'score': 0.0, 'reasons': []}]",False,,0,ZAR,2026-08-17T11:00:00Z,,,2026-08-07T00:00:00Z
ocds-9t57fa-165014,SAST/RFQ/2026-2027/453,The South African State Theatre,Gauteng,complete,['Other / uncategorised'],"[{'industry': 'Other / uncategorised', 'score': 0.0, 'reasons': []}]",False,,0,ZAR,2026-08-17T11:00:00Z,,,2026-08-07T00:00:00Z
ocds-9t57fa-165107,ZNQ 014/2026,Kwazulu Natal - Public Works (Head Office),KwaZulu-Natal,complete,"['Professional & consulting services', 'Electrical', 'Health & medical']","[{'industry': 'Professional & consulting services', 'score': 2.0, 'reasons': [""category field contains 'consulting'"", ""text fuzzy-matches 'professional services' (similarity 1.00)""]}, {'industry': 'Electrical', 'score': 1.0, 'reasons': [""text fuzzy-matches 'generator' (similarity 1.00)""]}, {'industry': 'Health & medical', 'score': 0.94, 'reasons': [""text fuzzy-matches 'hospital' (similarity 0.94)""]}]",False,,0,ZAR,2026-08-17T11:00:00Z,,,2026-08-07T00:00:00Z
ocds-9t57fa-165126,RQN00000219306,Commission for Conciliation Mediation & Arbitration,Gauteng,complete,['Other / uncategorised'],"[{'industry': 'Other / uncategorised', 'score': 0.0, 'reasons': []}]",False,,0,ZAR,2026-08-17T11:00:00Z,,,2026-08-07T00:00:00Z
ocds-9t57fa-165129,RQN00000219322,Commission for Conciliation Mediation & Arbitration,Gauteng,complete,['Other / uncategorised'],"[{'industry': 'Other / uncategorised', 'score': 0.0, 'reasons': []}]",False,,0,ZAR,2026-08-17T11:00:00Z,,,2026-08-07T00:00:00Z
ocds-9t57fa-165132,RQN00000219429,Commission for Conciliation Mediation & Arbitration,Gauteng,complete,['Other / uncategorised'],"[{'industry': 'Other / uncategorised', 'score': 0.0, 'reasons': []}]",False,,0,ZAR,2026-08-17T11:00:00Z,,,2026-08-07T00:00:00Z
ocds-9t57fa-165072,QUOTATION 8/2/47-2026 / MN184-2026,Bergrivier - WC Local Municipality,Western Cape,complete,['Professional & consulting services'],"[{'industry': 'Professional & consulting services', 'score': 1.0, 'reasons': [""category field contains 'consulting'""]}]",False,,0,ZAR,2026-08-17T12:00:00Z,,,2026-08-07T00:00:00Z
ocds-9t57fa-164983,DOH 318/2026-2027,Health,Gauteng,complete,['Professional & consulting services'],"[{'industry': 'Professional & consulting services', 'score': 1.0, 'reasons': [""category field contains 'consulting'""]}]",False,,0,ZAR,2026-08-18T11:00:00Z,,,2026-08-07T00:00:00Z
ocds-9t57fa-165000,OTP-26/27-197,Eastern Cape - Officer of the Premier,Eastern Cape,complete,['Other / uncategorised'],"[{'industry': 'Other / uncategorised', 'score': 0.0, 'reasons': []}]",False,,0,ZAR,2026-08-18T11:00:00Z,,,2026-08-07T00:00:00Z
ocds-9t57fa-165004,OTP-26/27-187,Eastern Cape - Officer of the Premier,Eastern Cape,complete,['Other / uncategorised'],"[{'industry': 'Other / uncategorised', 'score': 0.0, 'reasons': []}]",False,,0,ZAR,2026-08-18T11:00:00Z,,,2026-08-07T00:00:00Z
ocds-9t57fa-165034,RFP 26-27-63/MM,South African Post Office Limited,National,complete,['Transport & logistics'],"[{'industry': 'Transport & logistics', 'score': 1.0, 'reasons': [""category field contains 'transport'""]}]",False,,0,ZAR,2026-08-18T11:00:00Z,,,2026-08-07T00:00:00Z
ocds-9t57fa-165090,RFQ/VDM/FIN/29/07/2026/01,Vhembe District Municipality,Limpopo,complete,['Other / uncategorised'],"[{'industry': 'Other / uncategorised', 'score': 0.0, 'reasons': []}]",False,,0,ZAR,2026-08-18T12:00:00Z,,,2026-08-07T00:00:00Z
ocds-9t57fa-164951,RFQ/OBP165/2026/27,Onderstepoort Biological Products Limited,Gauteng,complete,['Other / uncategorised'],"[{'industry': 'Other / uncategorised', 'score': 0.0, 'reasons': []}]",True,,0,ZAR,2026-08-18T16:00:00Z,,,2026-08-07T00:00:00Z
ocds-9t57fa-165098,DOH 317-2026/2027,Health,National,complete,['Professional & consulting services'],"[{'industry': 'Professional & consulting services', 'score': 1.0, 'reasons': [""category field contains 'consulting'""]}]",False,,0,ZAR,2026-08-19T11:00:00Z,,,2026-08-07T00:00:00Z
ocds-9t57fa-165101,Evaluation,Trade & Industry,Gauteng,complete,['Professional & consulting services'],"[{'industry': 'Professional & consulting services', 'score': 1.0, 'reasons': [""category field contains 'consulting'""]}]",False,,0,ZAR,2026-08-19T11:00:00Z,,,2026-08-07T00:00:00Z
ocds-9t57fa-164938,RFQ2025/26/003,Kgatelopele Local Municipality,Northern Cape,complete,['Supply of goods'],"[{'industry': 'Supply of goods', 'score': 1.0, 'reasons': [""text fuzzy-matches 'supply and delivery' (similarity 1.00)""]}]",False,,0,ZAR,2026-08-19T12:00:00Z,,,2026-08-07T00:00:00Z
ocds-9t57fa-164913,Request For QuotationLearnership2,Land and Agricultural Development Bank of South Africa,National,complete,['Other / uncategorised'],"[{'industry': 'Other / uncategorised', 'score': 0.0, 'reasons': []}]",False,,0,ZAR,2026-08-19T16:00:00Z,,,2026-08-07T00:00:00Z
ocds-9t57fa-165068,iLABS/RFQ 2026/27-144,National Research Foundation,Western Cape,complete,['Other / uncategorised'],"[{'industry': 'Other / uncategorised', 'score': 0.0, 'reasons': []}]",False,,0,ZAR,2026-08-19T16:00:00Z,,,2026-08-07T00:00:00Z
ocds-9t57fa-165095,DOH 316-2026/2027,Health,National,complete,['Professional & consulting services'],"[{'industry': 'Professional & consulting services', 'score': 1.0, 'reasons': [""category field contains 'consulting'""]}]",False,,0,ZAR,2026-08-20T11:00:00Z,,,2026-08-07T00:00:00Z
ocds-9t57fa-165016,MKHO 08/2026/27,Mkhondo Local Municipality,Mpumalanga,complete,['Other / uncategorised'],"[{'industry': 'Other / uncategorised', 'score': 0.0, 'reasons': []}]",False,,0,ZAR,2026-08-20T12:00:00Z,,,2026-08-07T00:00:00Z
ocds-9t57fa-165025,RFQ 54342 RE-ADVERT,Airports Company of South Africa,Gauteng,complete,['Professional & consulting services'],"[{'industry': 'Professional & consulting services', 'score': 1.98, 'reasons': [""category field contains 'consulting'"", ""text fuzzy-matches 'professional services' (similarity 0.98)""]}]",False,,0,ZAR,2026-08-20T13:00:00Z,,,2026-08-07T00:00:00Z
ocds-9t57fa-165065,RFP/VENUES/2026,The Playhouse Company,KwaZulu-Natal,complete,['Professional & consulting services'],"[{'industry': 'Professional & consulting services', 'score': 1.0, 'reasons': [""category field contains 'consulting'""]}]",False,,0,ZAR,2026-08-21T11:00:00Z,,,2026-08-07T00:00:00Z
ocds-9t57fa-164912,ULM-CSS 002/27,Umzimkhulu Local Municipality,KwaZulu-Natal,complete,['Supply of goods'],"[{'industry': 'Supply of goods', 'score': 0.86, 'reasons': [""text fuzzy-matches 'supply and delivery' (similarity 0.86)""]}]",False,,0,ZAR,2026-08-21T12:00:00Z,,,2026-08-07T00:00:00Z
ocds-9t57fa-164949,RFQ 73191,Airports Company of South Africa,Western Cape,complete,"['Transport & logistics', 'Supply of goods']","[{'industry': 'Transport & logistics', 'score': 1.0, 'reasons': [""category field contains 'transport'""]}, {'industry': 'Supply of goods', 'score': 1.0, 'reasons': [""text fuzzy-matches 'supply and delivery' (similarity 1.00)""]}]",False,,0,ZAR,2026-08-21T12:00:00Z,,,2026-08-07T00:00:00Z
ocds-9t57fa-165030,KZN/PRASA/2026/0/8/03/Q,Passenger Rail Agency of South Africa,KwaZulu-Natal,complete,['Other / uncategorised'],"[{'industry': 'Other / uncategorised', 'score': 0.0, 'reasons': []}]",False,,0,ZAR,2026-08-21T12:00:00Z,,,2026-08-07T00:00:00Z
ocds-9t57fa-165052,A015-2025/26,Newcastle Local Municipality,KwaZulu-Natal,complete,['Other / uncategorised'],"[{'industry': 'Other / uncategorised', 'score': 0.0, 'reasons': []}]",False,,0,ZAR,2026-08-21T12:00:00Z,,,2026-08-07T00:00:00Z
ocds-9t57fa-165091,EDM/10/2026-27,Ehlanzeni District Municipality,Mpumalanga,complete,"['Health & medical', 'Supply of goods', 'Mining & resources']","[{'industry': 'Health & medical', 'score': 1.0, 'reasons': [""text fuzzy-matches 'medical' (similarity 1.00)""]}, {'industry': 'Supply of goods', 'score': 1.0, 'reasons': [""text fuzzy-matches 'supply and delivery' (similarity 1.00)""]}, {'industry': 'Mining & resources', 'score': 0.86, 'reasons': [""text fuzzy-matches 'ore' (similarity 0.86)""]}]",True,,0,ZAR,2026-08-21T12:00:00Z,,,2026-08-07T00:00:00Z
ocds-9t57fa-165114,SCM03/07/2026,Enoch Mgijima Local Municipality,Eastern Cape,complete,"['ICT & telecommunications', 'Professional & consulting services', 'Transport & logistics', 'Security services']","[{'industry': 'ICT & telecommunications', 'score': 1.0, 'reasons': [""category field contains 'ict'""]}, {'industry': 'Professional & consulting services', 'score': 1.0, 'reasons': [""category field contains 'consulting'""]}, {'industry': 'Transport & logistics', 'score': 1.0, 'reasons': [""text fuzzy-matches 'fleet' (similarity 1.00)""]}, {'industry': 'Security services', 'score': 0.96, 'reasons': [""text fuzzy-matches 'surveillance' (similarity 0.96)""]}]",False,,0,ZAR,2026-08-21T12:00:00Z,,,2026-08-07T00:00:00Z
ocds-9t57fa-164915,RFQ 54427,Airports Company of South Africa,KwaZulu-Natal,complete,['Other / uncategorised'],"[{'industry': 'Other / uncategorised', 'score': 0.0, 'reasons': []}]",False,,0,ZAR,2026-08-21T15:00:00Z,,,2026-08-07T00:00:00Z
ocds-9t57fa-164948,RFQ17/2026 ,Postbank SOC,Free State,complete,['Electrical'],"[{'industry': 'Electrical', 'score': 1.0, 'reasons': [""text fuzzy-matches 'generator' (similarity 1.00)""]}]",False,,0,ZAR,2026-08-21T16:30:00Z,,,2026-08-07T00:00:00Z
ocds-9t57fa-164955,E3345DISECOU,ESKOM,Eastern Cape,complete,['Electrical'],"[{'industry': 'Electrical', 'score': 0.96, 'reasons': [""text fuzzy-matches 'transformer' (similarity 0.96)""]}]",False,,0,ZAR,2026-08-24T10:00:00Z,,,2026-08-07T00:00:00Z
ocds-9t57fa-165084,SDLIOEMFORUM,ESKOM,Gauteng,complete,['Other / uncategorised'],"[{'industry': 'Other / uncategorised', 'score': 0.0, 'reasons': []}]",False,,0,ZAR,2026-08-24T10:00:00Z,,,2026-08-07T00:00:00Z
ocds-9t57fa-164954,RFQ 4594/26,South African Weather Service,Gauteng,complete,['Other / uncategorised'],"[{'industry': 'Other / uncategorised', 'score': 0.0, 'reasons': []}]",False,,0,ZAR,2026-08-24T11:00:00Z,,,2026-08-07T00:00:00Z
ocds-9t57fa-164985,ID-3289041,Public Works,Free State,complete,['Other / uncategorised'],"[{'industry': 'Other / uncategorised', 'score': 0.0, 'reasons': []}]",False,,0,ZAR,2026-08-24T11:00:00Z,,,2026-08-07T00:00:00Z
ocds-9t57fa-164947,QUOTATION 8/2/34-2026 / MN168-2026,Bergrivier - WC Local Municipality,Western Cape,complete,"['Professional & consulting services', 'Cleaning & facilities', 'Supply of goods']","[{'industry': 'Professional & consulting services', 'score': 1.0, 'reasons': [""category field contains 'consulting'""]}, {'industry': 'Cleaning & facilities', 'score': 1.0, 'reasons': [""text fuzzy-matches 'landscaping' (similarity 1.00)""]}, {'industry': 'Supply of goods', 'score': 1.0, 'reasons': [""text fuzzy-matches 'supply and delivery' (similarity 1.00)""]}]",False,,0,ZAR,2026-08-24T12:00:00Z,,,2026-08-07T00:00:00Z
ocds-9t57fa-165009,MKHO13/2026/27,Mkhondo Local Municipality,Mpumalanga,complete,['Other / uncategorised'],"[{'industry': 'Other / uncategorised', 'score': 0.0, 'reasons': []}]",False,,0,ZAR,2026-08-24T12:00:00Z,,,2026-08-07T00:00:00Z
ocds-9t57fa-165074,32026 HO,CASIDRA (SOC) Limited,Western Cape,complete,['Professional & consulting services'],"[{'industry': 'Professional & consulting services', 'score': 1.0, 'reasons': [""category field contains 'consulting'""]}]",False,,0,ZAR,2026-08-24T12:00:00Z,,,2026-08-07T00:00:00Z
ocds-9t57fa-165085,MNQ/SCM/30/26-27,Mnquma Local Municipality,Eastern Cape,complete,['Other / uncategorised'],"[{'industry': 'Other / uncategorised', 'score': 0.0, 'reasons': []}]",False,,0,ZAR,2026-08-24T12:00:00Z,,,2026-08-07T00:00:00Z
ocds-9t57fa-165085,MNQ/SCM/30/26-27,Mnquma Local Municipality,Eastern Cape,complete,['Other / uncategorised'],"[{'industry': 'Other / uncategorised', 'score': 0.0, 'reasons': []}]",False,,0,ZAR,2026-08-24T12:00:00Z,,,2026-08-07T00:00:00Z
ocds-9t57fa-164970,Q 14 EDTEA 26/27,"Kwazulu Natal - Economic Development, Tourism and Environ Affairs",KwaZulu-Natal,complete,['Professional & consulting services'],"[{'industry': 'Professional & consulting services', 'score': 1.0, 'reasons': [""category field contains 'consulting'""]}]",False,,0,ZAR,2026-08-24T15:00:00Z,,,2026-08-07T00:00:00Z
ocds-9t57fa-165140,REQ1040,KwaZulu Natal Economic Regulatory Authority,KwaZulu-Natal,complete,['Other / uncategorised'],"[{'industry': 'Other / uncategorised', 'score': 0.0, 'reasons': []}]",False,,0,ZAR,2026-08-24T16:00:00Z,,,2026-08-07T00:00:00Z
ocds-9t57fa-164996,E3350GXMPTUT,ESKOM,Mpumalanga,complete,['Supply of goods'],"[{'industry': 'Supply of goods', 'score': 2.0, 'reasons': [""category field contains 'stationery'"", ""text fuzzy-matches 'supply and delivery' (similarity 1.00)""]}]",False,,0,ZAR,2026-08-25T10:00:00Z,,,2026-08-07T00:00:00Z
ocds-9t57fa-164667,TENDER NO MN 38-2026,Kwadukuza Municipality,KwaZulu-Natal,complete,['Construction & civil'],"[{'industry': 'Construction & civil', 'score': 1.0, 'reasons': [""category field contains 'construction'""]}]",False,,0,ZAR,2026-08-25T12:00:00Z,,,2026-08-07T00:00:00Z
ocds-9t57fa-164957,Tender MN80/2026,Kwadukuza Municipality,National,complete,['Other / uncategorised'],"[{'industry': 'Other / uncategorised', 'score': 0.0, 'reasons': []}]",False,,0,ZAR,2026-08-25T12:00:00Z,,,2026-08-07T00:00:00Z
ocds-9t57fa-165097,EDM/13/2026-27,Ehlanzeni District Municipality,Mpumalanga,complete,"['Health & medical', 'Mining & resources']","[{'industry': 'Health & medical', 'score': 1.0, 'reasons': [""text fuzzy-matches 'medical' (similarity 1.00)""]}, {'industry': 'Mining & resources', 'score': 0.86, 'reasons': [""text fuzzy-matches 'ore' (similarity 0.86)""]}]",True,,0,ZAR,2026-08-25T12:00:00Z,,,2026-08-07T00:00:00Z
ocds-9t57fa-165080,Q 20 EDTEA 26/27,"Kwazulu Natal - Economic Development, Tourism and Environ Affairs",KwaZulu-Natal,complete,['Professional & consulting services'],"[{'industry': 'Professional & consulting services', 'score': 1.0, 'reasons': [""category field contains 'consulting'""]}]",False,,0,ZAR,2026-08-25T15:00:00Z,,,2026-08-07T00:00:00Z
ocds-9t57fa-164757,14/2026/2027,Thulamela Local Municipality,Limpopo,complete,['Supply of goods'],"[{'industry': 'Supply of goods', 'score': 0.97, 'reasons': [""text fuzzy-matches 'supply and delivery' (similarity 0.97)""]}]",False,,0,ZAR,2026-08-26T11:00:00Z,,,2026-08-07T00:00:00Z
ocds-9t57fa-164760,15/2026/2027,Thulamela Local Municipality,Limpopo,complete,['Other / uncategorised'],"[{'industry': 'Other / uncategorised', 'score': 0.0, 'reasons': []}]",False,,0,ZAR,2026-08-26T11:00:00Z,,,2026-08-07T00:00:00Z
ocds-9t57fa-165078,SS-KZN 5/2/1/1 (045) 2026/27 3SP,Department of Rural Development & Land Reform,KwaZulu-Natal,complete,['Professional & consulting services'],"[{'industry': 'Professional & consulting services', 'score': 1.0, 'reasons': [""category field contains 'consulting'""]}]",False,,0,ZAR,2026-08-26T11:00:00Z,,,2026-08-07T00:00:00Z
ocds-9t57fa-165081,SS-KZN 5/2/2/1 (046) (2026/27) 3SP ,Department of Rural Development & Land Reform,KwaZulu-Natal,complete,['Professional & consulting services'],"[{'industry': 'Professional & consulting services', 'score': 1.0, 'reasons': [""category field contains 'consulting'""]}]",False,,0,ZAR,2026-08-26T11:00:00Z,,,2026-08-07T00:00:00Z
ocds-9t57fa-165108,RFQ 4492/26,South African Weather Service,Free State,complete,['Other / uncategorised'],"[{'industry': 'Other / uncategorised', 'score': 0.0, 'reasons': []}]",False,,0,ZAR,2026-08-27T11:00:00Z,,,2026-08-07T00:00:00Z
ocds-9t57fa-165124,SALGA/09/2026,South African Local Government Association,National,complete,['Professional & consulting services'],"[{'industry': 'Professional & consulting services', 'score': 1.0, 'reasons': [""category field contains 'consulting'""]}]",False,,0,ZAR,2026-08-27T11:00:00Z,,,2026-08-07T00:00:00Z
ocds-9t57fa-166793,SIN-099,Council for Scientific and Industrial Research (CSIR),Gauteng,active,['Supply of goods'],"[{'industry': 'Supply of goods', 'score': 1.0, 'reasons': [""text fuzzy-matches 'supply and delivery' (similarity 1.00)""]}]",False,,0,ZAR,2026-08-07T11:00:00Z,,49299145.0,2026-08-06T00:00:00Z
ocds-9t57fa-164866,PR10117443,Road Accident Fund,Free State,active,"['Professional & consulting services', 'Construction & civil']","[{'industry': 'Professional & consulting services', 'score': 1.0, 'reasons': [""category field contains 'consulting'""]}, {'industry': 'Construction & civil', 'score': 0.89, 'reasons': [""text fuzzy-matches 'roads' (similarity 0.89)""]}]",False,,0,ZAR,2026-08-13T12:00:00Z,,3526084.0,2026-08-06T00:00:00Z
ocds-9t57fa-164874,PR10117577 ,Road Accident Fund,Gauteng,active,['Construction & civil'],"[{'industry': 'Construction & civil', 'score': 0.89, 'reasons': [""text fuzzy-matches 'roads' (similarity 0.89)""]}]",False,,0,ZAR,2026-08-13T12:00:00Z,,150000.0,2026-08-06T00:00:00Z
ocds-9t57fa-164798,RFQ053/2026,Artscape,Western Cape,complete,['Other / uncategorised'],"[{'industry': 'Other / uncategorised', 'score': 0.0, 'reasons': []}]",False,,0,ZAR,2026-08-07T11:00:00Z,,,2026-08-06T00:00:00Z
ocds-9t57fa-164829,TPT/2026/07/0809/9009/RFQ,Transnet SOC Ltd,Mpumalanga,complete,['Other / uncategorised'],"[{'industry': 'Other / uncategorised', 'score': 0.0, 'reasons': []}]",False,,0,ZAR,2026-08-10T15:00:00Z,,,2026-08-06T00:00:00Z
ocds-9t57fa-164811,MBTC-SCM/122/2026,Mandela Bay Theatre Complex,Eastern Cape,complete,['Other / uncategorised'],"[{'industry': 'Other / uncategorised', 'score': 0.0, 'reasons': []}]",False,,0,ZAR,2026-08-11T11:00:00Z,,,2026-08-06T00:00:00Z
ocds-9t57fa-164865,NB071/2026,Tourism,Gauteng,complete,['Other / uncategorised'],"[{'industry': 'Other / uncategorised', 'score': 0.0, 'reasons': []}]",False,,0,ZAR,2026-08-11T11:00:00Z,,,2026-08-06T00:00:00Z
ocds-9t57fa-164867,IM1722026,Tourism,Gauteng,complete,['Other / uncategorised'],"[{'industry': 'Other / uncategorised', 'score': 0.0, 'reasons': []}]",False,,0,ZAR,2026-08-11T11:00:00Z,,,2026-08-06T00:00:00Z
ocds-9t57fa-164891,IM1742026,Tourism,Gauteng,complete,['Health & medical'],"[{'industry': 'Health & medical', 'score': 2.0, 'reasons': [""category field contains 'medical'"", ""text fuzzy-matches 'medical' (similarity 1.00)""]}]",False,,0,ZAR,2026-08-11T11:00:00Z,,,2026-08-06T00:00:00Z
ocds-9t57fa-164839,RFQ 075 2026/27,Special Investigation Unit,KwaZulu-Natal,complete,['Other / uncategorised'],"[{'industry': 'Other / uncategorised', 'score': 0.0, 'reasons': []}]",False,,0,ZAR,2026-08-12T10:30:00Z,,,2026-08-06T00:00:00Z
ocds-9t57fa-164771,INF012607RFQ12,Agricultural Research Council,Eastern Cape,complete,"['Agriculture', 'Supply of goods']","[{'industry': 'Agriculture', 'score': 1.0, 'reasons': [""text fuzzy-matches 'farming' (similarity 1.00)""]}, {'industry': 'Supply of goods', 'score': 0.89, 'reasons': [""text fuzzy-matches 'supply and delivery' (similarity 0.89)""]}]",False,,0,ZAR,2026-08-12T11:00:00Z,,,2026-08-06T00:00:00Z
ocds-9t57fa-164780,COM99/2026,Mbombela Local Municipality,Mpumalanga,complete,['Supply of goods'],"[{'industry': 'Supply of goods', 'score': 1.0, 'reasons': [""text fuzzy-matches 'supply and delivery' (similarity 1.00)""]}]",False,,0,ZAR,2026-08-12T11:00:00Z,,,2026-08-06T00:00:00Z
ocds-9t57fa-164715,RFQ 006-2026-001,Air Chefs SOC Ltd,Western Cape,complete,['Transport & logistics'],"[{'industry': 'Transport & logistics', 'score': 1.0, 'reasons': [""text fuzzy-matches 'fleet' (similarity 1.00)""]}]",False,,0,ZAR,2026-08-12T16:00:00Z,,,2026-08-06T00:00:00Z
ocds-9t57fa-164751,SCMU3-26/27-0352-DNG,Eastern Cape - Health,Eastern Cape,complete,"['Health & medical', 'Supply of goods']","[{'industry': 'Health & medical', 'score': 1.0, 'reasons': [""text fuzzy-matches 'hospital' (similarity 1.00)""]}, {'industry': 'Supply of goods', 'score': 1.0, 'reasons': [""text fuzzy-matches 'supply and delivery' (similarity 1.00)""]}]",False,,0,ZAR,2026-08-13T11:00:00Z,,,2026-08-06T00:00:00Z
ocds-9t57fa-164766,SCMU3-P26/27-0575-ELH,Eastern Cape - Health,Eastern Cape,complete,"['Construction & civil', 'Health & medical']","[{'industry': 'Construction & civil', 'score': 2.0, 'reasons': [""category field contains 'construction'"", ""text fuzzy-matches 'building' (similarity 1.00)""]}, {'industry': 'Health & medical', 'score': 1.0, 'reasons': [""text fuzzy-matches 'clinic' (similarity 1.00)""]}]",False,,0,ZAR,2026-08-13T11:00:00Z,,,2026-08-06T00:00:00Z
ocds-9t57fa-164770,SCMU3-P26/27-0577-CH,Eastern Cape - Health,Eastern Cape,complete,"['Construction & civil', 'Health & medical']","[{'industry': 'Construction & civil', 'score': 2.0, 'reasons': [""category field contains 'construction'"", ""text fuzzy-matches 'building' (similarity 1.00)""]}, {'industry': 'Health & medical', 'score': 1.0, 'reasons': [""text fuzzy-matches 'clinic' (similarity 1.00)""]}]",False,,0,ZAR,2026-08-13T11:00:00Z,,,2026-08-06T00:00:00Z
ocds-9t57fa-164773,SCMU3-P26/27-0574-CH,Eastern Cape - Health,Eastern Cape,complete,"['Construction & civil', 'Health & medical']","[{'industry': 'Construction & civil', 'score': 2.0, 'reasons': [""category field contains 'construction'"", ""text fuzzy-matches 'building' (similarity 1.00)""]}, {'industry': 'Health & medical', 'score': 1.0, 'reasons': [""text fuzzy-matches 'clinic' (similarity 1.00)""]}]",False,,0,ZAR,2026-08-13T11:00:00Z,,,2026-08-06T00:00:00Z
ocds-9t57fa-164775,SCMU3-P26/27-0576-CH,Eastern Cape - Health,Eastern Cape,complete,"['Construction & civil', 'Health & medical']","[{'industry': 'Construction & civil', 'score': 2.0, 'reasons': [""category field contains 'construction'"", ""text fuzzy-matches 'building' (similarity 1.00)""]}, {'industry': 'Health & medical', 'score': 1.0, 'reasons': [""text fuzzy-matches 'clinic' (similarity 1.00)""]}]",False,,0,ZAR,2026-08-13T11:00:00Z,,,2026-08-06T00:00:00Z
ocds-9t57fa-164883,RFQ202627/35,Kwa-Zulu Natal - Trade and Investment KwaZulu-Natal,KwaZulu-Natal,complete,['Other / uncategorised'],"[{'industry': 'Other / uncategorised', 'score': 0.0, 'reasons': []}]",False,,0,ZAR,2026-08-13T12:00:00Z,,,2026-08-06T00:00:00Z
ocds-9t57fa-164886,RFQ202627/36,Kwa-Zulu Natal - Trade and Investment KwaZulu-Natal,KwaZulu-Natal,complete,['Electrical'],"[{'industry': 'Electrical', 'score': 1.0, 'reasons': [""category field contains 'electrical'""]}]",False,,0,ZAR,2026-08-13T12:00:00Z,,,2026-08-06T00:00:00Z
ocds-9t57fa-164853,SLM RFQ 50/2026,Siyathemba Local Municipality,Northern Cape,complete,['Other / uncategorised'],"[{'industry': 'Other / uncategorised', 'score': 0.0, 'reasons': []}]",False,,0,ZAR,2026-08-13T16:00:00Z,,,2026-08-06T00:00:00Z
ocds-9t57fa-164795,E2395GXMPKUSEXTENSION,ESKOM,Mpumalanga,complete,['Other / uncategorised'],"[{'industry': 'Other / uncategorised', 'score': 0.0, 'reasons': []}]",False,,0,ZAR,2026-08-14T10:00:00Z,,,2026-08-06T00:00:00Z
ocds-9t57fa-164706,API01REQ007375 re-advert,Agricultural Research Council,Gauteng,complete,['Other / uncategorised'],"[{'industry': 'Other / uncategorised', 'score': 0.0, 'reasons': []}]",False,,0,ZAR,2026-08-14T11:00:00Z,,,2026-08-06T00:00:00Z
ocds-9t57fa-164783,SMQ06-26-27,Swellendam Municipality,Western Cape,complete,['Supply of goods'],"[{'industry': 'Supply of goods', 'score': 1.0, 'reasons': [""text fuzzy-matches 'supply and delivery' (similarity 1.00)""]}]",False,,0,ZAR,2026-08-14T11:00:00Z,,,2026-08-06T00:00:00Z
ocds-9t57fa-164805,SMQ01-26-27(Re-Advertised),Swellendam Municipality,Western Cape,complete,"['Professional & consulting services', 'Cleaning & facilities']","[{'industry': 'Professional & consulting services', 'score': 1.0, 'reasons': [""text fuzzy-matches 'land surveying' (similarity 1.00)""]}, {'industry': 'Cleaning & facilities', 'score': 0.88, 'reasons': [""text fuzzy-matches 'cleaning services' (similarity 0.88)""]}]",False,,0,ZAR,2026-08-14T11:00:00Z,,,2026-08-06T00:00:00Z
ocds-9t57fa-164817,VET0025/26,Gauteng - Agriculture and Rural Development,Gauteng,complete,"['Professional & consulting services', 'Security services']","[{'industry': 'Professional & consulting services', 'score': 1.0, 'reasons': [""category field contains 'consulting'""]}, {'industry': 'Security services', 'score': 0.96, 'reasons': [""text fuzzy-matches 'surveillance' (similarity 0.96)""]}]",False,,0,ZAR,2026-08-14T11:00:00Z,,,2026-08-06T00:00:00Z
ocds-9t57fa-164852,RFQ NHC/2026/27/015,National Heritage Council of South Africa,Gauteng,complete,['Professional & consulting services'],"[{'industry': 'Professional & consulting services', 'score': 1.0, 'reasons': [""category field contains 'consulting'""]}]",False,,0,ZAR,2026-08-14T11:00:00Z,,,2026-08-06T00:00:00Z
ocds-9t57fa-164875,ZNQP 04/04/2026,Kwazulu Natal - Public Works (Head Office),KwaZulu-Natal,complete,['Other / uncategorised'],"[{'industry': 'Other / uncategorised', 'score': 0.0, 'reasons': []}]",False,,0,ZAR,2026-08-14T11:00:00Z,,,2026-08-06T00:00:00Z
ocds-9t57fa-164894,RFP2021001447,Public Service Sector Education and Training Authority,National,complete,['Other / uncategorised'],"[{'industry': 'Other / uncategorised', 'score': 0.0, 'reasons': []}]",False,,0,ZAR,2026-08-14T11:00:00Z,,,2026-08-06T00:00:00Z
ocds-9t57fa-164758,KZN/PRASA/2026/08/02/Q,Passenger Rail Agency of South Africa,KwaZulu-Natal,complete,['Other / uncategorised'],"[{'industry': 'Other / uncategorised', 'score': 0.0, 'reasons': []}]",False,,0,ZAR,2026-08-14T12:00:00Z,,,2026-08-06T00:00:00Z
ocds-9t57fa-164813,2/1/001/2026-27,Moqhaka Local Municipality,Free State,complete,['Other / uncategorised'],"[{'industry': 'Other / uncategorised', 'score': 0.0, 'reasons': []}]",False,,0,ZAR,2026-08-14T12:00:00Z,,,2026-08-06T00:00:00Z
ocds-9t57fa-164833,RFQ 06-08-2026,National Arts Council of South Africa,Gauteng,complete,['Professional & consulting services'],"[{'industry': 'Professional & consulting services', 'score': 1.0, 'reasons': [""category field contains 'consulting'""]}]",False,,0,ZAR,2026-08-14T12:00:00Z,,,2026-08-06T00:00:00Z
ocds-9t57fa-164840,10368460,Passenger Rail Agency of South Africa,Western Cape,complete,['Supply of goods'],"[{'industry': 'Supply of goods', 'score': 0.97, 'reasons': [""text fuzzy-matches 'supply and delivery' (similarity 0.97)""]}]",False,,0,ZAR,2026-08-14T12:00:00Z,,,2026-08-06T00:00:00Z
ocds-9t57fa-164769,RFQ 076 2026/27,Special Investigation Unit,Mpumalanga,complete,['Other / uncategorised'],"[{'industry': 'Other / uncategorised', 'score': 0.0, 'reasons': []}]",False,,0,ZAR,2026-08-14T12:30:00Z,,,2026-08-06T00:00:00Z
ocds-9t57fa-164807,ITB/01/08/2026,Ingonyama Trust Board,KwaZulu-Natal,complete,['Other / uncategorised'],"[{'industry': 'Other / uncategorised', 'score': 0.0, 'reasons': []}]",False,,0,ZAR,2026-08-14T15:00:00Z,,,2026-08-06T00:00:00Z
ocds-9t57fa-164820,RFQ GSM055/2026,South African Airways (Pty) Limited,National,complete,['Other / uncategorised'],"[{'industry': 'Other / uncategorised', 'score': 0.0, 'reasons': []}]",False,,0,ZAR,2026-08-14T16:00:00Z,,,2026-08-06T00:00:00Z
ocds-9t57fa-164887,RFQ/015/2026/27,BRAND RSA,Gauteng,complete,['Professional & consulting services'],"[{'industry': 'Professional & consulting services', 'score': 1.0, 'reasons': [""category field contains 'consulting'""]}]",False,,0,ZAR,2026-08-14T16:00:00Z,,,2026-08-06T00:00:00Z
ocds-9t57fa-164895,RFQ/OBP162/2026/27,Onderstepoort Biological Products Limited,Gauteng,complete,['Professional & consulting services'],"[{'industry': 'Professional & consulting services', 'score': 1.0, 'reasons': [""category field contains 'consulting'""]}]",False,,0,ZAR,2026-08-14T16:00:00Z,,,2026-08-06T00:00:00Z
ocds-9t57fa-164836,Q13-2026-27,City of Tshwane,Gauteng,complete,['Other / uncategorised'],"[{'industry': 'Other / uncategorised', 'score': 0.0, 'reasons': []}]",False,,0,ZAR,2026-08-17T10:00:00Z,,,2026-08-06T00:00:00Z
ocds-9t57fa-164768,RFQ/005/2026/27,National - Department of Electricity and Energy,Gauteng,complete,"['Professional & consulting services', 'Energy & renewables']","[{'industry': 'Professional & consulting services', 'score': 1.0, 'reasons': [""category field contains 'consulting'""]}, {'industry': 'Energy & renewables', 'score': 0.86, 'reasons': [""text fuzzy-matches 'wind energy' (similarity 0.86)""]}]",False,,0,ZAR,2026-08-17T11:00:00Z,,,2026-08-06T00:00:00Z
ocds-9t57fa-164776,ATNS/RFQ12/07/2026/27/CSI-BREAKFAST AND LUNCH PACK,Air Traffic and Navigation Services Company Limited,Gauteng,complete,['Supply of goods'],"[{'industry': 'Supply of goods', 'score': 1.0, 'reasons': [""text fuzzy-matches 'supply and delivery' (similarity 1.00)""]}]",False,,0,ZAR,2026-08-17T11:00:00Z,,,2026-08-06T00:00:00Z
ocds-9t57fa-164785,IGRDM/02/26-27,Garden Route District Local Municipality,Western Cape,complete,['Other / uncategorised'],"[{'industry': 'Other / uncategorised', 'score': 0.0, 'reasons': []}]",False,,0,ZAR,2026-08-17T11:00:00Z,,,2026-08-06T00:00:00Z
ocds-9t57fa-164792,ATNS/RFQ11/07/2026/27/CSI-BREAKFAST AND LUNCH PACK,Air Traffic and Navigation Services Company Limited,Gauteng,complete,['Supply of goods'],"[{'industry': 'Supply of goods', 'score': 1.0, 'reasons': [""text fuzzy-matches 'supply and delivery' (similarity 1.00)""]}]",False,,0,ZAR,2026-08-17T11:00:00Z,,,2026-08-06T00:00:00Z
ocds-9t57fa-164835,RFQ/HC/VAT/2026/07,Perishable Products Export Control Board,Western Cape,complete,['Other / uncategorised'],"[{'industry': 'Other / uncategorised', 'score': 0.0, 'reasons': []}]",False,,0,ZAR,2026-08-17T11:00:00Z,,,2026-08-06T00:00:00Z
ocds-9t57fa-164892,RFQ/OBP166/2026/27,Onderstepoort Biological Products Limited,Gauteng,complete,['Professional & consulting services'],"[{'industry': 'Professional & consulting services', 'score': 1.0, 'reasons': [""category field contains 'consulting'""]}]",False,,0,ZAR,2026-08-17T16:00:00Z,,,2026-08-06T00:00:00Z
ocds-9t57fa-164808,08/504/26/GAU-PER/1,Passenger Rail Agency of South Africa,Gauteng,complete,['Other / uncategorised'],"[{'industry': 'Other / uncategorised', 'score': 0.0, 'reasons': []}]",False,,0,ZAR,2026-08-18T10:00:00Z,,,2026-08-06T00:00:00Z
ocds-9t57fa-164824,DMP/13/26/GAU-HCM,Passenger Rail Agency of South Africa,Gauteng,complete,['Cleaning & facilities'],"[{'industry': 'Cleaning & facilities', 'score': 0.86, 'reasons': [""text fuzzy-matches 'cleaning services' (similarity 0.86)""]}]",False,,0,ZAR,2026-08-18T10:00:00Z,,,2026-08-06T00:00:00Z
ocds-9t57fa-164777,RFQ 30151,Airports Company of South Africa,KwaZulu-Natal,complete,"['Electrical', 'Supply of goods']","[{'industry': 'Electrical', 'score': 2.0, 'reasons': [""category field contains 'electrical'"", ""text fuzzy-matches 'electrical' (similarity 1.00)""]}, {'industry': 'Supply of goods', 'score': 0.97, 'reasons': [""text fuzzy-matches 'supply and delivery' (similarity 0.97)""]}]",False,,0,ZAR,2026-08-18T14:00:00Z,,,2026-08-06T00:00:00Z
ocds-9t57fa-164911,PPP01-2024-25 ,iSimangaliso Wetland Park,KwaZulu-Natal,complete,['Professional & consulting services'],"[{'industry': 'Professional & consulting services', 'score': 1.0, 'reasons': [""category field contains 'consulting'""]}]",False,,0,ZAR,2026-08-19T00:00:00Z,,,2026-08-06T00:00:00Z
ocds-9t57fa-164832,Q12-2026-27,City of Tshwane,Gauteng,complete,"['Professional & consulting services', 'Construction & civil', 'Water & sanitation']","[{'industry': 'Professional & consulting services', 'score': 2.0, 'reasons': [""category field contains 'consulting'"", ""text fuzzy-matches 'consulting' (similarity 1.00)""]}, {'industry': 'Construction & civil', 'score': 1.0, 'reasons': [""text fuzzy-matches 'construction' (similarity 1.00)""]}, {'industry': 'Water & sanitation', 'score': 1.0, 'reasons': [""text fuzzy-matches 'sewer' (similarity 1.00)""]}]",False,,0,ZAR,2026-08-19T10:00:00Z,,,2026-08-06T00:00:00Z
ocds-9t57fa-164857,Lease L46100 of Erf 10013 Durban-FU,Transnet National Ports Authority,KwaZulu-Natal,complete,['Other / uncategorised'],"[{'industry': 'Other / uncategorised', 'score': 0.0, 'reasons': []}]",False,,0,ZAR,2026-08-19T15:00:00Z,,,2026-08-06T00:00:00Z
ocds-9t57fa-164816,RFQ 12125,Airports Company of South Africa,Eastern Cape,complete,['Construction & civil'],"[{'industry': 'Construction & civil', 'score': 1.0, 'reasons': [""text fuzzy-matches 'roads' (similarity 1.00)""]}]",False,,0,ZAR,2026-08-19T16:00:00Z,,,2026-08-06T00:00:00Z
ocds-9t57fa-164909,E3339GXGPLET,ESKOM,Free State,complete,"['Electrical', 'Supply of goods']","[{'industry': 'Electrical', 'score': 2.0, 'reasons': [""category field contains 'electrical'"", ""text fuzzy-matches 'substation' (similarity 1.00)""]}, {'industry': 'Supply of goods', 'score': 1.0, 'reasons': [""text fuzzy-matches 'supply and delivery' (similarity 1.00)""]}]",False,,0,ZAR,2026-08-20T10:00:00Z,,,2026-08-06T00:00:00Z
ocds-9t57fa-164741,WTE-0562 CS,Water and Sanitation,Eastern Cape,complete,"['Construction & civil', 'Supply of goods']","[{'industry': 'Construction & civil', 'score': 2.0, 'reasons': [""category field contains 'construction'"", ""text fuzzy-matches 'construction' (similarity 1.00)""]}, {'industry': 'Supply of goods', 'score': 1.0, 'reasons': [""text fuzzy-matches 'supply and delivery' (similarity 1.00)""]}]",False,,0,ZAR,2026-08-20T11:00:00Z,,,2026-08-06T00:00:00Z
ocds-9t57fa-164744,WTE-0561 CS,Water and Sanitation,Western Cape,complete,"['Construction & civil', 'Supply of goods']","[{'industry': 'Construction & civil', 'score': 2.0, 'reasons': [""category field contains 'construction'"", ""text fuzzy-matches 'construction' (similarity 1.00)""]}, {'industry': 'Supply of goods', 'score': 1.0, 'reasons': [""text fuzzy-matches 'supply and delivery' (similarity 1.00)""]}]",False,,0,ZAR,2026-08-20T11:00:00Z,,,2026-08-06T00:00:00Z
ocds-9t57fa-164750,WTE-0567 CS,Water and Sanitation,Western Cape,complete,"['Construction & civil', 'Supply of goods', 'Mining & resources']","[{'industry': 'Construction & civil', 'score': 2.0, 'reasons': [""category field contains 'construction'"", ""text fuzzy-matches 'construction' (similarity 1.00)""]}, {'industry': 'Supply of goods', 'score': 1.0, 'reasons': [""text fuzzy-matches 'supply and delivery' (similarity 1.00)""]}, {'industry': 'Mining & resources', 'score': 0.86, 'reasons': [""text fuzzy-matches 'mine rehabilitation' (similarity 0.86)""]}]",False,,0,ZAR,2026-08-20T11:00:00Z,,,2026-08-06T00:00:00Z
ocds-9t57fa-164754,WTE-0566 CS,Water and Sanitation,Western Cape,complete,"['Construction & civil', 'Supply of goods', 'Mining & resources']","[{'industry': 'Construction & civil', 'score': 2.0, 'reasons': [""category field contains 'construction'"", ""text fuzzy-matches 'construction' (similarity 1.00)""]}, {'industry': 'Supply of goods', 'score': 1.0, 'reasons': [""text fuzzy-matches 'supply and delivery' (similarity 1.00)""]}, {'industry': 'Mining & resources', 'score': 0.86, 'reasons': [""text fuzzy-matches 'mine rehabilitation' (similarity 0.86)""]}]",False,,0,ZAR,2026-08-20T11:00:00Z,,,2026-08-06T00:00:00Z
ocds-9t57fa-164759,WTE-0569 CS,Water and Sanitation,Western Cape,complete,"['Construction & civil', 'Supply of goods', 'Water & sanitation']","[{'industry': 'Construction & civil', 'score': 1.0, 'reasons': [""category field contains 'construction'""]}, {'industry': 'Supply of goods', 'score': 1.0, 'reasons': [""text fuzzy-matches 'supply and delivery' (similarity 1.00)""]}, {'industry': 'Water & sanitation', 'score': 0.95, 'reasons': [""text fuzzy-matches 'sanitation' (similarity 0.95)""]}]",False,,0,ZAR,2026-08-20T11:00:00Z,,,2026-08-06T00:00:00Z
ocds-9t57fa-164814,IM1462026,Tourism,Gauteng,complete,['Professional & consulting services'],"[{'industry': 'Professional & consulting services', 'score': 1.0, 'reasons': [""category field contains 'consulting'""]}]",False,,0,ZAR,2026-08-20T11:00:00Z,,,2026-08-06T00:00:00Z
ocds-9t57fa-164826,WTE-0564 CS,Water and Sanitation,Eastern Cape,complete,"['Construction & civil', 'Agriculture']","[{'industry': 'Construction & civil', 'score': 2.0, 'reasons': [""category field contains 'construction'"", ""text fuzzy-matches 'construction' (similarity 1.00)""]}, {'industry': 'Agriculture', 'score': 1.0, 'reasons': [""text fuzzy-matches 'irrigation' (similarity 1.00)""]}]",False,,0,ZAR,2026-08-20T11:00:00Z,,,2026-08-06T00:00:00Z
ocds-9t57fa-164860,WTE-0568 CS,Water and Sanitation,Eastern Cape,complete,"['Construction & civil', 'Agriculture']","[{'industry': 'Construction & civil', 'score': 2.0, 'reasons': [""category field contains 'construction'"", ""text fuzzy-matches 'construction' (similarity 1.00)""]}, {'industry': 'Agriculture', 'score': 1.0, 'reasons': [""text fuzzy-matches 'irrigation' (similarity 1.00)""]}]",False,,0,ZAR,2026-08-20T11:00:00Z,,,2026-08-06T00:00:00Z
ocds-9t57fa-164868,Q27/060/BM,uMngeni-uThukela Water,KwaZulu-Natal,complete,['Professional & consulting services'],"[{'industry': 'Professional & consulting services', 'score': 1.0, 'reasons': [""category field contains 'consulting'""]}]",False,,0,ZAR,2026-08-20T11:00:00Z,,,2026-08-06T00:00:00Z
ocds-9t57fa-164869,WTE-0563 CS,Water and Sanitation,Eastern Cape,complete,"['Construction & civil', 'Agriculture']","[{'industry': 'Construction & civil', 'score': 2.0, 'reasons': [""category field contains 'construction'"", ""text fuzzy-matches 'construction' (similarity 1.00)""]}, {'industry': 'Agriculture', 'score': 1.0, 'reasons': [""text fuzzy-matches 'irrigation' (similarity 1.00)""]}]",False,,0,ZAR,2026-08-20T11:00:00Z,,,2026-08-06T00:00:00Z
ocds-9t57fa-164876,WTE-0546 CS,Water and Sanitation,Eastern Cape,complete,"['Construction & civil', 'Agriculture', 'Supply of goods']","[{'industry': 'Construction & civil', 'score': 2.0, 'reasons': [""category field contains 'construction'"", ""text fuzzy-matches 'construction' (similarity 1.00)""]}, {'industry': 'Agriculture', 'score': 1.0, 'reasons': [""text fuzzy-matches 'irrigation' (similarity 1.00)""]}, {'industry': 'Supply of goods', 'score': 1.0, 'reasons': [""text fuzzy-matches 'supply and delivery' (similarity 1.00)""]}]",False,,0,ZAR,2026-08-20T11:00:00Z,,,2026-08-06T00:00:00Z
ocds-9t57fa-164872,Q27/059/BM,uMngeni-uThukela Water,KwaZulu-Natal,complete,['Professional & consulting services'],"[{'industry': 'Professional & consulting services', 'score': 1.0, 'reasons': [""category field contains 'consulting'""]}]",False,,0,ZAR,2026-08-20T15:00:00Z,,,2026-08-06T00:00:00Z
ocds-9t57fa-164694,RFI GSM002/2026,South African Airways (Pty) Limited,National,complete,['Other / uncategorised'],"[{'industry': 'Other / uncategorised', 'score': 0.0, 'reasons': []}]",False,,0,ZAR,2026-08-20T16:00:00Z,,,2026-08-06T00:00:00Z
ocds-9t57fa-164855,10372807,Passenger Rail Agency of South Africa,Gauteng,complete,['Other / uncategorised'],"[{'industry': 'Other / uncategorised', 'score': 0.0, 'reasons': []}]",False,,0,ZAR,2026-08-21T10:00:00Z,,,2026-08-06T00:00:00Z
ocds-9t57fa-164898,E3211GXMPTUTR,ESKOM,Mpumalanga,complete,['Other / uncategorised'],"[{'industry': 'Other / uncategorised', 'score': 0.0, 'reasons': []}]",False,,0,ZAR,2026-08-21T10:00:00Z,,,2026-08-06T00:00:00Z
ocds-9t57fa-164765,T46-08-26,Industrial Development Corporation of South Africa Limited,National,complete,['Professional & consulting services'],"[{'industry': 'Professional & consulting services', 'score': 1.0, 'reasons': [""category field contains 'consulting'""]}]",False,,0,ZAR,2026-08-21T11:00:00Z,,,2026-08-06T00:00:00Z
ocds-9t57fa-164789,RFQ 01/2026/CTN/REGION ,Passenger Rail Agency of South Africa,Western Cape,complete,['Supply of goods'],"[{'industry': 'Supply of goods', 'score': 1.0, 'reasons': [""text fuzzy-matches 'supply and delivery' (similarity 1.00)""]}]",False,,0,ZAR,2026-08-21T11:00:00Z,,,2026-08-06T00:00:00Z
ocds-9t57fa-164902,DTP007/2026,Dihlabeng Local Municipality,Free State,complete,['Professional & consulting services'],"[{'industry': 'Professional & consulting services', 'score': 2.0, 'reasons': [""category field contains 'consulting'"", ""text fuzzy-matches 'consulting' (similarity 1.00)""]}]",False,,0,ZAR,2026-08-21T11:00:00Z,,,2026-08-06T00:00:00Z
ocds-9t57fa-164748,QUOTATION 8/2/35-2026 / MN169-2026,Bergrivier - WC Local Municipality,Western Cape,complete,['Professional & consulting services'],"[{'industry': 'Professional & consulting services', 'score': 1.0, 'reasons': [""category field contains 'consulting'""]}]",False,,0,ZAR,2026-08-21T12:00:00Z,,,2026-08-06T00:00:00Z
ocds-9t57fa-164749,QUOTATION 8/2/31-2026 / MN165-2026,Bergrivier - WC Local Municipality,Western Cape,complete,['Professional & consulting services'],"[{'industry': 'Professional & consulting services', 'score': 1.0, 'reasons': [""category field contains 'consulting'""]}]",False,,0,ZAR,2026-08-21T12:00:00Z,,,2026-08-06T00:00:00Z
ocds-9t57fa-164830,Q03-2026,Overberg District Municipality,Western Cape,complete,['Supply of goods'],"[{'industry': 'Supply of goods', 'score': 1.0, 'reasons': [""text fuzzy-matches 'supply and delivery' (similarity 1.00)""]}]",False,,0,ZAR,2026-08-21T12:00:00Z,,,2026-08-06T00:00:00Z
ocds-9t57fa-164838,RFQ/FAC/25/26/218-1,"Manufacturing, Engineering and Related Services SETA (merSETA)",Gauteng,complete,['Other / uncategorised'],"[{'industry': 'Other / uncategorised', 'score': 0.0, 'reasons': []}]",False,,0,ZAR,2026-08-21T12:00:00Z,,,2026-08-06T00:00:00Z
ocds-9t57fa-164846,KZN/PRASA/2026/08/03/Q,Passenger Rail Agency of South Africa,KwaZulu-Natal,complete,['Other / uncategorised'],"[{'industry': 'Other / uncategorised', 'score': 0.0, 'reasons': []}]",False,,0,ZAR,2026-08-21T12:00:00Z,,,2026-08-06T00:00:00Z
ocds-9t57fa-164856,CSIR RFQ 6746/21/08/2026,Council for Scientific and Industrial Research (CSIR),National,complete,['Construction & civil'],"[{'industry': 'Construction & civil', 'score': 2.0, 'reasons': [""category field contains 'construction'"", ""text fuzzy-matches 'building' (similarity 1.00)""]}]",False,,0,ZAR,2026-08-21T16:30:00Z,,,2026-08-06T00:00:00Z
ocds-9t57fa-164885,CSIR RFQ 6745/21/08/2026,Council for Scientific and Industrial Research (CSIR),National,complete,['Construction & civil'],"[{'industry': 'Construction & civil', 'score': 2.0, 'reasons': [""category field contains 'construction'"", ""text fuzzy-matches 'building' (similarity 1.00)""]}]",False,,0,ZAR,2026-08-21T16:30:00Z,,,2026-08-06T00:00:00Z
ocds-9t57fa-164753,ZNQ UM 3634 U,Public Works,KwaZulu-Natal,complete,['Supply of goods'],"[{'industry': 'Supply of goods', 'score': 0.97, 'reasons': [""text fuzzy-matches 'supply and delivery' (similarity 0.97)""]}]",False,,0,ZAR,2026-08-24T11:00:00Z,,,2026-08-06T00:00:00Z
ocds-9t57fa-164849,RFQ-FY27-00070,Gauteng - Provincial Treasury,Gauteng,complete,['Professional & consulting services'],"[{'industry': 'Professional & consulting services', 'score': 1.0, 'reasons': [""category field contains 'consulting'""]}]",False,,0,ZAR,2026-08-24T11:00:00Z,,,2026-08-06T00:00:00Z
ocds-9t57fa-165809,EX 19/2026,South African Revenue Service,Western Cape,active,['Other / uncategorised'],"[{'industry': 'Other / uncategorised', 'score': 0.0, 'reasons': []}]",False,2036-08-31T00:00:00Z,0,ZAR,2026-08-06T11:00:00Z,,12160539719.0,2026-08-05T00:00:00Z
ocds-9t57fa-166783,SIN-148,Council for Scientific and Industrial Research (CSIR),Gauteng,active,['Professional & consulting services'],"[{'industry': 'Professional & consulting services', 'score': 1.0, 'reasons': [""category field contains 'consulting'""]}]",False,,0,ZAR,2026-08-06T11:00:00Z,,1161500.0,2026-08-05T00:00:00Z
ocds-9t57fa-166785,SIN-153,Council for Scientific and Industrial Research (CSIR),Gauteng,active,['Professional & consulting services'],"[{'industry': 'Professional & consulting services', 'score': 1.0, 'reasons': [""category field contains 'consulting'""]}]",False,,0,ZAR,2026-08-06T11:00:00Z,,27450887.0,2026-08-05T00:00:00Z
ocds-9t57fa-164636,IHLM/13/2026-27/ECON,Ingquza Hill Local Municipality,Eastern Cape,active,['Supply of goods'],"[{'industry': 'Supply of goods', 'score': 1.0, 'reasons': [""text fuzzy-matches 'supply and delivery' (similarity 1.00)""]}]",False,,0,ZAR,2026-08-13T12:00:00Z,,1326000.0,2026-08-05T00:00:00Z
ocds-9t57fa-164630,9/1 - T04/2026/27,Nongoma Local Municipality,KwaZulu-Natal,complete,['Professional & consulting services'],"[{'industry': 'Professional & consulting services', 'score': 1.0, 'reasons': [""category field contains 'consulting'""]}]",False,,0,ZAR,2026-08-06T12:00:00Z,,,2026-08-05T00:00:00Z
ocds-9t57fa-164686,TSD18-2025-2026,City of Johannesburg - Metro Bus,Gauteng,complete,['Other / uncategorised'],"[{'industry': 'Other / uncategorised', 'score': 0.0, 'reasons': []}]",False,,0,ZAR,2026-08-07T11:00:00Z,,,2026-08-05T00:00:00Z
ocds-9t57fa-164718,E028GL2708RFQ00110,Border Management Authority,Gauteng,complete,['Other / uncategorised'],"[{'industry': 'Other / uncategorised', 'score': 0.0, 'reasons': []}]",False,,0,ZAR,2026-08-07T11:00:00Z,,,2026-08-05T00:00:00Z
ocds-9t57fa-164732,RFQ052/2026,Artscape,Western Cape,complete,['Other / uncategorised'],"[{'industry': 'Other / uncategorised', 'score': 0.0, 'reasons': []}]",False,,0,ZAR,2026-08-07T13:00:00Z,,,2026-08-05T00:00:00Z
ocds-9t57fa-164641, 1F-36870,Ethekwini Metropolitan Municipality,KwaZulu-Natal,complete,['Other / uncategorised'],"[{'industry': 'Other / uncategorised', 'score': 0.0, 'reasons': []}]",False,,0,ZAR,2026-08-11T11:00:00Z,,,2026-08-05T00:00:00Z
ocds-9t57fa-164661,RFQ 2026-008-006,National Lotteries Commission,Limpopo,complete,['Other / uncategorised'],"[{'industry': 'Other / uncategorised', 'score': 0.0, 'reasons': []}]",False,,0,ZAR,2026-08-11T11:00:00Z,,,2026-08-05T00:00:00Z
ocds-9t57fa-164691,RFQ2026-008-005,National Lotteries Commission,Gauteng,complete,['Other / uncategorised'],"[{'industry': 'Other / uncategorised', 'score': 0.0, 'reasons': []}]",False,,0,ZAR,2026-08-11T11:00:00Z,,,2026-08-05T00:00:00Z
ocds-9t57fa-164708,RFQ2026-008-008 ,National Lotteries Commission,Northern Cape,complete,['Other / uncategorised'],"[{'industry': 'Other / uncategorised', 'score': 0.0, 'reasons': []}]",False,,0,ZAR,2026-08-11T11:00:00Z,,,2026-08-05T00:00:00Z
ocds-9t57fa-164638,SARAO-SRES-TM-(PRF-4326)-2026-27,National Research Foundation,Northern Cape,complete,['Professional & consulting services'],"[{'industry': 'Professional & consulting services', 'score': 1.0, 'reasons': [""category field contains 'consulting'""]}]",False,,0,ZAR,2026-08-11T12:00:00Z,,,2026-08-05T00:00:00Z
ocds-9t57fa-164719,Q06106,Umzinyathi District Municipality,KwaZulu-Natal,complete,['Professional & consulting services'],"[{'industry': 'Professional & consulting services', 'score': 1.0, 'reasons': [""category field contains 'consulting'""]}]",False,,0,ZAR,2026-08-11T12:00:00Z,,,2026-08-05T00:00:00Z
ocds-9t57fa-164658,RFQ-112661,Statistics South Africa,Gauteng,complete,['Other / uncategorised'],"[{'industry': 'Other / uncategorised', 'score': 0.0, 'reasons': []}]",False,,0,ZAR,2026-08-11T16:00:00Z,,,2026-08-05T00:00:00Z
ocds-9t57fa-164632,29/07/2026 CCM ,Passenger Rail Agency of South Africa,National,complete,['Other / uncategorised'],"[{'industry': 'Other / uncategorised', 'score': 0.0, 'reasons': []}]",False,,0,ZAR,2026-08-13T12:00:00Z,,,2026-08-05T00:00:00Z
ocds-9t57fa-164650,DFFEQ124 SANITARY BINS AND HYGINE SERVICES,"National - Environment, Forestry and Fisheries",Western Cape,complete,"['Cleaning & facilities', 'Supply of goods']","[{'industry': 'Cleaning & facilities', 'score': 0.97, 'reasons': [""text fuzzy-matches 'hygiene services' (similarity 0.97)""]}, {'industry': 'Supply of goods', 'score': 0.97, 'reasons': [""text fuzzy-matches 'supply and delivery' (similarity 0.97)""]}]",False,,0,ZAR,2026-08-13T12:00:00Z,,,2026-08-05T00:00:00Z
ocds-9t57fa-164662,QUOTATION 8/2/33-2026 / MN167-2026,Bergrivier - WC Local Municipality,Western Cape,complete,"['Professional & consulting services', 'Supply of goods', 'ICT & telecommunications']","[{'industry': 'Professional & consulting services', 'score': 1.0, 'reasons': [""category field contains 'consulting'""]}, {'industry': 'Supply of goods', 'score': 1.0, 'reasons': [""text fuzzy-matches 'supply and delivery' (similarity 1.00)""]}, {'industry': 'ICT & telecommunications', 'score': 0.89, 'reasons': [""text fuzzy-matches 'fibre' (similarity 0.89)""]}]",False,,0,ZAR,2026-08-13T12:00:00Z,,,2026-08-05T00:00:00Z
ocds-9t57fa-164663,QUOTATION 8/2/30-2026 / MN164-2026,Bergrivier - WC Local Municipality,Western Cape,complete,"['Professional & consulting services', 'Supply of goods']","[{'industry': 'Professional & consulting services', 'score': 1.0, 'reasons': [""category field contains 'consulting'""]}, {'industry': 'Supply of goods', 'score': 1.0, 'reasons': [""text fuzzy-matches 'supply and delivery' (similarity 1.00)""]}]",False,,0,ZAR,2026-08-13T12:00:00Z,,,2026-08-05T00:00:00Z
ocds-9t57fa-164720,JW RFI 05/08/26 MSC,Johannesburg Water,Gauteng,complete,['Other / uncategorised'],"[{'industry': 'Other / uncategorised', 'score': 0.0, 'reasons': []}]",False,,0,ZAR,2026-08-13T13:00:00Z,,,2026-08-05T00:00:00Z
ocds-9t57fa-164722,Re10369609,Passenger Rail Agency of South Africa,Gauteng,complete,['Professional & consulting services'],"[{'industry': 'Professional & consulting services', 'score': 1.0, 'reasons': [""category field contains 'consulting'""]}]",False,,0,ZAR,2026-08-13T23:30:00Z,,,2026-08-05T00:00:00Z
ocds-9t57fa-164700,Q09-01-2026-27,City of Tshwane,Gauteng,complete,['Electrical'],"[{'industry': 'Electrical', 'score': 1.0, 'reasons': [""category field contains 'electrical'""]}]",False,,0,ZAR,2026-08-14T10:00:00Z,,,2026-08-05T00:00:00Z
ocds-9t57fa-164615,RFQ09848,Technology Innovation Agency,Gauteng,complete,['Other / uncategorised'],"[{'industry': 'Other / uncategorised', 'score': 0.0, 'reasons': []}]",False,,0,ZAR,2026-08-14T11:00:00Z,,,2026-08-05T00:00:00Z
ocds-9t57fa-164617,RFQ9849,Technology Innovation Agency,Gauteng,complete,['ICT & telecommunications'],"[{'industry': 'ICT & telecommunications', 'score': 1.0, 'reasons': [""text fuzzy-matches 'server' (similarity 1.00)""]}]",False,,0,ZAR,2026-08-14T11:00:00Z,,,2026-08-05T00:00:00Z
ocds-9t57fa-164621,RFQ9847,Technology Innovation Agency,Gauteng,complete,['Other / uncategorised'],"[{'industry': 'Other / uncategorised', 'score': 0.0, 'reasons': []}]",False,,0,ZAR,2026-08-14T11:00:00Z,,,2026-08-05T00:00:00Z
ocds-9t57fa-164659,RFQ/EC/CETC/FIN/01/08/2026,Eastern Cape CET College,Eastern Cape,complete,['Supply of goods'],"[{'industry': 'Supply of goods', 'score': 1.0, 'reasons': [""text fuzzy-matches 'supply and delivery' (similarity 1.00)""]}]",False,,0,ZAR,2026-08-14T11:00:00Z,,,2026-08-05T00:00:00Z
ocds-9t57fa-164674,RFQ 103/2026,Prince Albert Municipality,Western Cape,complete,['Supply of goods'],"[{'industry': 'Supply of goods', 'score': 1.0, 'reasons': [""text fuzzy-matches 'supply and delivery' (similarity 1.00)""]}]",False,,0,ZAR,2026-08-14T12:00:00Z,,,2026-08-05T00:00:00Z
ocds-9t57fa-164675,RFQ 105/2026,Prince Albert Municipality,Western Cape,complete,"['Electrical', 'Supply of goods']","[{'industry': 'Electrical', 'score': 1.0, 'reasons': [""category field contains 'electrical'""]}, {'industry': 'Supply of goods', 'score': 1.0, 'reasons': [""text fuzzy-matches 'supply and delivery' (similarity 1.00)""]}]",False,,0,ZAR,2026-08-14T12:00:00Z,,,2026-08-05T00:00:00Z
ocds-9t57fa-164728,AR-RFQ-26001,South African Nuclear Energy Corporation Limited,North West,complete,['Other / uncategorised'],"[{'industry': 'Other / uncategorised', 'score': 0.0, 'reasons': []}]",False,,0,ZAR,2026-08-14T16:00:00Z,,,2026-08-05T00:00:00Z
ocds-9t57fa-164703,165/2026,Kouga Municipality,Eastern Cape,complete,['Other / uncategorised'],"[{'industry': 'Other / uncategorised', 'score': 0.0, 'reasons': []}]",False,,0,ZAR,2026-08-17T12:00:00Z,,,2026-08-05T00:00:00Z
ocds-9t57fa-164606,QCTO RFQ 13/2026,Quality Council for Trades and Occupations,Gauteng,complete,['Other / uncategorised'],"[{'industry': 'Other / uncategorised', 'score': 0.0, 'reasons': []}]",False,,0,ZAR,2026-08-18T11:00:00Z,,,2026-08-05T00:00:00Z
ocds-9t57fa-164684,RFQ 03/08/2026,Kwa-Zulu Natal - Ezemvelo KwaZulu-Natal Wildlife,KwaZulu-Natal,complete,['Professional & consulting services'],"[{'industry': 'Professional & consulting services', 'score': 1.0, 'reasons': [""category field contains 'consulting'""]}]",False,,0,ZAR,2026-08-18T11:00:00Z,,,2026-08-05T00:00:00Z
ocds-9t57fa-164726,AD/2026/003,Private Security Industry Regulatory Authority,Gauteng,complete,['Other / uncategorised'],"[{'industry': 'Other / uncategorised', 'score': 0.0, 'reasons': []}]",False,,0,ZAR,2026-08-18T11:00:00Z,,,2026-08-05T00:00:00Z
ocds-9t57fa-164731,ATNS/RFQ04/05/2026/27/BOARDROOM CHAIRS/Re-adver,Air Traffic and Navigation Services Company Limited,National,complete,['Other / uncategorised'],"[{'industry': 'Other / uncategorised', 'score': 0.0, 'reasons': []}]",False,,0,ZAR,2026-08-18T11:00:00Z,,,2026-08-05T00:00:00Z
ocds-9t57fa-164733,ATNS/RFQ03/05/2026/27/BOARDROOM TABLES/Re-advert,Air Traffic and Navigation Services Company Limited,National,complete,['Other / uncategorised'],"[{'industry': 'Other / uncategorised', 'score': 0.0, 'reasons': []}]",False,,0,ZAR,2026-08-18T11:00:00Z,,,2026-08-05T00:00:00Z
ocds-9t57fa-164679,RFQ 26-27-62/MM,South African Post Office Limited,Western Cape,complete,['Construction & civil'],"[{'industry': 'Construction & civil', 'score': 1.0, 'reasons': [""category field contains 'construction'""]}]",False,,0,ZAR,2026-08-19T11:00:00Z,,,2026-08-05T00:00:00Z
ocds-9t57fa-169178,REQ0000002208 ,Public Protector South Africa,Free State,complete,['Security services'],"[{'industry': 'Security services', 'score': 1.0, 'reasons': [""category field contains 'security services'""]}]",False,,0,ZAR,2026-08-19T11:00:00Z,,,2026-08-05T00:00:00Z
ocds-9t57fa-164724,RFQ Maintenance of Two Vessels,iSimangaliso Wetland Park,KwaZulu-Natal,complete,['Transport & logistics'],"[{'industry': 'Transport & logistics', 'score': 1.0, 'reasons': [""category field contains 'transport'""]}]",False,,0,ZAR,2026-08-19T12:00:00Z,,,2026-08-05T00:00:00Z
ocds-9t57fa-164677,RFQ NO KNP-309248,South African National Parks,Mpumalanga,complete,['Other / uncategorised'],"[{'industry': 'Other / uncategorised', 'score': 0.0, 'reasons': []}]",False,,0,ZAR,2026-08-19T13:00:00Z,,,2026-08-05T00:00:00Z
ocds-9t57fa-164627,74905,Airports Company of South Africa,Gauteng,complete,['Professional & consulting services'],"[{'industry': 'Professional & consulting services', 'score': 1.0, 'reasons': [""category field contains 'consulting'""]}]",False,,0,ZAR,2026-08-19T16:00:00Z,,,2026-08-05T00:00:00Z
ocds-9t57fa-164624,PLM/TPANEL-LEG/0208 - 2026,Phokwane Local Municipality,Northern Cape,complete,['Professional & consulting services'],"[{'industry': 'Professional & consulting services', 'score': 1.0, 'reasons': [""category field contains 'consulting'""]}]",False,,0,ZAR,2026-08-20T12:00:00Z,,,2026-08-05T00:00:00Z
ocds-9t57fa-164665,RFQ BEL/0071/2026,South African Forestry Company Limited,Mpumalanga,complete,['Other / uncategorised'],"[{'industry': 'Other / uncategorised', 'score': 0.0, 'reasons': []}]",False,,0,ZAR,2026-08-20T12:00:00Z,,,2026-08-05T00:00:00Z
ocds-9t57fa-164701,CSIR RFP 1232/20/08/2026,Council for Scientific and Industrial Research (CSIR),National,complete,['Other / uncategorised'],"[{'industry': 'Other / uncategorised', 'score': 0.0, 'reasons': []}]",False,,0,ZAR,2026-08-20T16:30:00Z,,,2026-08-05T00:00:00Z
ocds-9t57fa-164614,BID 03/26,Francis Baard District Municipality,Northern Cape,complete,['Professional & consulting services'],"[{'industry': 'Professional & consulting services', 'score': 1.0, 'reasons': [""category field contains 'consulting'""]}]",False,,0,ZAR,2026-08-21T12:00:00Z,,,2026-08-05T00:00:00Z
ocds-9t57fa-164689,MKHO 09/2026/27,Mkhondo Local Municipality,Mpumalanga,complete,['Professional & consulting services'],"[{'industry': 'Professional & consulting services', 'score': 1.0, 'reasons': [""category field contains 'consulting'""]}]",False,,0,ZAR,2026-08-21T12:00:00Z,,,2026-08-05T00:00:00Z
ocds-9t57fa-164640,RFQ 54482,Airports Company of South Africa,Gauteng,complete,['Professional & consulting services'],"[{'industry': 'Professional & consulting services', 'score': 1.0, 'reasons': [""category field contains 'consulting'""]}]",False,,0,ZAR,2026-08-24T12:00:00Z,,,2026-08-05T00:00:00Z
ocds-9t57fa-164628,SASSA-03-26-GA-GP ,South African Social Security Agency,Gauteng,complete,['Health & medical'],"[{'industry': 'Health & medical', 'score': 1.0, 'reasons': [""text fuzzy-matches 'medical' (similarity 1.00)""]}]",False,,0,ZAR,2026-08-26T11:00:00Z,,,2026-08-05T00:00:00Z
ocds-9t57fa-164541,RT15-2021 BULK SMS,Justice & Constitutional Development,National,active,['Other / uncategorised'],"[{'industry': 'Other / uncategorised', 'score': 0.0, 'reasons': []}]",False,2025-05-31T00:00:00Z,0,ZAR,2026-08-05T11:00:00Z,,11690000.0,2026-08-04T00:00:00Z
ocds-9t57fa-166777,SIN-077,Council for Scientific and Industrial Research (CSIR),Gauteng,active,['Other / uncategorised'],"[{'industry': 'Other / uncategorised', 'score': 0.0, 'reasons': []}]",False,,0,ZAR,2026-08-05T11:00:00Z,,1617600.0,2026-08-04T00:00:00Z
ocds-9t57fa-166780,SIN-141,Council for Scientific and Industrial Research (CSIR),Gauteng,active,['Professional & consulting services'],"[{'industry': 'Professional & consulting services', 'score': 1.0, 'reasons': [""category field contains 'consulting'""]}]",False,,0,ZAR,2026-08-05T11:00:00Z,,8998580.0,2026-08-04T00:00:00Z
ocds-9t57fa-166789,SSP-168,Council for Scientific and Industrial Research (CSIR),Gauteng,active,['Professional & consulting services'],"[{'industry': 'Professional & consulting services', 'score': 1.0, 'reasons': [""category field contains 'consulting'""]}]",False,,0,ZAR,2026-08-05T11:00:00Z,,36716855.0,2026-08-04T00:00:00Z
ocds-9t57fa-164493,ZNQ006/2026,Kwazulu Natal - Public Works (Head Office),KwaZulu-Natal,active,['Health & medical'],"[{'industry': 'Health & medical', 'score': 0.92, 'reasons': [""text fuzzy-matches 'clinic' (similarity 0.92)""]}]",False,,0,ZAR,2026-08-07T11:00:00Z,,10211152.0,2026-08-04T00:00:00Z
ocds-9t57fa-164496,ZNQ007/2026,Kwazulu Natal - Public Works (Head Office),KwaZulu-Natal,active,['Health & medical'],"[{'industry': 'Health & medical', 'score': 0.92, 'reasons': [""text fuzzy-matches 'clinic' (similarity 0.92)""]}]",False,,0,ZAR,2026-08-07T11:00:00Z,,1260000.0,2026-08-04T00:00:00Z
ocds-9t57fa-164554,PR10117550,Road Accident Fund,Gauteng,active,"['Professional & consulting services', 'Construction & civil']","[{'industry': 'Professional & consulting services', 'score': 1.0, 'reasons': [""category field contains 'consulting'""]}, {'industry': 'Construction & civil', 'score': 0.89, 'reasons': [""text fuzzy-matches 'roads' (similarity 0.89)""]}]",False,,0,ZAR,2026-08-11T14:00:00Z,,48000.0,2026-08-04T00:00:00Z
ocds-9t57fa-166155,RFQ2610,Mine Health and Safety Council,Gauteng,active,['Other / uncategorised'],"[{'industry': 'Other / uncategorised', 'score': 0.0, 'reasons': []}]",False,,0,ZAR,2026-08-14T11:00:00Z,,3417874.0,2026-08-04T00:00:00Z
ocds-9t57fa-164455,RFQ 2026/163-1,Gauteng – Community Education and Training College,Gauteng,complete,['Supply of goods'],"[{'industry': 'Supply of goods', 'score': 2.0, 'reasons': [""category field contains 'stationery'"", ""text fuzzy-matches 'supply and delivery' (similarity 1.00)""]}]",False,,0,ZAR,2026-08-05T08:00:00Z,,,2026-08-04T00:00:00Z
ocds-9t57fa-164499,95,"National - Environment, Forestry and Fisheries",National,complete,['Other / uncategorised'],"[{'industry': 'Other / uncategorised', 'score': 0.0, 'reasons': []}]",False,,0,ZAR,2026-08-05T12:00:00Z,,,2026-08-04T00:00:00Z
ocds-9t57fa-164511,95R,"National - Environment, Forestry and Fisheries",National,complete,['Other / uncategorised'],"[{'industry': 'Other / uncategorised', 'score': 0.0, 'reasons': []}]",False,,0,ZAR,2026-08-05T12:00:00Z,,,2026-08-04T00:00:00Z
ocds-9t57fa-164551,H004L2707RFQ00107,Border Management Authority,Gauteng,complete,['Other / uncategorised'],"[{'industry': 'Other / uncategorised', 'score': 0.0, 'reasons': []}]",False,,0,ZAR,2026-08-06T11:00:00Z,,,2026-08-04T00:00:00Z
ocds-9t57fa-164467,Cancel E2888DXNCOU,ESKOM,Northern Cape,complete,"['Electrical', 'ICT & telecommunications']","[{'industry': 'Electrical', 'score': 1.0, 'reasons': [""category field contains 'electrical'""]}, {'industry': 'ICT & telecommunications', 'score': 1.0, 'reasons': [""text fuzzy-matches 'network' (similarity 1.00)""]}]",False,,0,ZAR,2026-08-07T11:00:00Z,,,2026-08-04T00:00:00Z
ocds-9t57fa-164469,Znq 35-26-27,Kwazulu Natal - Public Works (Head Office),KwaZulu-Natal,complete,['Supply of goods'],"[{'industry': 'Supply of goods', 'score': 1.0, 'reasons': [""text fuzzy-matches 'supply and delivery' (similarity 1.00)""]}]",False,,0,ZAR,2026-08-07T11:00:00Z,,,2026-08-04T00:00:00Z
ocds-9t57fa-164454,FQ 15/2026,Kannaland Municipality,Western Cape,complete,"['Electrical', 'Supply of goods']","[{'industry': 'Electrical', 'score': 1.0, 'reasons': [""category field contains 'electrical'""]}, {'industry': 'Supply of goods', 'score': 1.0, 'reasons': [""text fuzzy-matches 'supply and delivery' (similarity 1.00)""]}]",False,,0,ZAR,2026-08-07T12:00:00Z,,,2026-08-04T00:00:00Z
ocds-9t57fa-164471,RFQ-0150-26/27,uMalusi Council for Quality Assurance in General and Further Education and Training,Gauteng,complete,['Other / uncategorised'],"[{'industry': 'Other / uncategorised', 'score': 0.0, 'reasons': []}]",False,,0,ZAR,2026-08-07T16:00:00Z,,,2026-08-04T00:00:00Z
ocds-9t57fa-164474,OVI01REQ004379,Agricultural Research Council,Gauteng,complete,['Other / uncategorised'],"[{'industry': 'Other / uncategorised', 'score': 0.0, 'reasons': []}]",False,,0,ZAR,2026-08-11T11:00:00Z,,,2026-08-04T00:00:00Z
ocds-9t57fa-164519,DSTI04/08/2026-27,Science & Technology,Gauteng,complete,['Professional & consulting services'],"[{'industry': 'Professional & consulting services', 'score': 1.0, 'reasons': [""category field contains 'consulting'""]}]",False,,0,ZAR,2026-08-11T11:00:00Z,,,2026-08-04T00:00:00Z
ocds-9t57fa-164526,RFQ-112657/112546/112614,Statistics South Africa,Gauteng,complete,['Other / uncategorised'],"[{'industry': 'Other / uncategorised', 'score': 0.0, 'reasons': []}]",False,,0,ZAR,2026-08-11T11:00:00Z,,,2026-08-04T00:00:00Z
ocds-9t57fa-164545,RFQ0001262,Marine Living Resources Fund,Western Cape,complete,['Supply of goods'],"[{'industry': 'Supply of goods', 'score': 0.97, 'reasons': [""text fuzzy-matches 'supply and delivery' (similarity 0.97)""]}]",False,,0,ZAR,2026-08-11T11:00:00Z,,,2026-08-04T00:00:00Z
ocds-9t57fa-164546,RO/01/06/2026,South African Social Security Agency,Eastern Cape,complete,['Other / uncategorised'],"[{'industry': 'Other / uncategorised', 'score': 0.0, 'reasons': []}]",False,,0,ZAR,2026-08-11T11:00:00Z,,,2026-08-04T00:00:00Z
ocds-9t57fa-169152,REQ0000002195,Public Protector South Africa,Gauteng,complete,['Supply of goods'],"[{'industry': 'Supply of goods', 'score': 0.97, 'reasons': [""text fuzzy-matches 'supply and delivery' (similarity 0.97)""]}]",False,,0,ZAR,2026-08-11T11:00:00Z,,,2026-08-04T00:00:00Z
ocds-9t57fa-164477,RFQ Snakes Awareness Training,iSimangaliso Wetland Park,KwaZulu-Natal,complete,['Other / uncategorised'],"[{'industry': 'Other / uncategorised', 'score': 0.0, 'reasons': []}]",False,,0,ZAR,2026-08-11T12:00:00Z,,,2026-08-04T00:00:00Z
ocds-9t57fa-164488,18-2025-2026,Ulundi Local Municipality,KwaZulu-Natal,complete,"['ICT & telecommunications', 'Professional & consulting services']","[{'industry': 'ICT & telecommunications', 'score': 1.0, 'reasons': [""category field contains 'ict'""]}, {'industry': 'Professional & consulting services', 'score': 1.0, 'reasons': [""category field contains 'consulting'""]}]",False,,0,ZAR,2026-08-11T12:00:00Z,,,2026-08-04T00:00:00Z
ocds-9t57fa-164498,PR 10117515 ,Road Accident Fund,Gauteng,complete,"['Cleaning & facilities', 'Construction & civil']","[{'industry': 'Cleaning & facilities', 'score': 1.0, 'reasons': [""text fuzzy-matches 'cleaning services' (similarity 1.00)""]}, {'industry': 'Construction & civil', 'score': 0.89, 'reasons': [""text fuzzy-matches 'roads' (similarity 0.89)""]}]",False,,0,ZAR,2026-08-11T12:00:00Z,,,2026-08-04T00:00:00Z
ocds-9t57fa-164508,JCPZ/RFQ/ECD02/2026,Johannesburg City Parks and Zoo,National,complete,['Other / uncategorised'],"[{'industry': 'Other / uncategorised', 'score': 0.0, 'reasons': []}]",False,,0,ZAR,2026-08-11T12:00:00Z,,,2026-08-04T00:00:00Z
ocds-9t57fa-164512,JCPZ/RFQ/HC01/2026,Johannesburg City Parks and Zoo,National,complete,['Other / uncategorised'],"[{'industry': 'Other / uncategorised', 'score': 0.0, 'reasons': []}]",False,,0,ZAR,2026-08-11T12:00:00Z,,,2026-08-04T00:00:00Z
ocds-9t57fa-164558,SCM/MLM/15/26-27,Mnquma Local Municipality,Eastern Cape,complete,['Supply of goods'],"[{'industry': 'Supply of goods', 'score': 1.0, 'reasons': [""text fuzzy-matches 'supply and delivery' (similarity 1.00)""]}]",False,,0,ZAR,2026-08-11T12:00:00Z,,,2026-08-04T00:00:00Z
ocds-9t57fa-164601,RFQ-TOILET VALVES,Xhariep District Municipality,Free State,complete,['Supply of goods'],"[{'industry': 'Supply of goods', 'score': 1.0, 'reasons': [""text fuzzy-matches 'supply and delivery' (similarity 1.00)""]}]",False,,0,ZAR,2026-08-11T12:00:00Z,,,2026-08-04T00:00:00Z
ocds-9t57fa-164603,RFQ04/07/2026,Enoch Mgijima Local Municipality,Eastern Cape,complete,['Supply of goods'],"[{'industry': 'Supply of goods', 'score': 1.0, 'reasons': [""text fuzzy-matches 'supply and delivery' (similarity 1.00)""]}]",False,,0,ZAR,2026-08-11T12:00:00Z,,,2026-08-04T00:00:00Z
ocds-9t57fa-164604,RFQ05/07/2026,Enoch Mgijima Local Municipality,Eastern Cape,complete,['Other / uncategorised'],"[{'industry': 'Other / uncategorised', 'score': 0.0, 'reasons': []}]",False,,0,ZAR,2026-08-11T12:00:00Z,,,2026-08-04T00:00:00Z
ocds-9t57fa-164492,RFQ-112642,Statistics South Africa,Gauteng,complete,['ICT & telecommunications'],"[{'industry': 'ICT & telecommunications', 'score': 1.0, 'reasons': [""category field contains 'telecommunications'""]}]",False,,0,ZAR,2026-08-11T16:00:00Z,,,2026-08-04T00:00:00Z
ocds-9t57fa-164527,RFQ-112637,Statistics South Africa,Gauteng,complete,['Other / uncategorised'],"[{'industry': 'Other / uncategorised', 'score': 0.0, 'reasons': []}]",False,,0,ZAR,2026-08-11T16:00:00Z,,,2026-08-04T00:00:00Z
ocds-9t57fa-164485,HO/ICT/10371531/08/2026,Passenger Rail Agency of South Africa,National,complete,['ICT & telecommunications'],"[{'industry': 'ICT & telecommunications', 'score': 1.0, 'reasons': [""text fuzzy-matches 'software' (similarity 1.00)""]}]",False,,0,ZAR,2026-08-12T10:00:00Z,,,2026-08-04T00:00:00Z
ocds-9t57fa-164514,HO/HCM/10369524/08/2026,Passenger Rail Agency of South Africa,National,complete,['Other / uncategorised'],"[{'industry': 'Other / uncategorised', 'score': 0.0, 'reasons': []}]",False,,0,ZAR,2026-08-12T10:00:00Z,,,2026-08-04T00:00:00Z
ocds-9t57fa-164576,OLT2128208,ESKOM,Mpumalanga,complete,['Other / uncategorised'],"[{'industry': 'Other / uncategorised', 'score': 0.0, 'reasons': []}]",False,,0,ZAR,2026-08-12T10:00:00Z,,,2026-08-04T00:00:00Z
ocds-9t57fa-164476,OVI01REQ003811,Agricultural Research Council,Gauteng,complete,['Professional & consulting services'],"[{'industry': 'Professional & consulting services', 'score': 1.0, 'reasons': [""category field contains 'consulting'""]}]",False,,0,ZAR,2026-08-12T11:00:00Z,,,2026-08-04T00:00:00Z
ocds-9t57fa-164478,OVI01REQ003500,Agricultural Research Council,Gauteng,complete,['Professional & consulting services'],"[{'industry': 'Professional & consulting services', 'score': 1.0, 'reasons': [""category field contains 'consulting'""]}]",False,,0,ZAR,2026-08-12T11:00:00Z,,,2026-08-04T00:00:00Z
ocds-9t57fa-164481,OVI01REQ003987,Agricultural Research Council,Gauteng,complete,['Professional & consulting services'],"[{'industry': 'Professional & consulting services', 'score': 1.0, 'reasons': [""category field contains 'consulting'""]}]",False,,0,ZAR,2026-08-12T11:00:00Z,,,2026-08-04T00:00:00Z
ocds-9t57fa-164587,RFQ/COS/007/2026R,"Culture Arts, Tourism, Hospitality And Sport Sector Education And Training Authority (CATHSSETA)",Western Cape,complete,['Other / uncategorised'],"[{'industry': 'Other / uncategorised', 'score': 0.0, 'reasons': []}]",False,,0,ZAR,2026-08-12T11:00:00Z,,,2026-08-04T00:00:00Z
ocds-9t57fa-164592,OVI01REQ00400,Agricultural Research Council,Gauteng,complete,['Other / uncategorised'],"[{'industry': 'Other / uncategorised', 'score': 0.0, 'reasons': []}]",False,,0,ZAR,2026-08-12T11:00:00Z,,,2026-08-04T00:00:00Z
ocds-9t57fa-164593,OVI01REQ004268,Agricultural Research Council,Gauteng,complete,['Other / uncategorised'],"[{'industry': 'Other / uncategorised', 'score': 0.0, 'reasons': []}]",False,,0,ZAR,2026-08-12T11:00:00Z,,,2026-08-04T00:00:00Z
ocds-9t57fa-164594,OVI01REQ004215,Agricultural Research Council,Gauteng,complete,['Other / uncategorised'],"[{'industry': 'Other / uncategorised', 'score': 0.0, 'reasons': []}]",False,,0,ZAR,2026-08-12T11:00:00Z,,,2026-08-04T00:00:00Z
ocds-9t57fa-164595,OVI01REQ4217,Agricultural Research Council,Gauteng,complete,['Other / uncategorised'],"[{'industry': 'Other / uncategorised', 'score': 0.0, 'reasons': []}]",False,,0,ZAR,2026-08-12T11:00:00Z,,,2026-08-04T00:00:00Z
ocds-9t57fa-164500,SCM/MLM/26/26-27,Mnquma Local Municipality,Eastern Cape,complete,['Other / uncategorised'],"[{'industry': 'Other / uncategorised', 'score': 0.0, 'reasons': []}]",False,,0,ZAR,2026-08-12T12:00:00Z,,,2026-08-04T00:00:00Z
ocds-9t57fa-164528,Q2026/06,Amajuba District Municipality,KwaZulu-Natal,complete,['Other / uncategorised'],"[{'industry': 'Other / uncategorised', 'score': 0.0, 'reasons': []}]",False,,0,ZAR,2026-08-12T12:00:00Z,,,2026-08-04T00:00:00Z
ocds-9t57fa-164588,OLT2128209,ESKOM,Mpumalanga,complete,['Electrical'],"[{'industry': 'Electrical', 'score': 1.0, 'reasons': [""text fuzzy-matches 'transformer' (similarity 1.00)""]}]",False,,0,ZAR,2026-08-13T10:00:00Z,,,2026-08-04T00:00:00Z
ocds-9t57fa-164403,RFP GSM027/2026,South African Airways (Pty) Limited,Gauteng,complete,['Transport & logistics'],"[{'industry': 'Transport & logistics', 'score': 1.0, 'reasons': [""category field contains 'transport'""]}]",False,,0,ZAR,2026-08-13T11:00:00Z,,,2026-08-04T00:00:00Z
ocds-9t57fa-164406,RFP GSM028/2026,South African Airways (Pty) Limited,Gauteng,complete,['Transport & logistics'],"[{'industry': 'Transport & logistics', 'score': 1.0, 'reasons': [""category field contains 'transport'""]}]",False,,0,ZAR,2026-08-13T11:00:00Z,,,2026-08-04T00:00:00Z
ocds-9t57fa-164510,OVI01REQ003774,Agricultural Research Council,Gauteng,complete,['Professional & consulting services'],"[{'industry': 'Professional & consulting services', 'score': 1.0, 'reasons': [""category field contains 'consulting'""]}]",False,,0,ZAR,2026-08-13T11:00:00Z,,,2026-08-04T00:00:00Z
ocds-9t57fa-164521,CTT26929,PetroSA,Western Cape,complete,['Professional & consulting services'],"[{'industry': 'Professional & consulting services', 'score': 1.0, 'reasons': [""category field contains 'consulting'""]}]",False,,0,ZAR,2026-08-13T11:00:00Z,,,2026-08-04T00:00:00Z
ocds-9t57fa-164549,RFQ/004/2026/27,National - Department of Electricity and Energy,Gauteng,complete,"['Professional & consulting services', 'Energy & renewables']","[{'industry': 'Professional & consulting services', 'score': 1.0, 'reasons': [""category field contains 'consulting'""]}, {'industry': 'Energy & renewables', 'score': 0.86, 'reasons': [""text fuzzy-matches 'wind energy' (similarity 0.86)""]}]",False,,0,ZAR,2026-08-13T11:00:00Z,,,2026-08-04T00:00:00Z
ocds-9t57fa-164550,RFQ SCISSOR LIFT 2026-08-04,Iziko Museums of Cape Town,Western Cape,complete,['Other / uncategorised'],"[{'industry': 'Other / uncategorised', 'score': 0.0, 'reasons': []}]",False,,0,ZAR,2026-08-13T11:00:00Z,,,2026-08-04T00:00:00Z
ocds-9t57fa-164563,RFQ ADV Catering and Catering Equipment on 1st 24t,Iziko Museums of Cape Town,Western Cape,complete,['Supply of goods'],"[{'industry': 'Supply of goods', 'score': 1.0, 'reasons': [""text fuzzy-matches 'supply and delivery' (similarity 1.00)""]}]",False,,0,ZAR,2026-08-13T11:00:00Z,,,2026-08-04T00:00:00Z
ocds-9t57fa-164570,EHCFIRE/08/2026,Ekurhuieni Housing Company,Gauteng,complete,"['Construction & civil', 'ICT & telecommunications']","[{'industry': 'Construction & civil', 'score': 1.0, 'reasons': [""category field contains 'building'""]}, {'industry': 'ICT & telecommunications', 'score': 0.89, 'reasons': [""text fuzzy-matches 'fibre' (similarity 0.89)""]}]",False,,0,ZAR,2026-08-14T11:00:00Z,,,2026-08-04T00:00:00Z
ocds-9t57fa-164533,FWQ21/2026,Blue crane route local municipality,Eastern Cape,complete,['Other / uncategorised'],"[{'industry': 'Other / uncategorised', 'score': 0.0, 'reasons': []}]",False,,0,ZAR,2026-08-14T12:00:00Z,,,2026-08-04T00:00:00Z
ocds-9t57fa-164539,RFQ-KZNM04AUG098,KwaZulu-Natal Museum,KwaZulu-Natal,complete,['Other / uncategorised'],"[{'industry': 'Other / uncategorised', 'score': 0.0, 'reasons': []}]",False,,0,ZAR,2026-08-14T16:00:00Z,,,2026-08-04T00:00:00Z
ocds-9t57fa-164456,RFQ 26-27-58/DP,South African Post Office Limited,Gauteng,complete,['Other / uncategorised'],"[{'industry': 'Other / uncategorised', 'score': 0.0, 'reasons': []}]",False,,0,ZAR,2026-08-17T11:00:00Z,,,2026-08-04T00:00:00Z
ocds-9t57fa-164564,20260710-RFQ-HCFACILITATION-SY,Perishable Products Export Control Board,Western Cape,complete,['Other / uncategorised'],"[{'industry': 'Other / uncategorised', 'score': 0.0, 'reasons': []}]",False,,0,ZAR,2026-08-18T11:00:00Z,,,2026-08-04T00:00:00Z
ocds-9t57fa-164542,E3336DXMWP,ESKOM,KwaZulu-Natal,complete,"['Professional & consulting services', 'ICT & telecommunications']","[{'industry': 'Professional & consulting services', 'score': 1.0, 'reasons': [""category field contains 'consulting'""]}, {'industry': 'ICT & telecommunications', 'score': 0.91, 'reasons': [""text fuzzy-matches 'server' (similarity 0.91)""]}]",False,,0,ZAR,2026-08-19T10:00:00Z,,,2026-08-04T00:00:00Z
ocds-9t57fa-164463,RFQ 202042,SA Bureau of Standards,Mpumalanga,complete,['Other / uncategorised'],"[{'industry': 'Other / uncategorised', 'score': 0.0, 'reasons': []}]",False,,0,ZAR,2026-08-19T11:00:00Z,,,2026-08-04T00:00:00Z
ocds-9t57fa-164583,E2858GXMPKENR1,ESKOM,Mpumalanga,complete,"['Electrical', 'Mining & resources']","[{'industry': 'Electrical', 'score': 1.0, 'reasons': [""category field contains 'electrical'""]}, {'industry': 'Mining & resources', 'score': 1.0, 'reasons': [""text fuzzy-matches 'coal' (similarity 1.00)""]}]",False,,0,ZAR,2026-08-19T11:00:00Z,,,2026-08-04T00:00:00Z
ocds-9t57fa-166782,SIN-145,Council for Scientific and Industrial Research (CSIR),Gauteng,active,['Professional & consulting services'],"[{'industry': 'Professional & consulting services', 'score': 1.0, 'reasons': [""category field contains 'consulting'""]}]",False,,0,ZAR,2026-08-04T11:00:00Z,,27035120.0,2026-08-03T00:00:00Z
ocds-9t57fa-167720,GRG Q31/2026-2027,Correctional Services,Western Cape,active,"['Construction & civil', 'Supply of goods']","[{'industry': 'Construction & civil', 'score': 2.0, 'reasons': [""category field contains 'building'"", ""text fuzzy-matches 'roofing' (similarity 1.00)""]}, {'industry': 'Supply of goods', 'score': 1.0, 'reasons': [""text fuzzy-matches 'supply and delivery' (similarity 1.00)""]}]",False,,0,ZAR,2026-08-05T11:00:00Z,,97999998.0,2026-08-03T00:00:00Z
ocds-9t57fa-167658,RFQ-Reactor Op 01,South African Nuclear Energy Corporation Limited,North West,active,['Supply of goods'],"[{'industry': 'Supply of goods', 'score': 1.0, 'reasons': [""text fuzzy-matches 'supply and delivery' (similarity 1.00)""]}]",False,,0,ZAR,2026-08-06T11:00:00Z,,2208690.0,2026-08-03T00:00:00Z
ocds-9t57fa-164365,IHLM/08/2026-27/HUMAN,Ingquza Hill Local Municipality,Eastern Cape,active,['Supply of goods'],"[{'industry': 'Supply of goods', 'score': 1.0, 'reasons': [""text fuzzy-matches 'supply and delivery' (similarity 1.00)""]}]",False,,0,ZAR,2026-08-11T12:00:00Z,,1415040.0,2026-08-03T00:00:00Z
ocds-9t57fa-167113,Dev2026-031,National Treasury,National,active,['Other / uncategorised'],"[{'industry': 'Other / uncategorised', 'score': 0.0, 'reasons': []}]",False,,0,ZAR,2026-08-13T11:00:00Z,,30609038.0,2026-08-03T00:00:00Z
ocds-9t57fa-164420,CCB2026/08/01,Castle Control Board,Western Cape,active,['Professional & consulting services'],"[{'industry': 'Professional & consulting services', 'score': 1.0, 'reasons': [""category field contains 'consulting'""]}]",False,,0,ZAR,2026-08-18T10:00:00Z,,226100.0,2026-08-03T00:00:00Z
ocds-9t57fa-165822,RFQ2460,Mine Health and Safety Council,Gauteng,cancelled,"['Transport & logistics', 'Construction & civil']","[{'industry': 'Transport & logistics', 'score': 1.0, 'reasons': [""category field contains 'transport'""]}, {'industry': 'Construction & civil', 'score': 0.87, 'reasons': [""text fuzzy-matches 'construction' (similarity 0.87)""]}]",False,,0,ZAR,2026-08-06T11:00:00Z,,171900.0,2026-08-03T00:00:00Z
ocds-9t57fa-164409,RFQ 2026/163,Gauteng – Community Education and Training College,Gauteng,complete,['Supply of goods'],"[{'industry': 'Supply of goods', 'score': 2.0, 'reasons': [""category field contains 'stationery'"", ""text fuzzy-matches 'supply and delivery' (similarity 1.00)""]}]",False,,0,ZAR,2026-08-04T08:00:00Z,,,2026-08-03T00:00:00Z
ocds-9t57fa-164391,RFQ112 26/27,"National - Environment, Forestry and Fisheries",Free State,complete,['Supply of goods'],"[{'industry': 'Supply of goods', 'score': 1.0, 'reasons': [""text fuzzy-matches 'supply and delivery' (similarity 1.00)""]}]",False,,0,ZAR,2026-08-04T13:30:00Z,,,2026-08-03T00:00:00Z
ocds-9t57fa-164362,SCMM 08/07/04R,The Presidency,KwaZulu-Natal,complete,['Supply of goods'],"[{'industry': 'Supply of goods', 'score': 1.0, 'reasons': [""text fuzzy-matches 'supply and delivery' (similarity 1.00)""]}]",False,,0,ZAR,2026-08-05T11:00:00Z,,,2026-08-03T00:00:00Z
ocds-9t57fa-164370,SCMM 06/07/04R,The Presidency,KwaZulu-Natal,complete,"['Security services', 'Supply of goods']","[{'industry': 'Security services', 'score': 1.0, 'reasons': [""category field contains 'security services'""]}, {'industry': 'Supply of goods', 'score': 1.0, 'reasons': [""text fuzzy-matches 'supply and delivery' (similarity 1.00)""]}]",False,,0,ZAR,2026-08-05T11:00:00Z,,,2026-08-03T00:00:00Z
ocds-9t57fa-164350,RFQ19-06-2026 A,Cross-Border Road Transport Agency,Gauteng,complete,['ICT & telecommunications'],"[{'industry': 'ICT & telecommunications', 'score': 1.0, 'reasons': [""text fuzzy-matches 'software' (similarity 1.00)""]}]",False,,0,ZAR,2026-08-06T11:00:00Z,,,2026-08-03T00:00:00Z
ocds-9t57fa-164355,RFQ13-07-2026,Cross-Border Road Transport Agency,Gauteng,complete,['Other / uncategorised'],"[{'industry': 'Other / uncategorised', 'score': 0.0, 'reasons': []}]",False,,0,ZAR,2026-08-06T11:00:00Z,,,2026-08-03T00:00:00Z
ocds-9t57fa-164357,RFQ12-07-2026,Cross-Border Road Transport Agency,Gauteng,complete,['Other / uncategorised'],"[{'industry': 'Other / uncategorised', 'score': 0.0, 'reasons': []}]",False,,0,ZAR,2026-08-06T11:00:00Z,,,2026-08-03T00:00:00Z
ocds-9t57fa-164429,TPT/2026/07/0889/9678/RFQ,Transnet SOC Ltd,KwaZulu-Natal,complete,['Other / uncategorised'],"[{'industry': 'Other / uncategorised', 'score': 0.0, 'reasons': []}]",False,,0,ZAR,2026-08-06T12:00:00Z,,,2026-08-03T00:00:00Z
ocds-9t57fa-163485,RFQJW50SN26,Johannesburg Water,Gauteng,complete,['Cleaning & facilities'],"[{'industry': 'Cleaning & facilities', 'score': 1.0, 'reasons': [""text fuzzy-matches 'hygiene services' (similarity 1.00)""]}]",False,,0,ZAR,2026-08-06T16:00:00Z,,,2026-08-03T00:00:00Z
ocds-9t57fa-164338,RFQ/MICT/46/2026,"Media, Information and Communication Technologies Sector Education and training Authority (MICT SETA)",Gauteng,complete,['Professional & consulting services'],"[{'industry': 'Professional & consulting services', 'score': 1.0, 'reasons': [""category field contains 'consulting'""]}]",False,,0,ZAR,2026-08-07T11:00:00Z,,,2026-08-03T00:00:00Z
ocds-9t57fa-164390,NB087/2026,Tourism,Free State,complete,['Other / uncategorised'],"[{'industry': 'Other / uncategorised', 'score': 0.0, 'reasons': []}]",False,,0,ZAR,2026-08-07T11:00:00Z,,,2026-08-03T00:00:00Z
ocds-9t57fa-164402,01-08-2026 ,Cross-Border Road Transport Agency,Gauteng,complete,['Electrical'],"[{'industry': 'Electrical', 'score': 0.88, 'reasons': [""text fuzzy-matches 'power installation' (similarity 0.88)""]}]",False,,0,ZAR,2026-08-07T11:00:00Z,,,2026-08-03T00:00:00Z
ocds-9t57fa-164425,PR10117489,Road Accident Fund,Gauteng,complete,['Construction & civil'],"[{'industry': 'Construction & civil', 'score': 0.89, 'reasons': [""text fuzzy-matches 'roads' (similarity 0.89)""]}]",False,,0,ZAR,2026-08-07T14:00:00Z,,,2026-08-03T00:00:00Z
ocds-9t57fa-164375,OVI01REQ004399,Agricultural Research Council,Gauteng,complete,['Professional & consulting services'],"[{'industry': 'Professional & consulting services', 'score': 1.0, 'reasons': [""category field contains 'consulting'""]}]",False,,0,ZAR,2026-08-10T11:00:00Z,,,2026-08-03T00:00:00Z
ocds-9t57fa-164379,MISA/RFQ/01351/2026/2027,Municipal Infrastructure Support Agent,National,complete,['Professional & consulting services'],"[{'industry': 'Professional & consulting services', 'score': 1.0, 'reasons': [""category field contains 'consulting'""]}]",False,,0,ZAR,2026-08-10T11:00:00Z,,,2026-08-03T00:00:00Z
ocds-9t57fa-164384,RFQ0001261,Marine Living Resources Fund,Western Cape,complete,"['Professional & consulting services', 'Supply of goods']","[{'industry': 'Professional & consulting services', 'score': 1.0, 'reasons': [""category field contains 'consulting'""]}, {'industry': 'Supply of goods', 'score': 0.97, 'reasons': [""text fuzzy-matches 'supply and delivery' (similarity 0.97)""]}]",False,,0,ZAR,2026-08-10T11:00:00Z,,,2026-08-03T00:00:00Z
ocds-9t57fa-164451,RE-RFQ02/07/2026,Enoch Mgijima Local Municipality,Eastern Cape,complete,['Other / uncategorised'],"[{'industry': 'Other / uncategorised', 'score': 0.0, 'reasons': []}]",False,,0,ZAR,2026-08-10T12:00:00Z,,,2026-08-03T00:00:00Z
ocds-9t57fa-164434,10372922/08/2026BRASTO,Passenger Rail Agency of South Africa,Gauteng,complete,['Supply of goods'],"[{'industry': 'Supply of goods', 'score': 0.97, 'reasons': [""text fuzzy-matches 'supply and delivery' (similarity 0.97)""]}]",False,,0,ZAR,2026-08-11T09:00:00Z,,,2026-08-03T00:00:00Z
ocds-9t57fa-164363,RFQ 072 2026/27 ,Special Investigation Unit,Gauteng,complete,['Professional & consulting services'],"[{'industry': 'Professional & consulting services', 'score': 1.0, 'reasons': [""category field contains 'consulting'""]}]",False,,0,ZAR,2026-08-11T10:00:00Z,,,2026-08-03T00:00:00Z
ocds-9t57fa-164372,VIM01REQ007095,Agricultural Research Council,Eastern Cape,complete,"['Construction & civil', 'Water & sanitation']","[{'industry': 'Construction & civil', 'score': 1.0, 'reasons': [""category field contains 'construction'""]}, {'industry': 'Water & sanitation', 'score': 1.0, 'reasons': [""text fuzzy-matches 'borehole' (similarity 1.00)""]}]",False,,0,ZAR,2026-08-11T11:00:00Z,,,2026-08-03T00:00:00Z
ocds-9t57fa-164395,RE10372900,Passenger Rail Agency of South Africa,Gauteng,complete,['Professional & consulting services'],"[{'industry': 'Professional & consulting services', 'score': 1.0, 'reasons': [""category field contains 'consulting'""]}]",False,,0,ZAR,2026-08-11T11:00:00Z,,,2026-08-03T00:00:00Z
ocds-9t57fa-164400,SAMSA/RFI/004/2026/27,South African Maritime Safety Authority,National,complete,['ICT & telecommunications'],"[{'industry': 'ICT & telecommunications', 'score': 0.92, 'reasons': [""text fuzzy-matches 'server' (similarity 0.92)""]}]",False,,0,ZAR,2026-08-11T11:00:00Z,,,2026-08-03T00:00:00Z
ocds-9t57fa-164415,RFQ0001258,Marine Living Resources Fund,Western Cape,complete,"['Supply of goods', 'Construction & civil']","[{'industry': 'Supply of goods', 'score': 1.0, 'reasons': [""text fuzzy-matches 'supply and delivery' (similarity 1.00)""]}, {'industry': 'Construction & civil', 'score': 0.94, 'reasons': [""text fuzzy-matches 'building' (similarity 0.94)""]}]",False,,0,ZAR,2026-08-11T11:00:00Z,,,2026-08-03T00:00:00Z
ocds-9t57fa-164431,MISA/REQ/01353/IES/2026/2027,Municipal Infrastructure Support Agent,National,complete,['Professional & consulting services'],"[{'industry': 'Professional & consulting services', 'score': 1.0, 'reasons': [""category field contains 'consulting'""]}]",False,,0,ZAR,2026-08-11T11:00:00Z,,,2026-08-03T00:00:00Z
ocds-9t57fa-164447,6000263342,DENEL (Pty) Ltd,Gauteng,complete,['Other / uncategorised'],"[{'industry': 'Other / uncategorised', 'score': 0.0, 'reasons': []}]",False,,0,ZAR,2026-08-11T11:00:00Z,,,2026-08-03T00:00:00Z
ocds-9t57fa-164417,Q2026/05,Amajuba District Municipality,KwaZulu-Natal,complete,['Supply of goods'],"[{'industry': 'Supply of goods', 'score': 1.0, 'reasons': [""text fuzzy-matches 'supply and delivery' (similarity 1.00)""]}]",False,,0,ZAR,2026-08-11T12:00:00Z,,,2026-08-03T00:00:00Z
ocds-9t57fa-164438,SCM/MLM/12/26-27,Mnquma Local Municipality,Eastern Cape,complete,"['Construction & civil', 'Supply of goods']","[{'industry': 'Construction & civil', 'score': 1.0, 'reasons': [""text fuzzy-matches 'concrete' (similarity 1.00)""]}, {'industry': 'Supply of goods', 'score': 1.0, 'reasons': [""text fuzzy-matches 'supply and delivery' (similarity 1.00)""]}]",False,,0,ZAR,2026-08-11T12:00:00Z,,,2026-08-03T00:00:00Z
ocds-9t57fa-164442,SCM/MLM/28/26-27,Mnquma Local Municipality,Eastern Cape,complete,['Supply of goods'],"[{'industry': 'Supply of goods', 'score': 1.0, 'reasons': [""text fuzzy-matches 'supply and delivery' (similarity 1.00)""]}]",False,,0,ZAR,2026-08-11T12:00:00Z,,,2026-08-03T00:00:00Z
ocds-9t57fa-164435,RFQ/10/2026/27,BRAND RSA,Gauteng,complete,['Professional & consulting services'],"[{'industry': 'Professional & consulting services', 'score': 1.0, 'reasons': [""category field contains 'consulting'""]}]",False,,0,ZAR,2026-08-11T16:00:00Z,,,2026-08-03T00:00:00Z
ocds-9t57fa-164407,VIM01REQ006979,Agricultural Research Council,Eastern Cape,complete,"['Construction & civil', 'Agriculture']","[{'industry': 'Construction & civil', 'score': 1.0, 'reasons': [""category field contains 'construction'""]}, {'industry': 'Agriculture', 'score': 1.0, 'reasons': [""text fuzzy-matches 'irrigation' (similarity 1.00)""]}]",False,,0,ZAR,2026-08-12T11:00:00Z,,,2026-08-03T00:00:00Z
ocds-9t57fa-164428,E34674,Human Sciences Research Council,National,complete,['Other / uncategorised'],"[{'industry': 'Other / uncategorised', 'score': 0.0, 'reasons': []}]",False,,0,ZAR,2026-08-12T16:30:00Z,,,2026-08-03T00:00:00Z
ocds-9t57fa-164345,1223767A,Limpopo - Economic Development Agency,Limpopo,complete,['Mechanical & HVAC'],"[{'industry': 'Mechanical & HVAC', 'score': 1.0, 'reasons': [""category field contains 'air conditioning'""]}]",False,,0,ZAR,2026-08-13T04:00:00Z,,,2026-08-03T00:00:00Z
ocds-9t57fa-164346,DMP/12/26/GP-HCM,Passenger Rail Agency of South Africa,Gauteng,complete,['Other / uncategorised'],"[{'industry': 'Other / uncategorised', 'score': 0.0, 'reasons': []}]",False,,0,ZAR,2026-08-13T10:00:00Z,,,2026-08-03T00:00:00Z
ocds-9t57fa-164394,RFQ 26-27-60,South African Post Office Limited,Northern Cape,complete,"['Electrical', 'Mechanical & HVAC']","[{'industry': 'Electrical', 'score': 1.0, 'reasons': [""text fuzzy-matches 'electrical' (similarity 1.00)""]}, {'industry': 'Mechanical & HVAC', 'score': 1.0, 'reasons': [""category field contains 'air conditioning'""]}]",False,,0,ZAR,2026-08-13T11:00:00Z,,,2026-08-03T00:00:00Z
ocds-9t57fa-164359,6000008291,African Exploration Mining and Finance Corporation Soc Ltd,Mpumalanga,complete,['Mining & resources'],"[{'industry': 'Mining & resources', 'score': 1.0, 'reasons': [""category field contains 'mining'""]}]",False,,0,ZAR,2026-08-13T12:00:00Z,,,2026-08-03T00:00:00Z
ocds-9t57fa-164353,RFQ 16873,Airports Company of South Africa,KwaZulu-Natal,complete,['Other / uncategorised'],"[{'industry': 'Other / uncategorised', 'score': 0.0, 'reasons': []}]",False,,0,ZAR,2026-08-13T13:00:00Z,,,2026-08-03T00:00:00Z
ocds-9t57fa-164348,API01REQ007857,Agricultural Research Council,Free State,complete,['Other / uncategorised'],"[{'industry': 'Other / uncategorised', 'score': 0.0, 'reasons': []}]",False,,0,ZAR,2026-08-14T10:00:00Z,,,2026-08-03T00:00:00Z
ocds-9t57fa-164436,NNRCSRRFQ-20-2026,National Nuclear Regulator,Gauteng,complete,['Professional & consulting services'],"[{'industry': 'Professional & consulting services', 'score': 1.0, 'reasons': [""category field contains 'consulting'""]}]",False,,0,ZAR,2026-08-14T11:00:00Z,,,2026-08-03T00:00:00Z
ocds-9t57fa-164439,MISA/RFQ/IT/01334/2026/2027,Municipal Infrastructure Support Agent,Gauteng,complete,['Other / uncategorised'],"[{'industry': 'Other / uncategorised', 'score': 0.0, 'reasons': []}]",False,,0,ZAR,2026-08-14T11:00:00Z,,,2026-08-03T00:00:00Z
ocds-9t57fa-164430,RFQ 01/07/2026 AND RFQ 02/07/2026,Oudtshoorn Municipality,Western Cape,complete,['Supply of goods'],"[{'industry': 'Supply of goods', 'score': 1.0, 'reasons': [""text fuzzy-matches 'supply and delivery' (similarity 1.00)""]}]",False,,0,ZAR,2026-08-14T12:00:00Z,,,2026-08-03T00:00:00Z
ocds-9t57fa-164433,ADVERTISED RFQ 03/07/2026,Oudtshoorn Municipality,Western Cape,complete,['Mechanical & HVAC'],"[{'industry': 'Mechanical & HVAC', 'score': 1.0, 'reasons': [""text fuzzy-matches 'mechanical' (similarity 1.00)""]}]",False,,0,ZAR,2026-08-14T12:00:00Z,,,2026-08-03T00:00:00Z
ocds-9t57fa-164393,RFQ 26-27-59/MM,South African Post Office Limited,North West,complete,['Construction & civil'],"[{'industry': 'Construction & civil', 'score': 1.0, 'reasons': [""category field contains 'construction'""]}]",False,,0,ZAR,2026-08-17T11:00:00Z,,,2026-08-03T00:00:00Z
ocds-9t57fa-164397,RFQ0001260,"National - Environment, Forestry and Fisheries",Western Cape,complete,['Professional & consulting services'],"[{'industry': 'Professional & consulting services', 'score': 2.0, 'reasons': [""category field contains 'consulting'"", ""text fuzzy-matches 'professional services' (similarity 1.00)""]}]",False,,0,ZAR,2026-08-17T11:00:00Z,,,2026-08-03T00:00:00Z
ocds-9t57fa-164343,RFQ 014/2026,Cape Town International Convention Centre,Western Cape,complete,['Professional & consulting services'],"[{'industry': 'Professional & consulting services', 'score': 1.0, 'reasons': [""category field contains 'consulting'""]}]",False,,0,ZAR,2026-08-17T12:00:00Z,,,2026-08-03T00:00:00Z
ocds-9t57fa-164374, 16-2025-2026 RE,Ulundi Local Municipality,KwaZulu-Natal,complete,['Supply of goods'],"[{'industry': 'Supply of goods', 'score': 1.0, 'reasons': [""text fuzzy-matches 'supply and delivery' (similarity 1.00)""]}]",False,,0,ZAR,2026-08-17T12:00:00Z,,,2026-08-03T00:00:00Z
ocds-9t57fa-164449,IZIKO-RFQ-082026 CURFED DISPLAY PLATFORMS,Iziko Museums of Cape Town,Western Cape,complete,['Other / uncategorised'],"[{'industry': 'Other / uncategorised', 'score': 0.0, 'reasons': []}]",False,,0,ZAR,2026-08-18T11:00:00Z,,,2026-08-03T00:00:00Z
ocds-9t57fa-164445,SCM/MLM/20/26-27,Mnquma Local Municipality,Eastern Cape,complete,['Other / uncategorised'],"[{'industry': 'Other / uncategorised', 'score': 0.0, 'reasons': []}]",False,,0,ZAR,2026-08-18T12:00:00Z,,,2026-08-03T00:00:00Z
ocds-9t57fa-164078,SCM/02/07/2026,Enoch Mgijima Local Municipality,Eastern Cape,complete,"['Professional & consulting services', 'Construction & civil']","[{'industry': 'Professional & consulting services', 'score': 1.98, 'reasons': [""category field contains 'consulting'"", ""text fuzzy-matches 'professional services' (similarity 0.98)""]}, {'industry': 'Construction & civil', 'score': 1.0, 'reasons': [""text fuzzy-matches 'construction' (similarity 1.00)""]}]",False,,0,ZAR,2026-08-19T12:00:00Z,,,2026-08-03T00:00:00Z
ocds-9t57fa-164377,DANN/29/2026,Dannhauser Local Municipality,KwaZulu-Natal,complete,['Professional & consulting services'],"[{'industry': 'Professional & consulting services', 'score': 1.0, 'reasons': [""category field contains 'consulting'""]}]",False,,0,ZAR,2026-08-19T12:00:00Z,,,2026-08-03T00:00:00Z
ocds-9t57fa-164378,DAN/19/2026,Dannhauser Local Municipality,KwaZulu-Natal,complete,['Professional & consulting services'],"[{'industry': 'Professional & consulting services', 'score': 1.0, 'reasons': [""category field contains 'consulting'""]}]",False,,0,ZAR,2026-08-19T12:00:00Z,,,2026-08-03T00:00:00Z
ocds-9t57fa-164396,161/2026,Kouga Municipality,Eastern Cape,complete,['Other / uncategorised'],"[{'industry': 'Other / uncategorised', 'score': 0.0, 'reasons': []}]",False,,0,ZAR,2026-08-19T12:00:00Z,,,2026-08-03T00:00:00Z
ocds-9t57fa-164401,RFQ/NRF-SAASTA 65/2026/2027,National Research Foundation,Eastern Cape,complete,['Other / uncategorised'],"[{'industry': 'Other / uncategorised', 'score': 0.0, 'reasons': []}]",False,,0,ZAR,2026-08-20T11:00:00Z,,,2026-08-03T00:00:00Z
ocds-9t57fa-164422,TE/2026/07/3228/9671/RFQ,Transnet SOC Ltd,KwaZulu-Natal,complete,['Mechanical & HVAC'],"[{'industry': 'Mechanical & HVAC', 'score': 1.0, 'reasons': [""text fuzzy-matches 'pump' (similarity 1.00)""]}]",False,,0,ZAR,2026-08-24T12:00:00Z,,,2026-08-03T00:00:00Z
ocds-9t57fa-164441,DOE25KZNR061-SF,Independent Development Trust,KwaZulu-Natal,complete,['Construction & civil'],"[{'industry': 'Construction & civil', 'score': 2.0, 'reasons': [""category field contains 'building'"", ""text fuzzy-matches 'construction' (similarity 1.00)""]}]",False,,0,ZAR,2026-08-24T12:00:00Z,,,2026-08-03T00:00:00Z
ocds-9t57fa-164221,RFQ 16728,Airports Company of South Africa,Eastern Cape,complete,['Electrical'],"[{'industry': 'Electrical', 'score': 1.0, 'reasons': [""category field contains 'electrical'""]}]",False,,0,ZAR,2026-08-24T13:00:00Z,,,2026-08-03T00:00:00Z
ocds-9t57fa-164448,TFR-2026-04-0118-4864,Transnet SOC Ltd,National,complete,['Transport & logistics'],"[{'industry': 'Transport & logistics', 'score': 1.0, 'reasons': [""text fuzzy-matches 'freight' (similarity 1.00)""]}]",False,,0,ZAR,2026-08-25T10:00:00Z,,,2026-08-03T00:00:00Z
ocds-9t57fa-164351,NPA 09-25/26,National Prosecuting Authority (NPA),National,complete,"['Professional & consulting services', 'Cleaning & facilities']","[{'industry': 'Professional & consulting services', 'score': 1.0, 'reasons': [""category field contains 'consulting'""]}, {'industry': 'Cleaning & facilities', 'score': 1.0, 'reasons': [""text fuzzy-matches 'facilities management' (similarity 1.00)""]}]",False,,0,ZAR,2026-08-25T11:00:00Z,,,2026-08-03T00:00:00Z
ocds-9t57fa-164388,SASSA 08-26-CS-HO,South African Social Security Agency,National,complete,['Other / uncategorised'],"[{'industry': 'Other / uncategorised', 'score': 0.0, 'reasons': []}]",False,,0,ZAR,2026-08-25T11:00:00Z,,,2026-08-03T00:00:00Z
ocds-9t57fa-164444,HDA/NW/2026/013,Housing Development Agency,North West,complete,"['Construction & civil', 'Professional & consulting services']","[{'industry': 'Construction & civil', 'score': 1.0, 'reasons': [""text fuzzy-matches 'construction' (similarity 1.00)""]}, {'industry': 'Professional & consulting services', 'score': 1.0, 'reasons': [""category field contains 'consulting'""]}]",False,,0,ZAR,2026-08-25T11:00:00Z,,,2026-08-03T00:00:00Z
ocds-9t57fa-164340,RFQ046/2026,Artscape,Western Cape,complete,['Other / uncategorised'],"[{'industry': 'Other / uncategorised', 'score': 0.0, 'reasons': []}]",False,,0,ZAR,2026-08-04T12:00:00Z,,,2026-08-02T00:00:00Z
ocds-9t57fa-164339,NCDOH/007/EMS/2026,Northern Cape - Health,Northern Cape,complete,['Other / uncategorised'],"[{'industry': 'Other / uncategorised', 'score': 0.0, 'reasons': []}]",False,,0,ZAR,2026-09-04T11:00:00Z,,,2026-08-02T00:00:00Z
ocds-9t57fa-164341,NCDOH/010/COR/2026,Northern Cape - Health,Northern Cape,complete,['Other / uncategorised'],"[{'industry': 'Other / uncategorised', 'score': 0.0, 'reasons': []}]",False,,0,ZAR,2026-09-04T11:00:00Z,,,2026-08-02T00:00:00Z
ocds-9t57fa-164342,NCDOH/009-R2/EMS/2026,Northern Cape - Health,Northern Cape,complete,"['Health & medical', 'Transport & logistics', 'Construction & civil']","[{'industry': 'Health & medical', 'score': 1.0, 'reasons': [""text fuzzy-matches 'ambulance' (similarity 1.00)""]}, {'industry': 'Transport & logistics', 'score': 1.0, 'reasons': [""category field contains 'transport'""]}, {'industry': 'Construction & civil', 'score': 0.89, 'reasons': [""text fuzzy-matches 'roads' (similarity 0.89)""]}]",False,,0,ZAR,2026-09-04T11:00:00Z,,,2026-08-02T00:00:00Z
ocds-9t57fa-164794,4503583408,Eskom National Transmission Company of South Africa,Gauteng,active,['Construction & civil'],"[{'industry': 'Construction & civil', 'score': 1.0, 'reasons': [""category field contains 'construction'""]}]",False,2026-07-31T00:00:00Z,0,ZAR,2026-08-06T21:30:00Z,,10.0,2026-08-01T00:00:00Z
ocds-9t57fa-164334,NRWDI/FAC/2026-04 a,National Radioactive Waste Disposal Institute (NRWDI),North West,complete,['Construction & civil'],"[{'industry': 'Construction & civil', 'score': 0.94, 'reasons': [""text fuzzy-matches 'building' (similarity 0.94)""]}]",False,,0,ZAR,2026-08-07T11:00:00Z,,,2026-08-01T00:00:00Z
ocds-9t57fa-164336,NRWDI/FAC/2026-05,National Radioactive Waste Disposal Institute (NRWDI),North West,complete,"['Construction & civil', 'Security services']","[{'industry': 'Construction & civil', 'score': 1.0, 'reasons': [""text fuzzy-matches 'building' (similarity 1.00)""]}, {'industry': 'Security services', 'score': 1.0, 'reasons': [""category field contains 'security services'""]}]",False,,0,ZAR,2026-08-07T11:00:00Z,,,2026-08-01T00:00:00Z
ocds-9t57fa-167031,ERI/2025/TSS/15RL,ESKOM,Gauteng,complete,['Supply of goods'],"[{'industry': 'Supply of goods', 'score': 1.0, 'reasons': [""text fuzzy-matches 'supply and delivery' (similarity 1.00)""]}]",False,,0,ZAR,2026-08-26T18:00:00Z,,,2026-08-01T00:00:00Z
ocds-9t57fa-167194,MWP23778NTCSA,Eskom National Transmission Company of South Africa,Gauteng,complete,['Professional & consulting services'],"[{'industry': 'Professional & consulting services', 'score': 2.0, 'reasons': [""category field contains 'consulting'"", ""text fuzzy-matches 'project management' (similarity 1.00)""]}]",False,,0,ZAR,2026-08-27T11:00:00Z,,,2026-08-01T00:00:00Z
ocds-9t57fa-164012,BSM 04/27,Stellenbosch Municipality,Western Cape,complete,"['Construction & civil', 'Mechanical & HVAC']","[{'industry': 'Construction & civil', 'score': 1.0, 'reasons': [""text fuzzy-matches 'construction' (similarity 1.00)""]}, {'industry': 'Mechanical & HVAC', 'score': 1.0, 'reasons': [""category field contains 'air conditioning'""]}]",False,,0,ZAR,2026-08-31T12:00:00Z,,,2026-08-01T00:00:00Z
ocds-9t57fa-164035,BSM 121/26,Stellenbosch Municipality,Western Cape,complete,['Other / uncategorised'],"[{'industry': 'Other / uncategorised', 'score': 0.0, 'reasons': []}]",False,,0,ZAR,2026-08-31T12:00:00Z,,,2026-08-01T00:00:00Z
ocds-9t57fa-164042,BSM 125/26,Stellenbosch Municipality,Western Cape,complete,['Professional & consulting services'],"[{'industry': 'Professional & consulting services', 'score': 1.0, 'reasons': [""category field contains 'consulting'""]}]",False,,0,ZAR,2026-08-31T12:00:00Z,,,2026-08-01T00:00:00Z
ocds-9t57fa-164100,BSM 01/27,Stellenbosch Municipality,Western Cape,complete,['Construction & civil'],"[{'industry': 'Construction & civil', 'score': 1.0, 'reasons': [""category field contains 'construction'""]}]",False,,0,ZAR,2026-08-31T12:00:00Z,,,2026-08-01T00:00:00Z
ocds-9t57fa-165468,AJ-055449,Higher Education & Training,National,active,['Other / uncategorised'],"[{'industry': 'Other / uncategorised', 'score': 0.0, 'reasons': []}]",False,,0,ZAR,2026-08-03T11:00:00Z,,245000.0,2026-07-31T00:00:00Z
ocds-9t57fa-165848,RFQ2543,Mine Health and Safety Council,Gauteng,active,"['Transport & logistics', 'Construction & civil']","[{'industry': 'Transport & logistics', 'score': 1.0, 'reasons': [""category field contains 'transport'""]}, {'industry': 'Construction & civil', 'score': 0.87, 'reasons': [""text fuzzy-matches 'construction' (similarity 0.87)""]}]",False,,0,ZAR,2026-08-03T11:00:00Z,,171900.0,2026-07-31T00:00:00Z
ocds-9t57fa-164214,RFQ BB 45/2026,South Cape TVET College,Western Cape,active,['Other / uncategorised'],"[{'industry': 'Other / uncategorised', 'score': 0.0, 'reasons': []}]",False,,0,ZAR,2026-08-04T11:00:00Z,,5128250.0,2026-07-31T00:00:00Z
ocds-9t57fa-164093,ZNQP 02/07/2026,Kwazulu Natal - Public Works (Head Office),KwaZulu-Natal,active,['Supply of goods'],"[{'industry': 'Supply of goods', 'score': 2.0, 'reasons': [""category field contains 'stationery'"", ""text fuzzy-matches 'stationery' (similarity 1.00)""]}]",False,,0,ZAR,2026-08-06T11:00:00Z,,8956675.0,2026-07-31T00:00:00Z
ocds-9t57fa-164920,CCMA-VA-26-03,Commission for Conciliation Mediation & Arbitration,National,active,['Other / uncategorised'],"[{'industry': 'Other / uncategorised', 'score': 0.0, 'reasons': []}]",True,,0,ZAR,2026-08-07T11:00:00Z,,10.0,2026-07-31T00:00:00Z
ocds-9t57fa-164124,IHM/07/2026-27/ECON,Ingquza Hill Local Municipality,Eastern Cape,active,"['Supply of goods', 'Agriculture']","[{'industry': 'Supply of goods', 'score': 1.0, 'reasons': [""text fuzzy-matches 'supply and delivery' (similarity 1.00)""]}, {'industry': 'Agriculture', 'score': 0.87, 'reasons': [""text fuzzy-matches 'agriculture' (similarity 0.87)""]}]",False,,0,ZAR,2026-08-11T12:00:00Z,,444000.0,2026-07-31T00:00:00Z
ocds-9t57fa-164126,IHLM/09/2026-27/MM's,Ingquza Hill Local Municipality,Eastern Cape,active,['Other / uncategorised'],"[{'industry': 'Other / uncategorised', 'score': 0.0, 'reasons': []}]",False,,0,ZAR,2026-08-11T12:00:00Z,,289000.0,2026-07-31T00:00:00Z
ocds-9t57fa-164156,IHLM/10/2026-27/MM's,Ingquza Hill Local Municipality,Eastern Cape,active,['Other / uncategorised'],"[{'industry': 'Other / uncategorised', 'score': 0.0, 'reasons': []}]",False,,0,ZAR,2026-08-11T12:00:00Z,,975000.0,2026-07-31T00:00:00Z
ocds-9t57fa-163984,ZNT06202W,Kwazulu Natal - Public Works (Head Office),KwaZulu-Natal,active,['Health & medical'],"[{'industry': 'Health & medical', 'score': 1.0, 'reasons': [""text fuzzy-matches 'clinic' (similarity 1.00)""]}]",False,,0,ZAR,2026-08-12T11:00:00Z,,7793460.0,2026-07-31T00:00:00Z
ocds-9t57fa-164158,IHLM/11/2026-27/MM's,Ingquza Hill Local Municipality,Eastern Cape,active,['Other / uncategorised'],"[{'industry': 'Other / uncategorised', 'score': 0.0, 'reasons': []}]",False,,0,ZAR,2026-08-12T12:00:00Z,,940000.0,2026-07-31T00:00:00Z
ocds-9t57fa-164160,IHLM/12/2026-27/MM's,Ingquza Hill Local Municipality,Eastern Cape,active,['Other / uncategorised'],"[{'industry': 'Other / uncategorised', 'score': 0.0, 'reasons': []}]",False,,0,ZAR,2026-08-12T12:00:00Z,,1760000.0,2026-07-31T00:00:00Z
ocds-9t57fa-163996,076700,Kwazulu Natal - Public Works (Head Office),KwaZulu-Natal,active,['Construction & civil'],"[{'industry': 'Construction & civil', 'score': 1.0, 'reasons': [""category field contains 'building'""]}]",False,,0,ZAR,2026-08-14T11:00:00Z,,4668370.0,2026-07-31T00:00:00Z
ocds-9t57fa-163996,076700,Kwazulu Natal - Public Works (Head Office),KwaZulu-Natal,active,['Construction & civil'],"[{'industry': 'Construction & civil', 'score': 1.0, 'reasons': [""category field contains 'building'""]}]",False,,0,ZAR,2026-08-14T11:00:00Z,,4668370.0,2026-07-31T00:00:00Z
ocds-9t57fa-164154,LDE/B13/2026/27,Limpopo - Education,Limpopo,active,['Professional & consulting services'],"[{'industry': 'Professional & consulting services', 'score': 1.0, 'reasons': [""category field contains 'consulting'""]}]",False,,0,ZAR,2026-08-14T11:00:00Z,,6483726297.0,2026-07-31T00:00:00Z
ocds-9t57fa-164243,RFQ Ivanti renewal 2026-2027,South African Nuclear Energy Corporation Limited,North West,complete,['Other / uncategorised'],"[{'industry': 'Other / uncategorised', 'score': 0.0, 'reasons': []}]",False,,0,ZAR,2026-08-03T12:00:00Z,,,2026-07-31T00:00:00Z
ocds-9t57fa-164233,NB082/2026,Tourism,Gauteng,complete,['Other / uncategorised'],"[{'industry': 'Other / uncategorised', 'score': 0.0, 'reasons': []}]",False,,0,ZAR,2026-08-05T10:00:00Z,,,2026-07-31T00:00:00Z
ocds-9t57fa-164105,PLMT 25-26/03 NOTICE,Phumelela Local Municipality,Free State,complete,"['Construction & civil', 'Water & sanitation']","[{'industry': 'Construction & civil', 'score': 1.0, 'reasons': [""category field contains 'construction'""]}, {'industry': 'Water & sanitation', 'score': 1.0, 'reasons': [""text fuzzy-matches 'wastewater' (similarity 1.00)""]}]",False,,0,ZAR,2026-08-05T11:00:00Z,,,2026-07-31T00:00:00Z
ocds-9t57fa-164189,RO/12/07/2026,South African Social Security Agency,Eastern Cape,complete,['Other / uncategorised'],"[{'industry': 'Other / uncategorised', 'score': 0.0, 'reasons': []}]",False,,0,ZAR,2026-08-06T11:00:00Z,,,2026-07-31T00:00:00Z
ocds-9t57fa-164201,RO/07/07/2026,South African Social Security Agency,Eastern Cape,complete,['Other / uncategorised'],"[{'industry': 'Other / uncategorised', 'score': 0.0, 'reasons': []}]",False,,0,ZAR,2026-08-06T11:00:00Z,,,2026-07-31T00:00:00Z
ocds-9t57fa-164260,RFQ 202040,SA Bureau of Standards,Gauteng,complete,['Other / uncategorised'],"[{'industry': 'Other / uncategorised', 'score': 0.0, 'reasons': []}]",False,,0,ZAR,2026-08-06T11:00:00Z,,,2026-07-31T00:00:00Z
ocds-9t57fa-164229,OLT2128207,ESKOM,Gauteng,complete,['Other / uncategorised'],"[{'industry': 'Other / uncategorised', 'score': 0.0, 'reasons': []}]",False,,0,ZAR,2026-08-07T10:00:00Z,,,2026-07-31T00:00:00Z
ocds-9t57fa-164272,Re-Adverrt00100222209OR,Medical Research Council of South Africa,Western Cape,complete,['Professional & consulting services'],"[{'industry': 'Professional & consulting services', 'score': 1.0, 'reasons': [""category field contains 'consulting'""]}]",False,,0,ZAR,2026-08-07T10:00:00Z,,,2026-07-31T00:00:00Z
ocds-9t57fa-164133,COM96/2026,Mbombela Local Municipality,Mpumalanga,complete,['Other / uncategorised'],"[{'industry': 'Other / uncategorised', 'score': 0.0, 'reasons': []}]",False,,0,ZAR,2026-08-07T11:00:00Z,,,2026-07-31T00:00:00Z
ocds-9t57fa-164136,COM97/2026,Mbombela Local Municipality,Mpumalanga,complete,['Other / uncategorised'],"[{'industry': 'Other / uncategorised', 'score': 0.0, 'reasons': []}]",False,,0,ZAR,2026-08-07T11:00:00Z,,,2026-07-31T00:00:00Z
ocds-9t57fa-164169,WIMS075734,Kwazulu Natal - Public Works (Head Office),KwaZulu-Natal,complete,"['Construction & civil', 'Health & medical']","[{'industry': 'Construction & civil', 'score': 1.0, 'reasons': [""text fuzzy-matches 'construction' (similarity 1.00)""]}, {'industry': 'Health & medical', 'score': 0.94, 'reasons': [""text fuzzy-matches 'hospital' (similarity 0.94)""]}]",False,,0,ZAR,2026-08-07T11:00:00Z,,,2026-07-31T00:00:00Z
ocds-9t57fa-164174,WIMS075734- Land Surveyor,Kwazulu Natal - Public Works (Head Office),KwaZulu-Natal,complete,"['Construction & civil', 'Health & medical']","[{'industry': 'Construction & civil', 'score': 1.0, 'reasons': [""text fuzzy-matches 'construction' (similarity 1.00)""]}, {'industry': 'Health & medical', 'score': 0.94, 'reasons': [""text fuzzy-matches 'hospital' (similarity 0.94)""]}]",False,,0,ZAR,2026-08-07T11:00:00Z,,,2026-07-31T00:00:00Z
ocds-9t57fa-164175,WIMS075734-Entomologist,Kwazulu Natal - Public Works (Head Office),KwaZulu-Natal,complete,"['Construction & civil', 'Health & medical']","[{'industry': 'Construction & civil', 'score': 1.0, 'reasons': [""text fuzzy-matches 'construction' (similarity 1.00)""]}, {'industry': 'Health & medical', 'score': 0.94, 'reasons': [""text fuzzy-matches 'hospital' (similarity 0.94)""]}]",False,,0,ZAR,2026-08-07T11:00:00Z,,,2026-07-31T00:00:00Z
ocds-9t57fa-164222,'RFQ 037-26,National Regulator for Compulsory Specifications,Gauteng,complete,['ICT & telecommunications'],"[{'industry': 'ICT & telecommunications', 'score': 0.92, 'reasons': [""text fuzzy-matches 'server' (similarity 0.92)""]}]",False,,0,ZAR,2026-08-07T11:00:00Z,,,2026-07-31T00:00:00Z
ocds-9t57fa-164225,RFQ0001259,Marine Living Resources Fund,Western Cape,complete,['Supply of goods'],"[{'industry': 'Supply of goods', 'score': 0.97, 'reasons': [""text fuzzy-matches 'supply and delivery' (similarity 0.97)""]}]",False,,0,ZAR,2026-08-07T11:00:00Z,,,2026-07-31T00:00:00Z
ocds-9t57fa-164231, RFQSAEONEGAGASINISAPRI NANSEN TYPE SLEDGES1152026,National Research Foundation,Western Cape,complete,"['Professional & consulting services', 'Supply of goods']","[{'industry': 'Professional & consulting services', 'score': 1.0, 'reasons': [""category field contains 'consulting'""]}, {'industry': 'Supply of goods', 'score': 1.0, 'reasons': [""text fuzzy-matches 'supply and delivery' (similarity 1.00)""]}]",False,,0,ZAR,2026-08-07T11:00:00Z,,,2026-07-31T00:00:00Z
ocds-9t57fa-164244,PR00000016380,Automotive Industry Development Centre (AIDC),Gauteng,complete,"['Professional & consulting services', 'Mechanical & HVAC']","[{'industry': 'Professional & consulting services', 'score': 1.0, 'reasons': [""category field contains 'consulting'""]}, {'industry': 'Mechanical & HVAC', 'score': 0.89, 'reasons': [""text fuzzy-matches 'mechanical' (similarity 0.89)""]}]",False,,0,ZAR,2026-08-07T11:00:00Z,,,2026-07-31T00:00:00Z
ocds-9t57fa-164259,RO/04/07/2026,South African Social Security Agency,Eastern Cape,complete,['Other / uncategorised'],"[{'industry': 'Other / uncategorised', 'score': 0.0, 'reasons': []}]",False,,0,ZAR,2026-08-07T11:00:00Z,,,2026-07-31T00:00:00Z
ocds-9t57fa-164306,REQNHFC010357,National Housing Finance Corporation Limited,Gauteng,complete,['Other / uncategorised'],"[{'industry': 'Other / uncategorised', 'score': 0.0, 'reasons': []}]",False,,0,ZAR,2026-08-07T11:00:00Z,,,2026-07-31T00:00:00Z
ocds-9t57fa-164308,RFQ No. 19/2026,Postbank SOC,Gauteng,complete,['Professional & consulting services'],"[{'industry': 'Professional & consulting services', 'score': 1.0, 'reasons': [""category field contains 'consulting'""]}]",False,,0,ZAR,2026-08-07T11:00:00Z,,,2026-07-31T00:00:00Z
ocds-9t57fa-164310,REQNHFC010359,National Housing Finance Corporation Limited,Gauteng,complete,['Other / uncategorised'],"[{'industry': 'Other / uncategorised', 'score': 0.0, 'reasons': []}]",False,,0,ZAR,2026-08-07T11:00:00Z,,,2026-07-31T00:00:00Z
ocds-9t57fa-164313,REQNHFC010358,National Housing Finance Corporation Limited,Gauteng,complete,['Other / uncategorised'],"[{'industry': 'Other / uncategorised', 'score': 0.0, 'reasons': []}]",False,,0,ZAR,2026-08-07T11:00:00Z,,,2026-07-31T00:00:00Z
ocds-9t57fa-164192,6000080637,Johannesburg Water,Gauteng,complete,['Supply of goods'],"[{'industry': 'Supply of goods', 'score': 0.97, 'reasons': [""text fuzzy-matches 'supply and delivery' (similarity 0.97)""]}]",False,,0,ZAR,2026-08-07T12:00:00Z,,,2026-07-31T00:00:00Z
ocds-9t57fa-164240,REQ06056,Umzinyathi District Municipality,KwaZulu-Natal,complete,['Supply of goods'],"[{'industry': 'Supply of goods', 'score': 1.0, 'reasons': [""text fuzzy-matches 'supply and delivery' (similarity 1.00)""]}]",False,,0,ZAR,2026-08-07T12:00:00Z,,,2026-07-31T00:00:00Z
ocds-9t57fa-164250,Q06013,Umzinyathi District Municipality,KwaZulu-Natal,complete,['Supply of goods'],"[{'industry': 'Supply of goods', 'score': 2.0, 'reasons': [""category field contains 'stationery'"", ""text fuzzy-matches 'supply and delivery' (similarity 1.00)""]}]",False,,0,ZAR,2026-08-07T12:00:00Z,,,2026-07-31T00:00:00Z
ocds-9t57fa-164254,Q06059,Umzinyathi District Municipality,KwaZulu-Natal,complete,['Supply of goods'],"[{'industry': 'Supply of goods', 'score': 1.0, 'reasons': [""text fuzzy-matches 'supply and delivery' (similarity 1.00)""]}]",False,,0,ZAR,2026-08-07T12:00:00Z,,,2026-07-31T00:00:00Z
ocds-9t57fa-164208,gifts00267,National Museum Bloemfontein,Free State,complete,['Supply of goods'],"[{'industry': 'Supply of goods', 'score': 1.0, 'reasons': [""text fuzzy-matches 'supply and delivery' (similarity 1.00)""]}]",False,,0,ZAR,2026-08-07T15:00:00Z,,,2026-07-31T00:00:00Z
ocds-9t57fa-164141,COM98/2026,Mbombela Local Municipality,Mpumalanga,complete,['Other / uncategorised'],"[{'industry': 'Other / uncategorised', 'score': 0.0, 'reasons': []}]",False,,0,ZAR,2026-08-11T11:00:00Z,,,2026-07-31T00:00:00Z
ocds-9t57fa-164141,COM98/2026,Mbombela Local Municipality,Mpumalanga,complete,['Other / uncategorised'],"[{'industry': 'Other / uncategorised', 'score': 0.0, 'reasons': []}]",False,,0,ZAR,2026-08-11T11:00:00Z,,,2026-07-31T00:00:00Z
ocds-9t57fa-164157,26771/TNP/2026-27 ,South African National Parks,Eastern Cape,complete,['Other / uncategorised'],"[{'industry': 'Other / uncategorised', 'score': 0.0, 'reasons': []}]",False,,0,ZAR,2026-08-11T11:00:00Z,,,2026-07-31T00:00:00Z
ocds-9t57fa-164197,RFQ 18/2026PB,Postbank SOC,Free State,complete,['Electrical'],"[{'industry': 'Electrical', 'score': 1.0, 'reasons': [""category field contains 'electrical'""]}]",False,,0,ZAR,2026-08-11T11:00:00Z,,,2026-07-31T00:00:00Z
ocds-9t57fa-164159,33038/TNP/2026-27 ,South African National Parks,Eastern Cape,complete,['Other / uncategorised'],"[{'industry': 'Other / uncategorised', 'score': 0.0, 'reasons': []}]",False,,0,ZAR,2026-08-11T12:00:00Z,,,2026-07-31T00:00:00Z
ocds-9t57fa-164314,KZN ULM 06/26/27,uMlalazi Municipality,KwaZulu-Natal,complete,['Supply of goods'],"[{'industry': 'Supply of goods', 'score': 1.0, 'reasons': [""text fuzzy-matches 'supply and delivery' (similarity 1.00)""]}]",False,,0,ZAR,2026-08-11T12:00:00Z,,,2026-07-31T00:00:00Z
ocds-9t57fa-164322,[PRASA/RFQ/002/08/2026,Passenger Rail Agency of South Africa,Gauteng,complete,['Other / uncategorised'],"[{'industry': 'Other / uncategorised', 'score': 0.0, 'reasons': []}]",False,,0,ZAR,2026-08-11T12:00:00Z,,,2026-07-31T00:00:00Z
ocds-9t57fa-164213,LTE0026,National Museum Bloemfontein,Free State,complete,['Professional & consulting services'],"[{'industry': 'Professional & consulting services', 'score': 1.0, 'reasons': [""category field contains 'consulting'""]}]",False,,0,ZAR,2026-08-11T15:00:00Z,,,2026-07-31T00:00:00Z
ocds-9t57fa-164097,RQ-112560/652,Statistics South Africa,Gauteng,complete,['Other / uncategorised'],"[{'industry': 'Other / uncategorised', 'score': 0.0, 'reasons': []}]",False,,0,ZAR,2026-08-11T16:00:00Z,,,2026-07-31T00:00:00Z
ocds-9t57fa-164122,POS9889,Technology Innovation Agency,National,complete,['Other / uncategorised'],"[{'industry': 'Other / uncategorised', 'score': 0.0, 'reasons': []}]",False,,0,ZAR,2026-08-12T09:00:00Z,,,2026-07-31T00:00:00Z
ocds-9t57fa-164210,DMP/11/26/GP-CS,Passenger Rail Agency of South Africa,Gauteng,complete,['Electrical'],"[{'industry': 'Electrical', 'score': 1.0, 'reasons': [""text fuzzy-matches 'solar pv' (similarity 1.00)""]}]",False,,0,ZAR,2026-08-12T10:00:00Z,,,2026-07-31T00:00:00Z
ocds-9t57fa-164161,33030/TNP/2026-27 ,South African National Parks,Eastern Cape,complete,['Construction & civil'],"[{'industry': 'Construction & civil', 'score': 2.0, 'reasons': [""category field contains 'construction'"", ""text fuzzy-matches 'construction' (similarity 1.00)""]}]",False,,0,ZAR,2026-08-12T11:00:00Z,,,2026-07-31T00:00:00Z
ocds-9t57fa-164171,RFP/2021/001444,Public Service Sector Education and Training Authority,National,complete,['Professional & consulting services'],"[{'industry': 'Professional & consulting services', 'score': 1.0, 'reasons': [""category field contains 'consulting'""]}]",False,,0,ZAR,2026-08-12T11:00:00Z,,,2026-07-31T00:00:00Z
ocds-9t57fa-164207,RFQ 011(2026-2027) - King V Traing,National Gambling Board of South Africa,Gauteng,complete,['Other / uncategorised'],"[{'industry': 'Other / uncategorised', 'score': 0.0, 'reasons': []}]",False,,0,ZAR,2026-08-12T11:00:00Z,,,2026-07-31T00:00:00Z
ocds-9t57fa-164301,042/2026/IA/PROBITY/RFQ,Trans-Caledon Tunnel Authority,Gauteng,complete,['Professional & consulting services'],"[{'industry': 'Professional & consulting services', 'score': 1.0, 'reasons': [""category field contains 'consulting'""]}]",False,,0,ZAR,2026-08-12T11:00:00Z,,,2026-07-31T00:00:00Z
ocds-9t57fa-163988,SCD3705/2026,Overstrand Municipality,Western Cape,active,['Professional & consulting services'],"[{'industry': 'Professional & consulting services', 'score': 1.0, 'reasons': [""category field contains 'consulting'""]}]",False,,0,ZAR,2026-07-31T11:00:00Z,,1051330.0,2026-07-30T00:00:00Z
ocds-9t57fa-165163,SIN-152,Council for Scientific and Industrial Research (CSIR),Gauteng,active,['Professional & consulting services'],"[{'industry': 'Professional & consulting services', 'score': 1.0, 'reasons': [""category field contains 'consulting'""]}]",False,,0,ZAR,2026-07-31T11:00:00Z,,3344091.0,2026-07-30T00:00:00Z
ocds-9t57fa-165169,SSP-164,Council for Scientific and Industrial Research (CSIR),Northern Cape,active,"['ICT & telecommunications', 'Professional & consulting services']","[{'industry': 'ICT & telecommunications', 'score': 1.0, 'reasons': [""text fuzzy-matches 'software' (similarity 1.00)""]}, {'industry': 'Professional & consulting services', 'score': 1.0, 'reasons': [""category field contains 'consulting'""]}]",False,,0,ZAR,2026-07-31T11:00:00Z,,84509790.0,2026-07-30T00:00:00Z
ocds-9t57fa-166823,CETA - 02,Construction Education and Training Authority,National,active,['Other / uncategorised'],"[{'industry': 'Other / uncategorised', 'score': 0.0, 'reasons': []}]",False,2027-07-31T00:00:00Z,0,ZAR,2026-07-31T11:00:00Z,,419350564.0,2026-07-30T00:00:00Z
ocds-9t57fa-166831,CETA - 04,Construction Education and Training Authority,National,active,['Other / uncategorised'],"[{'industry': 'Other / uncategorised', 'score': 0.0, 'reasons': []}]",False,2026-10-31T00:00:00Z,0,ZAR,2026-07-31T11:00:00Z,,50871120.0,2026-07-30T00:00:00Z
ocds-9t57fa-164053,PR10117453,Road Accident Fund,Gauteng,active,['Professional & consulting services'],"[{'industry': 'Professional & consulting services', 'score': 1.0, 'reasons': [""category field contains 'consulting'""]}]",False,,0,ZAR,2026-08-05T11:00:00Z,,520000.0,2026-07-30T00:00:00Z
ocds-9t57fa-164033,PO-00003075,Services Sector Education and Training Authority,Gauteng,complete,['Professional & consulting services'],"[{'industry': 'Professional & consulting services', 'score': 1.0, 'reasons': [""category field contains 'consulting'""]}]",False,,0,ZAR,2026-07-31T11:00:00Z,,,2026-07-30T00:00:00Z
ocds-9t57fa-165232,SSP-163,Council for Scientific and Industrial Research (CSIR),Gauteng,complete,['Professional & consulting services'],"[{'industry': 'Professional & consulting services', 'score': 1.0, 'reasons': [""category field contains 'consulting'""]}]",False,,0,ZAR,2026-07-31T11:00:00Z,,,2026-07-30T00:00:00Z
ocds-9t57fa-163983,H004L2707RFQ00103,Border Management Authority,KwaZulu-Natal,complete,['Other / uncategorised'],"[{'industry': 'Other / uncategorised', 'score': 0.0, 'reasons': []}]",False,,0,ZAR,2026-08-03T11:00:00Z,,,2026-07-30T00:00:00Z
ocds-9t57fa-163985,Re-advert 04/117/26/GAU-Train Operation,Passenger Rail Agency of South Africa,Gauteng,complete,['Professional & consulting services'],"[{'industry': 'Professional & consulting services', 'score': 1.0, 'reasons': [""category field contains 'consulting'""]}]",False,,0,ZAR,2026-08-04T10:00:00Z,,,2026-07-30T00:00:00Z
ocds-9t57fa-164075,H004L2707RFQ00106,Border Management Authority,Gauteng,complete,['Professional & consulting services'],"[{'industry': 'Professional & consulting services', 'score': 1.0, 'reasons': [""category field contains 'consulting'""]}]",False,,0,ZAR,2026-08-04T11:00:00Z,,,2026-07-30T00:00:00Z
ocds-9t57fa-163954,RFQ2026-27 – 40,The South African Qualifications Authority (SAQA),Gauteng,complete,['Professional & consulting services'],"[{'industry': 'Professional & consulting services', 'score': 1.0, 'reasons': [""category field contains 'consulting'""]}]",False,,0,ZAR,2026-08-05T11:00:00Z,,,2026-07-30T00:00:00Z
ocds-9t57fa-163990,RFQ:301/07/2026,Free State - Legislature,Western Cape,complete,"['Security services', 'Cleaning & facilities']","[{'industry': 'Security services', 'score': 1.0, 'reasons': [""category field contains 'security services'""]}, {'industry': 'Cleaning & facilities', 'score': 1.0, 'reasons': [""text fuzzy-matches 'cleaning services' (similarity 1.00)""]}]",False,,0,ZAR,2026-08-05T11:00:00Z,,,2026-07-30T00:00:00Z
ocds-9t57fa-163933,6000080633,Johannesburg Water,Gauteng,complete,['Supply of goods'],"[{'industry': 'Supply of goods', 'score': 0.89, 'reasons': [""text fuzzy-matches 'supply and delivery' (similarity 0.89)""]}]",False,,0,ZAR,2026-08-05T12:00:00Z,,,2026-07-30T00:00:00Z
ocds-9t57fa-164003,6000080634,Johannesburg Water,Gauteng,complete,['Supply of goods'],"[{'industry': 'Supply of goods', 'score': 0.86, 'reasons': [""text fuzzy-matches 'supply and delivery' (similarity 0.86)""]}]",False,,0,ZAR,2026-08-05T12:00:00Z,,,2026-07-30T00:00:00Z
ocds-9t57fa-164011,6000080636,Johannesburg Water,Gauteng,complete,['Supply of goods'],"[{'industry': 'Supply of goods', 'score': 1.0, 'reasons': [""text fuzzy-matches 'supply and delivery' (similarity 1.00)""]}]",False,,0,ZAR,2026-08-05T12:00:00Z,,,2026-07-30T00:00:00Z
ocds-9t57fa-163957,HR Specialist for a period of 8 Months,Railway Safety Regulator,Gauteng,complete,['Professional & consulting services'],"[{'industry': 'Professional & consulting services', 'score': 1.0, 'reasons': [""category field contains 'consulting'""]}]",False,,0,ZAR,2026-08-06T09:00:00Z,,,2026-07-30T00:00:00Z
ocds-9t57fa-164008,RFQ-MICT-44-2026,"Media, Information and Communication Technologies Sector Education and training Authority (MICT SETA)",National,complete,['Other / uncategorised'],"[{'industry': 'Other / uncategorised', 'score': 0.0, 'reasons': []}]",False,,0,ZAR,2026-08-06T11:00:00Z,,,2026-07-30T00:00:00Z
ocds-9t57fa-163949,SMQ03-26-27,Swellendam Municipality,Western Cape,complete,['Other / uncategorised'],"[{'industry': 'Other / uncategorised', 'score': 0.0, 'reasons': []}]",False,,0,ZAR,2026-08-07T11:00:00Z,,,2026-07-30T00:00:00Z
ocds-9t57fa-163950,SMQ05-26-27,Swellendam Municipality,Western Cape,complete,"['Construction & civil', 'Supply of goods']","[{'industry': 'Construction & civil', 'score': 1.0, 'reasons': [""text fuzzy-matches 'concrete' (similarity 1.00)""]}, {'industry': 'Supply of goods', 'score': 1.0, 'reasons': [""text fuzzy-matches 'supply and delivery' (similarity 1.00)""]}]",False,,0,ZAR,2026-08-07T11:00:00Z,,,2026-07-30T00:00:00Z
ocds-9t57fa-164048,N01/2026/2027,Thulamela Local Municipality,Limpopo,complete,['Supply of goods'],"[{'industry': 'Supply of goods', 'score': 1.0, 'reasons': [""text fuzzy-matches 'supply and delivery' (similarity 1.00)""]}]",False,,0,ZAR,2026-08-07T11:00:00Z,,,2026-07-30T00:00:00Z
ocds-9t57fa-164049,N02/2026/2027,Thulamela Local Municipality,Limpopo,complete,['Supply of goods'],"[{'industry': 'Supply of goods', 'score': 1.0, 'reasons': [""text fuzzy-matches 'supply and delivery' (similarity 1.00)""]}]",False,,0,ZAR,2026-08-07T11:00:00Z,,,2026-07-30T00:00:00Z
ocds-9t57fa-163968,ASA 10/07/2026,Agrément South Africa,National,complete,['Other / uncategorised'],"[{'industry': 'Other / uncategorised', 'score': 0.0, 'reasons': []}]",False,,0,ZAR,2026-08-07T12:00:00Z,,,2026-07-30T00:00:00Z
ocds-9t57fa-164067,UMS/FIN/REF/07/2026,Umsobomvu Local Municipality,Northern Cape,complete,['Supply of goods'],"[{'industry': 'Supply of goods', 'score': 1.0, 'reasons': [""text fuzzy-matches 'supply and delivery' (similarity 1.00)""]}]",False,,0,ZAR,2026-08-07T12:00:00Z,,,2026-07-30T00:00:00Z
ocds-9t57fa-164068,UMS/TS/EPWP/PPE/07/2026,Umsobomvu Local Municipality,Northern Cape,complete,['Supply of goods'],"[{'industry': 'Supply of goods', 'score': 1.0, 'reasons': [""text fuzzy-matches 'supply and delivery' (similarity 1.00)""]}]",False,,0,ZAR,2026-08-07T12:00:00Z,,,2026-07-30T00:00:00Z
ocds-9t57fa-164070,UMS/TS/WMM/07/2026,Umsobomvu Local Municipality,Northern Cape,complete,['Supply of goods'],"[{'industry': 'Supply of goods', 'score': 1.0, 'reasons': [""text fuzzy-matches 'supply and delivery' (similarity 1.00)""]}]",False,,0,ZAR,2026-08-07T12:00:00Z,,,2026-07-30T00:00:00Z
ocds-9t57fa-163937,E1926NTCSASGRR,ESKOM,Free State,complete,['Supply of goods'],"[{'industry': 'Supply of goods', 'score': 1.0, 'reasons': [""text fuzzy-matches 'supply and delivery' (similarity 1.00)""]}]",False,,0,ZAR,2026-08-10T10:00:00Z,,,2026-07-30T00:00:00Z
ocds-9t57fa-163993,RFQ10/26-IP,"Department of Sports, Arts & Culture",National,complete,['Water & sanitation'],"[{'industry': 'Water & sanitation', 'score': 1.0, 'reasons': [""category field contains 'sewer'""]}]",False,,0,ZAR,2026-08-11T04:00:00Z,,,2026-07-30T00:00:00Z
ocds-9t57fa-164057,EHCQP/07/2026,Ekurhuieni Housing Company,Gauteng,complete,['Security services'],"[{'industry': 'Security services', 'score': 1.0, 'reasons': [""text fuzzy-matches 'security services' (similarity 1.00)""]}]",False,,0,ZAR,2026-08-11T11:00:00Z,,,2026-07-30T00:00:00Z
ocds-9t57fa-164058,EHCAIRPT/07/2026,Ekurhuieni Housing Company,Gauteng,complete,['Security services'],"[{'industry': 'Security services', 'score': 1.0, 'reasons': [""text fuzzy-matches 'security services' (similarity 1.00)""]}]",False,,0,ZAR,2026-08-11T11:00:00Z,,,2026-07-30T00:00:00Z
ocds-9t57fa-164059,EHCCV/07/2026,Ekurhuieni Housing Company,Gauteng,complete,['Security services'],"[{'industry': 'Security services', 'score': 1.0, 'reasons': [""text fuzzy-matches 'security services' (similarity 1.00)""]}]",False,,0,ZAR,2026-08-11T11:00:00Z,,,2026-07-30T00:00:00Z
ocds-9t57fa-163966,ULM-CSS 008/ 26,Umzimkhulu Local Municipality,KwaZulu-Natal,complete,"['Health & medical', 'Supply of goods']","[{'industry': 'Health & medical', 'score': 1.0, 'reasons': [""text fuzzy-matches 'medical' (similarity 1.00)""]}, {'industry': 'Supply of goods', 'score': 0.97, 'reasons': [""text fuzzy-matches 'supply and delivery' (similarity 0.97)""]}]",False,,0,ZAR,2026-08-11T12:00:00Z,,,2026-07-30T00:00:00Z
ocds-9t57fa-163969,ULM-CSS 001/27,Umzimkhulu Local Municipality,KwaZulu-Natal,complete,['Supply of goods'],"[{'industry': 'Supply of goods', 'score': 1.0, 'reasons': [""text fuzzy-matches 'supply and delivery' (similarity 1.00)""]}]",False,,0,ZAR,2026-08-11T12:00:00Z,,,2026-07-30T00:00:00Z
ocds-9t57fa-164025,Q08-2026-27,City of Tshwane,Gauteng,complete,['Supply of goods'],"[{'industry': 'Supply of goods', 'score': 1.0, 'reasons': [""category field contains 'stationery'""]}]",False,,0,ZAR,2026-08-13T10:00:00Z,,,2026-07-30T00:00:00Z
ocds-9t57fa-164019,TPT/2026/07/0835/9268/RFQ,Transnet SOC Ltd,KwaZulu-Natal,complete,['Other / uncategorised'],"[{'industry': 'Other / uncategorised', 'score': 0.0, 'reasons': []}]",False,,0,ZAR,2026-08-13T13:00:00Z,,,2026-07-30T00:00:00Z
ocds-9t57fa-164000,E3315DXMPOU,ESKOM,Mpumalanga,complete,['Electrical'],"[{'industry': 'Electrical', 'score': 0.96, 'reasons': [""text fuzzy-matches 'transformer' (similarity 0.96)""]}]",False,,0,ZAR,2026-08-14T10:00:00Z,,,2026-07-30T00:00:00Z
ocds-9t57fa-164000,E3315DXMPOU,ESKOM,Mpumalanga,complete,['Electrical'],"[{'industry': 'Electrical', 'score': 0.96, 'reasons': [""text fuzzy-matches 'transformer' (similarity 0.96)""]}]",False,,0,ZAR,2026-08-14T10:00:00Z,,,2026-07-30T00:00:00Z
ocds-9t57fa-164040,E2535NTCSAMWP3,Eskom National Transmission Company of South Africa,Gauteng,complete,['ICT & telecommunications'],"[{'industry': 'ICT & telecommunications', 'score': 1.0, 'reasons': [""text fuzzy-matches 'network' (similarity 1.00)""]}]",False,,0,ZAR,2026-08-14T10:00:00Z,,,2026-07-30T00:00:00Z
ocds-9t57fa-163935,E3104GXMPHENBIDDERS,ESKOM,Mpumalanga,complete,['Supply of goods'],"[{'industry': 'Supply of goods', 'score': 1.0, 'reasons': [""text fuzzy-matches 'supply and delivery' (similarity 1.00)""]}]",False,,0,ZAR,2026-08-14T11:00:00Z,,,2026-07-30T00:00:00Z
ocds-9t57fa-163940,E2995GXMPHENBIDDERS,ESKOM,Mpumalanga,complete,['Security services'],"[{'industry': 'Security services', 'score': 1.0, 'reasons': [""text fuzzy-matches 'surveillance' (similarity 1.00)""]}]",False,,0,ZAR,2026-08-14T11:00:00Z,,,2026-07-30T00:00:00Z
ocds-9t57fa-164046,169/2026,Kouga Municipality,Eastern Cape,complete,['Supply of goods'],"[{'industry': 'Supply of goods', 'score': 1.0, 'reasons': [""text fuzzy-matches 'supply and delivery' (similarity 1.00)""]}]",False,,0,ZAR,2026-08-14T11:00:00Z,,,2026-07-30T00:00:00Z
ocds-9t57fa-164055,GAAL142_2025_2026,Limpopo - Gateway Airport Authority Limited,Limpopo,complete,['Other / uncategorised'],"[{'industry': 'Other / uncategorised', 'score': 0.0, 'reasons': []}]",False,,0,ZAR,2026-08-14T11:00:00Z,,,2026-07-30T00:00:00Z
ocds-9t57fa-164054,SARAO-SKAR-TM-(PRF-4308)-2026-27,National Research Foundation,Northern Cape,complete,['Professional & consulting services'],"[{'industry': 'Professional & consulting services', 'score': 1.0, 'reasons': [""category field contains 'consulting'""]}]",False,,0,ZAR,2026-08-14T16:00:00Z,,,2026-07-30T00:00:00Z
ocds-9t57fa-164039,EDM/11/2026-27,Ehlanzeni District Municipality,Mpumalanga,complete,"['Health & medical', 'Water & sanitation', 'Mining & resources']","[{'industry': 'Health & medical', 'score': 1.0, 'reasons': [""text fuzzy-matches 'medical' (similarity 1.00)""]}, {'industry': 'Water & sanitation', 'score': 1.0, 'reasons': [""text fuzzy-matches 'water treatment' (similarity 1.00)""]}, {'industry': 'Mining & resources', 'score': 0.86, 'reasons': [""text fuzzy-matches 'ore' (similarity 0.86)""]}]",True,,0,ZAR,2026-08-17T12:00:00Z,,,2026-07-30T00:00:00Z
ocds-9t57fa-164061,MKHO04/2026/27,Mkhondo Local Municipality,Mpumalanga,complete,['Construction & civil'],"[{'industry': 'Construction & civil', 'score': 1.0, 'reasons': [""category field contains 'construction'""]}]",False,,0,ZAR,2026-08-17T12:00:00Z,,,2026-07-30T00:00:00Z
ocds-9t57fa-164062,RFQ/LOG/2026/10252520/38,South African Broadcasting Corporation Limited,Eastern Cape,complete,['Other / uncategorised'],"[{'industry': 'Other / uncategorised', 'score': 0.0, 'reasons': []}]",False,,0,ZAR,2026-08-17T12:00:00Z,,,2026-07-30T00:00:00Z
ocds-9t57fa-164065,MKHO05/2026/27,Mkhondo Local Municipality,Mpumalanga,complete,['Construction & civil'],"[{'industry': 'Construction & civil', 'score': 1.0, 'reasons': [""category field contains 'construction'""]}]",False,,0,ZAR,2026-08-17T12:00:00Z,,,2026-07-30T00:00:00Z
ocds-9t57fa-164066,MKHO06/2026/27,Mkhondo Local Municipality,Mpumalanga,complete,['Construction & civil'],"[{'industry': 'Construction & civil', 'score': 1.0, 'reasons': [""category field contains 'construction'""]}]",False,,0,ZAR,2026-08-17T12:00:00Z,,,2026-07-30T00:00:00Z
ocds-9t57fa-163979,RFB SAHRA 01/2026R,South African Heritage Resources Agency,Western Cape,complete,['Other / uncategorised'],"[{'industry': 'Other / uncategorised', 'score': 0.0, 'reasons': []}]",False,,0,ZAR,2026-08-19T11:00:00Z,,,2026-07-30T00:00:00Z
ocds-9t57fa-163929,WTE-0550 CS,Water and Sanitation,Western Cape,complete,['Construction & civil'],"[{'industry': 'Construction & civil', 'score': 2.0, 'reasons': [""category field contains 'construction'"", ""text fuzzy-matches 'construction' (similarity 1.00)""]}]",False,,0,ZAR,2026-08-20T11:00:00Z,,,2026-07-30T00:00:00Z
ocds-9t57fa-163944,WTE-0559 CS,Water and Sanitation,Western Cape,complete,['Construction & civil'],"[{'industry': 'Construction & civil', 'score': 2.0, 'reasons': [""category field contains 'construction'"", ""text fuzzy-matches 'construction' (similarity 1.00)""]}]",False,,0,ZAR,2026-08-20T11:00:00Z,,,2026-07-30T00:00:00Z
ocds-9t57fa-164041,FIC/RFB/FURNITURE AND JOINERY/02/2026/27,Financial Intelligence Centre,Gauteng,complete,['Other / uncategorised'],"[{'industry': 'Other / uncategorised', 'score': 0.0, 'reasons': []}]",False,,0,ZAR,2026-08-20T11:00:00Z,,,2026-07-30T00:00:00Z
ocds-9t57fa-164069,MKHO07/2026/27,Mkhondo Local Municipality,Mpumalanga,complete,['Construction & civil'],"[{'industry': 'Construction & civil', 'score': 2.0, 'reasons': [""category field contains 'construction'"", ""text fuzzy-matches 'construction' (similarity 1.00)""]}]",False,,0,ZAR,2026-08-20T12:00:00Z,,,2026-07-30T00:00:00Z
ocds-9t57fa-163951,RFP26-27-11-NM,South African Post Office Limited,National,complete,['Transport & logistics'],"[{'industry': 'Transport & logistics', 'score': 1.0, 'reasons': [""category field contains 'transport'""]}]",False,,0,ZAR,2026-08-21T11:00:00Z,,,2026-07-30T00:00:00Z
ocds-9t57fa-164553,DSM 03/27,Stellenbosch Municipality,Western Cape,active,"['Mechanical & HVAC', 'Professional & consulting services']","[{'industry': 'Mechanical & HVAC', 'score': 1.0, 'reasons': [""text fuzzy-matches 'pump' (similarity 1.00)""]}, {'industry': 'Professional & consulting services', 'score': 1.0, 'reasons': [""category field contains 'consulting'""]}]",False,,0,ZAR,2026-07-30T11:00:00Z,,7604110.0,2026-07-29T00:00:00Z
ocds-9t57fa-165249,Magalies Water Deviation 1 (FY 2026-27),Magalies Water,North West,active,['Security services'],"[{'industry': 'Security services', 'score': 1.0, 'reasons': [""text fuzzy-matches 'security services' (similarity 1.00)""]}]",False,,0,ZAR,2026-07-30T11:00:00Z,,198750149.0,2026-07-29T00:00:00Z
ocds-9t57fa-165472,6000034605,South African Revenue Service,Gauteng,active,['Other / uncategorised'],"[{'industry': 'Other / uncategorised', 'score': 0.0, 'reasons': []}]",False,0001-01-01T00:00:00Z,0,ZAR,2026-08-03T11:00:00Z,,23171025.0,2026-07-29T00:00:00Z
ocds-9t57fa-163887,PR10117428,Road Accident Fund,Gauteng,active,"['Professional & consulting services', 'Construction & civil']","[{'industry': 'Professional & consulting services', 'score': 1.0, 'reasons': [""category field contains 'consulting'""]}, {'industry': 'Construction & civil', 'score': 0.89, 'reasons': [""text fuzzy-matches 'roads' (similarity 0.89)""]}]",False,,0,ZAR,2026-08-04T14:00:00Z,,5460000.0,2026-07-29T00:00:00Z
ocds-9t57fa-165625,PR10253185,South African Broadcasting Corporation Limited,Gauteng,active,['Other / uncategorised'],"[{'industry': 'Other / uncategorised', 'score': 0.0, 'reasons': []}]",False,,0,ZAR,2026-08-06T11:30:00Z,,48000000.0,2026-07-29T00:00:00Z
ocds-9t57fa-163873,KZN/PRASA/2025/08/04/Q-2,Passenger Rail Agency of South Africa,KwaZulu-Natal,active,['Other / uncategorised'],"[{'industry': 'Other / uncategorised', 'score': 0.0, 'reasons': []}]",False,,0,ZAR,2026-08-12T12:00:00Z,,9750000.0,2026-07-29T00:00:00Z
ocds-9t57fa-163855,222199,Medical Research Council of South Africa,Gauteng,complete,['Professional & consulting services'],"[{'industry': 'Professional & consulting services', 'score': 1.0, 'reasons': [""category field contains 'consulting'""]}]",False,,0,ZAR,2026-07-31T11:00:00Z,,,2026-07-29T00:00:00Z
ocds-9t57fa-163895,RFQ2026-007-033,National Lotteries Commission,Northern Cape,complete,['Other / uncategorised'],"[{'industry': 'Other / uncategorised', 'score': 0.0, 'reasons': []}]",False,,0,ZAR,2026-07-31T11:00:00Z,,,2026-07-29T00:00:00Z
ocds-9t57fa-163785,NRWDI/ICT/2026-12,National Radioactive Waste Disposal Institute (NRWDI),North West,complete,['Supply of goods'],"[{'industry': 'Supply of goods', 'score': 1.0, 'reasons': [""text fuzzy-matches 'supply and delivery' (similarity 1.00)""]}]",False,,0,ZAR,2026-08-03T11:00:00Z,,,2026-07-29T00:00:00Z
ocds-9t57fa-163803,RFQ-10-07-2026,Cross-Border Road Transport Agency,Gauteng,complete,"['Transport & logistics', 'Construction & civil']","[{'industry': 'Transport & logistics', 'score': 1.0, 'reasons': [""text fuzzy-matches 'transport' (similarity 1.00)""]}, {'industry': 'Construction & civil', 'score': 0.89, 'reasons': [""text fuzzy-matches 'roads' (similarity 0.89)""]}]",False,,0,ZAR,2026-08-03T11:00:00Z,,,2026-07-29T00:00:00Z
ocds-9t57fa-163884,MKRIQ15/2026,Moses Kotane Institute,KwaZulu-Natal,complete,['Professional & consulting services'],"[{'industry': 'Professional & consulting services', 'score': 1.0, 'reasons': [""category field contains 'consulting'""]}]",False,,0,ZAR,2026-08-03T11:00:00Z,,,2026-07-29T00:00:00Z
ocds-9t57fa-163902,MBTC-SCM/112/2026,Mandela Bay Theatre Complex,Eastern Cape,complete,['Other / uncategorised'],"[{'industry': 'Other / uncategorised', 'score': 0.0, 'reasons': []}]",False,,0,ZAR,2026-08-03T11:00:00Z,,,2026-07-29T00:00:00Z
ocds-9t57fa-163824,RFQ2026-27 – 31,The South African Qualifications Authority (SAQA),Gauteng,complete,['Professional & consulting services'],"[{'industry': 'Professional & consulting services', 'score': 1.0, 'reasons': [""category field contains 'consulting'""]}]",False,,0,ZAR,2026-08-04T11:00:00Z,,,2026-07-29T00:00:00Z
ocds-9t57fa-163829,CO0022607RFQ00000005,Agricultural Research Council,Gauteng,complete,"['Professional & consulting services', 'Agriculture']","[{'industry': 'Professional & consulting services', 'score': 1.0, 'reasons': [""category field contains 'consulting'""]}, {'industry': 'Agriculture', 'score': 0.87, 'reasons': [""text fuzzy-matches 'agriculture' (similarity 0.87)""]}]",False,,0,ZAR,2026-08-04T11:00:00Z,,,2026-07-29T00:00:00Z
ocds-9t57fa-163841,RFQ No.038/2026,National Regulator for Compulsory Specifications,Western Cape,complete,['Supply of goods'],"[{'industry': 'Supply of goods', 'score': 1.0, 'reasons': [""text fuzzy-matches 'supply and delivery' (similarity 1.00)""]}]",False,,0,ZAR,2026-08-04T11:00:00Z,,,2026-07-29T00:00:00Z
ocds-9t57fa-163807,RFQ:012407,NATIONAL METROLOGY INSTITUTE OF SOUTH AFRICA,Gauteng,complete,['Professional & consulting services'],"[{'industry': 'Professional & consulting services', 'score': 1.0, 'reasons': [""category field contains 'consulting'""]}]",False,,0,ZAR,2026-08-05T10:00:00Z,,,2026-07-29T00:00:00Z
ocds-9t57fa-163842,DFFEQ 115   LAUNDRY SERVICES,"National - Environment, Forestry and Fisheries",Western Cape,complete,['Supply of goods'],"[{'industry': 'Supply of goods', 'score': 0.97, 'reasons': [""text fuzzy-matches 'supply and delivery' (similarity 0.97)""]}]",False,,0,ZAR,2026-08-05T11:00:00Z,,,2026-07-29T00:00:00Z
ocds-9t57fa-163869,RFQ18 2026-2027 ,National Film and Video Foundation of South Africa,Gauteng,complete,['Supply of goods'],"[{'industry': 'Supply of goods', 'score': 0.97, 'reasons': [""text fuzzy-matches 'supply and delivery' (similarity 0.97)""]}]",False,,0,ZAR,2026-08-05T11:00:00Z,,,2026-07-29T00:00:00Z
ocds-9t57fa-163900,IM1702026,Tourism,Gauteng,complete,['Other / uncategorised'],"[{'industry': 'Other / uncategorised', 'score': 0.0, 'reasons': []}]",False,,0,ZAR,2026-08-05T11:00:00Z,,,2026-07-29T00:00:00Z
ocds-9t57fa-163901,IM1692026,Tourism,Gauteng,complete,['Other / uncategorised'],"[{'industry': 'Other / uncategorised', 'score': 0.0, 'reasons': []}]",False,,0,ZAR,2026-08-05T11:00:00Z,,,2026-07-29T00:00:00Z
ocds-9t57fa-163878,6000080632,Johannesburg Water,Gauteng,complete,['Supply of goods'],"[{'industry': 'Supply of goods', 'score': 1.0, 'reasons': [""text fuzzy-matches 'supply and delivery' (similarity 1.00)""]}]",False,,0,ZAR,2026-08-05T12:00:00Z,,,2026-07-29T00:00:00Z
ocds-9t57fa-163923,RFQJW132TN26,Johannesburg Water,Gauteng,complete,['Other / uncategorised'],"[{'industry': 'Other / uncategorised', 'score': 0.0, 'reasons': []}]",False,,0,ZAR,2026-08-05T16:00:00Z,,,2026-07-29T00:00:00Z
ocds-9t57fa-163926,RFQJW133TN26,Johannesburg Water,Gauteng,complete,['Other / uncategorised'],"[{'industry': 'Other / uncategorised', 'score': 0.0, 'reasons': []}]",False,,0,ZAR,2026-08-05T16:00:00Z,,,2026-07-29T00:00:00Z
ocds-9t57fa-163928,RFQJW095TN26 (RE-ADVERT),Johannesburg Water,Gauteng,complete,['Other / uncategorised'],"[{'industry': 'Other / uncategorised', 'score': 0.0, 'reasons': []}]",False,,0,ZAR,2026-08-05T16:00:00Z,,,2026-07-29T00:00:00Z
ocds-9t57fa-163864,OLT2128204,ESKOM,Limpopo,complete,['Electrical'],"[{'industry': 'Electrical', 'score': 0.96, 'reasons': [""text fuzzy-matches 'transformer' (similarity 0.96)""]}]",False,,0,ZAR,2026-08-06T10:00:00Z,,,2026-07-29T00:00:00Z
ocds-9t57fa-163843,RFQ 170-2026,South African Diamond and Precious Metals Regulator,Gauteng,complete,['Other / uncategorised'],"[{'industry': 'Other / uncategorised', 'score': 0.0, 'reasons': []}]",False,,0,ZAR,2026-08-06T11:00:00Z,,,2026-07-29T00:00:00Z
ocds-9t57fa-163865,OLT 2128205,ESKOM,Limpopo,complete,['Electrical'],"[{'industry': 'Electrical', 'score': 1.0, 'reasons': [""text fuzzy-matches 'substation' (similarity 1.00)""]}]",False,,0,ZAR,2026-08-06T11:00:00Z,,,2026-07-29T00:00:00Z
ocds-9t57fa-163893,PR00000016387,Automotive Industry Development Centre (AIDC),Gauteng,complete,['Professional & consulting services'],"[{'industry': 'Professional & consulting services', 'score': 1.0, 'reasons': [""category field contains 'consulting'""]}]",False,,0,ZAR,2026-08-06T11:00:00Z,,,2026-07-29T00:00:00Z
ocds-9t57fa-163918,RFQ No.026/2026:,National Regulator for Compulsory Specifications,KwaZulu-Natal,complete,['Professional & consulting services'],"[{'industry': 'Professional & consulting services', 'score': 1.0, 'reasons': [""category field contains 'consulting'""]}]",False,,0,ZAR,2026-08-06T11:00:00Z,,,2026-07-29T00:00:00Z
ocds-9t57fa-163815,SC2675/2026,Overstrand Municipality,Western Cape,complete,['Supply of goods'],"[{'industry': 'Supply of goods', 'score': 1.0, 'reasons': [""text fuzzy-matches 'supply and delivery' (similarity 1.00)""]}]",False,,0,ZAR,2026-08-06T12:00:00Z,,,2026-07-29T00:00:00Z
ocds-9t57fa-163859,RFQDPC001/08/2026,IKHALA PUBLIC TVET COLLEGE,Eastern Cape,complete,['Electrical'],"[{'industry': 'Electrical', 'score': 1.0, 'reasons': [""text fuzzy-matches 'electrical' (similarity 1.00)""]}]",False,,0,ZAR,2026-08-07T11:00:00Z,,,2026-07-29T00:00:00Z
ocds-9t57fa-163860,RFQDPC002/08/2026,IKHALA PUBLIC TVET COLLEGE,Eastern Cape,complete,['Other / uncategorised'],"[{'industry': 'Other / uncategorised', 'score': 0.0, 'reasons': []}]",False,,0,ZAR,2026-08-07T11:00:00Z,,,2026-07-29T00:00:00Z
ocds-9t57fa-163862,RFQ047/2026,Artscape,Western Cape,complete,['Professional & consulting services'],"[{'industry': 'Professional & consulting services', 'score': 2.0, 'reasons': [""category field contains 'consulting'"", ""text fuzzy-matches 'project management' (similarity 1.00)""]}]",False,,0,ZAR,2026-08-07T11:00:00Z,,,2026-07-29T00:00:00Z
ocds-9t57fa-163872,RFP/2021/001456,Public Service Sector Education and Training Authority,National,complete,['Professional & consulting services'],"[{'industry': 'Professional & consulting services', 'score': 1.0, 'reasons': [""category field contains 'consulting'""]}]",False,,0,ZAR,2026-08-07T11:00:00Z,,,2026-07-29T00:00:00Z
ocds-9t57fa-163886,OLT2128206,ESKOM,Gauteng,complete,['Construction & civil'],"[{'industry': 'Construction & civil', 'score': 1.0, 'reasons': [""text fuzzy-matches 'building' (similarity 1.00)""]}]",False,,0,ZAR,2026-08-07T11:00:00Z,,,2026-07-29T00:00:00Z
ocds-9t57fa-163903,E2857DXGOUBIDDERSLIST,ESKOM,Gauteng,complete,"['Electrical', 'Mechanical & HVAC']","[{'industry': 'Electrical', 'score': 1.0, 'reasons': [""text fuzzy-matches 'transformer' (similarity 1.00)""]}, {'industry': 'Mechanical & HVAC', 'score': 1.0, 'reasons': [""category field contains 'air conditioning'""]}]",False,,0,ZAR,2026-08-11T10:00:00Z,,,2026-07-29T00:00:00Z
ocds-9t57fa-163853,HDA/000000004/2026,Housing Development Agency,Gauteng,complete,['Professional & consulting services'],"[{'industry': 'Professional & consulting services', 'score': 1.0, 'reasons': [""category field contains 'consulting'""]}]",False,,0,ZAR,2026-08-11T11:00:00Z,,,2026-07-29T00:00:00Z
ocds-9t57fa-163891,HO/INTERSITE/54/07/2026,Passenger Rail Agency of South Africa,Gauteng,complete,['Professional & consulting services'],"[{'industry': 'Professional & consulting services', 'score': 1.0, 'reasons': [""category field contains 'consulting'""]}]",False,,0,ZAR,2026-08-11T12:00:00Z,,,2026-07-29T00:00:00Z
ocds-9t57fa-163854,BS/2026/RFQ1801,Banking Sector Education and Training Authority,Gauteng,complete,['Other / uncategorised'],"[{'industry': 'Other / uncategorised', 'score': 0.0, 'reasons': []}]",False,,0,ZAR,2026-08-11T16:00:00Z,,,2026-07-29T00:00:00Z
ocds-9t57fa-163885,E3272GXPOU,ESKOM,National,complete,['Supply of goods'],"[{'industry': 'Supply of goods', 'score': 1.0, 'reasons': [""text fuzzy-matches 'supply and delivery' (similarity 1.00)""]}]",False,,0,ZAR,2026-08-12T10:00:00Z,,,2026-07-29T00:00:00Z
ocds-9t57fa-163786,WTE-0556 CS,Water and Sanitation,Western Cape,complete,"['Construction & civil', 'Professional & consulting services']","[{'industry': 'Construction & civil', 'score': 2.0, 'reasons': [""category field contains 'construction'"", ""text fuzzy-matches 'construction' (similarity 1.00)""]}, {'industry': 'Professional & consulting services', 'score': 0.98, 'reasons': [""text fuzzy-matches 'professional services' (similarity 0.98)""]}]",False,,0,ZAR,2026-08-13T11:00:00Z,,,2026-07-29T00:00:00Z
ocds-9t57fa-163788,WTE-0560 CS,Water and Sanitation,Western Cape,complete,['Construction & civil'],"[{'industry': 'Construction & civil', 'score': 2.0, 'reasons': [""category field contains 'construction'"", ""text fuzzy-matches 'construction' (similarity 1.00)""]}]",False,,0,ZAR,2026-08-13T11:00:00Z,,,2026-07-29T00:00:00Z
ocds-9t57fa-163790,WTE-0554 CS,Water and Sanitation,Western Cape,complete,['Construction & civil'],"[{'industry': 'Construction & civil', 'score': 2.0, 'reasons': [""category field contains 'construction'"", ""text fuzzy-matches 'construction' (similarity 1.00)""]}]",False,,0,ZAR,2026-08-13T11:00:00Z,,,2026-07-29T00:00:00Z
ocds-9t57fa-163796,WTE-0557 CS,Water and Sanitation,Western Cape,complete,"['Construction & civil', 'Supply of goods', 'Mining & resources']","[{'industry': 'Construction & civil', 'score': 2.0, 'reasons': [""category field contains 'construction'"", ""text fuzzy-matches 'construction' (similarity 1.00)""]}, {'industry': 'Supply of goods', 'score': 1.0, 'reasons': [""text fuzzy-matches 'supply and delivery' (similarity 1.00)""]}, {'industry': 'Mining & resources', 'score': 0.86, 'reasons': [""text fuzzy-matches 'mine rehabilitation' (similarity 0.86)""]}]",False,,0,ZAR,2026-08-13T11:00:00Z,,,2026-07-29T00:00:00Z
ocds-9t57fa-163802,WTE-0553 CS,Water and Sanitation,Western Cape,complete,"['Construction & civil', 'Supply of goods']","[{'industry': 'Construction & civil', 'score': 1.0, 'reasons': [""category field contains 'construction'""]}, {'industry': 'Supply of goods', 'score': 1.0, 'reasons': [""text fuzzy-matches 'supply and delivery' (similarity 1.00)""]}]",False,,0,ZAR,2026-08-13T11:00:00Z,,,2026-07-29T00:00:00Z
ocds-9t57fa-163811,WTE-0558 CS,Water and Sanitation,Eastern Cape,complete,"['Construction & civil', 'Agriculture', 'Supply of goods']","[{'industry': 'Construction & civil', 'score': 2.0, 'reasons': [""category field contains 'construction'"", ""text fuzzy-matches 'construction' (similarity 1.00)""]}, {'industry': 'Agriculture', 'score': 1.0, 'reasons': [""text fuzzy-matches 'irrigation' (similarity 1.00)""]}, {'industry': 'Supply of goods', 'score': 1.0, 'reasons': [""text fuzzy-matches 'supply and delivery' (similarity 1.00)""]}]",False,,0,ZAR,2026-08-13T11:00:00Z,,,2026-07-29T00:00:00Z
ocds-9t57fa-163851,WTE-0551 CS,Water and Sanitation,Western Cape,complete,"['Construction & civil', 'Electrical', 'Supply of goods']","[{'industry': 'Construction & civil', 'score': 2.0, 'reasons': [""category field contains 'construction'"", ""text fuzzy-matches 'construction' (similarity 1.00)""]}, {'industry': 'Electrical', 'score': 1.0, 'reasons': [""text fuzzy-matches 'electrical' (similarity 1.00)""]}, {'industry': 'Supply of goods', 'score': 1.0, 'reasons': [""text fuzzy-matches 'supply and delivery' (similarity 1.00)""]}]",False,,0,ZAR,2026-08-13T11:00:00Z,,,2026-07-29T00:00:00Z
ocds-9t57fa-163581,TENDER NO MN 72-2026,Kwadukuza Municipality,KwaZulu-Natal,complete,['Other / uncategorised'],"[{'industry': 'Other / uncategorised', 'score': 0.0, 'reasons': []}]",False,,0,ZAR,2026-08-13T12:00:00Z,,,2026-07-29T00:00:00Z
ocds-9t57fa-163863,ASA 09/07/2026,Agrément South Africa,National,complete,['ICT & telecommunications'],"[{'industry': 'ICT & telecommunications', 'score': 1.0, 'reasons': [""text fuzzy-matches 'software' (similarity 1.00)""]}]",False,,0,ZAR,2026-08-13T12:00:00Z,,,2026-07-29T00:00:00Z
ocds-9t57fa-163913,ILM 05/26/27,Inkosi Langalibalele Local Municipality,KwaZulu-Natal,complete,"['Electrical', 'Construction & civil']","[{'industry': 'Electrical', 'score': 1.0, 'reasons': [""text fuzzy-matches 'electrical' (similarity 1.00)""]}, {'industry': 'Construction & civil', 'score': 1.0, 'reasons': [""category field contains 'construction'""]}]",False,,0,ZAR,2026-08-13T12:00:00Z,,,2026-07-29T00:00:00Z
ocds-9t57fa-163852,RFQ1026 (Erratum),South African National Energy Development Institute,Gauteng,complete,"['Professional & consulting services', 'Energy & renewables']","[{'industry': 'Professional & consulting services', 'score': 1.0, 'reasons': [""category field contains 'consulting'""]}, {'industry': 'Energy & renewables', 'score': 1.0, 'reasons': [""text fuzzy-matches 'energy efficiency' (similarity 1.00)""]}]",False,,0,ZAR,2026-08-14T11:00:00Z,,,2026-07-29T00:00:00Z
ocds-9t57fa-163919,RFI002/26/27,National Health Laboratory Service,National,complete,['Other / uncategorised'],"[{'industry': 'Other / uncategorised', 'score': 0.0, 'reasons': []}]",False,,0,ZAR,2026-08-14T11:00:00Z,,,2026-07-29T00:00:00Z
ocds-9t57fa-163727,ECR/F/12/07/2026,Passenger Rail Agency of South Africa,Eastern Cape,complete,['Mechanical & HVAC'],"[{'industry': 'Mechanical & HVAC', 'score': 1.0, 'reasons': [""category field contains 'air conditioning'""]}]",False,,0,ZAR,2026-08-14T12:00:00Z,,,2026-07-29T00:00:00Z
ocds-9t57fa-163847,RFX600000349Riversdale,Sentech Limited,Western Cape,complete,['Construction & civil'],"[{'industry': 'Construction & civil', 'score': 1.0, 'reasons': [""category field contains 'construction'""]}]",False,,0,ZAR,2026-08-14T12:00:00Z,,,2026-07-29T00:00:00Z
ocds-9t57fa-163857,RFP Cabling,iSimangaliso Wetland Park,KwaZulu-Natal,complete,"['Electrical', 'ICT & telecommunications']","[{'industry': 'Electrical', 'score': 1.0, 'reasons': [""text fuzzy-matches 'cabling' (similarity 1.00)""]}, {'industry': 'ICT & telecommunications', 'score': 1.0, 'reasons': [""text fuzzy-matches 'ict' (similarity 1.00)""]}]",False,,0,ZAR,2026-08-14T12:00:00Z,,,2026-07-29T00:00:00Z
ocds-9t57fa-163875,CRAC DNR 58039,Transnet SOC Ltd,KwaZulu-Natal,complete,['Electrical'],"[{'industry': 'Electrical', 'score': 1.0, 'reasons': [""text fuzzy-matches 'transformer' (similarity 1.00)""]}]",False,,0,ZAR,2026-08-14T12:00:00Z,,,2026-07-29T00:00:00Z
ocds-9t57fa-163817,TPT/2026/06/0599/6701/RFQ PPA 127114,Transnet SOC Ltd,KwaZulu-Natal,complete,['Electrical'],"[{'industry': 'Electrical', 'score': 1.0, 'reasons': [""category field contains 'electrical'""]}]",False,,0,ZAR,2026-08-14T13:00:00Z,,,2026-07-29T00:00:00Z
ocds-9t57fa-163917,RFQ/Ops/Stationery/2026/7,Perishable Products Export Control Board,Western Cape,complete,['Supply of goods'],"[{'industry': 'Supply of goods', 'score': 1.0, 'reasons': [""text fuzzy-matches 'stationery' (similarity 1.00)""]}]",False,,0,ZAR,2026-08-14T16:00:00Z,,,2026-07-29T00:00:00Z
ocds-9t57fa-163866,RFQ/CMS/ICT/02072026 ,Council for Medical Schemes,Gauteng,complete,['Construction & civil'],"[{'industry': 'Construction & civil', 'score': 1.0, 'reasons': [""category field contains 'building'""]}]",False,,0,ZAR,2026-08-17T11:00:00Z,,,2026-07-29T00:00:00Z
ocds-9t57fa-163792,BID 02/26,Francis Baard District Municipality,Northern Cape,complete,['Other / uncategorised'],"[{'industry': 'Other / uncategorised', 'score': 0.0, 'reasons': []}]",False,,0,ZAR,2026-08-17T12:00:00Z,,,2026-07-29T00:00:00Z
ocds-9t57fa-163826,FWQ 20/2026,Blue crane route local municipality,Eastern Cape,complete,"['Water & sanitation', 'Supply of goods']","[{'industry': 'Water & sanitation', 'score': 1.0, 'reasons': [""text fuzzy-matches 'sanitation' (similarity 1.00)""]}, {'industry': 'Supply of goods', 'score': 0.89, 'reasons': [""text fuzzy-matches 'supply and delivery' (similarity 0.89)""]}]",False,,0,ZAR,2026-08-17T12:00:00Z,,,2026-07-29T00:00:00Z
ocds-9t57fa-163835,RFX6000003490,Sentech Limited,Western Cape,complete,['Construction & civil'],"[{'industry': 'Construction & civil', 'score': 1.0, 'reasons': [""category field contains 'construction'""]}]",False,,0,ZAR,2026-08-17T12:00:00Z,,,2026-07-29T00:00:00Z
ocds-9t57fa-163916,CCMA/2026/23/JHB,Commission for Conciliation Mediation & Arbitration,Gauteng,complete,['Security services'],"[{'industry': 'Security services', 'score': 2.0, 'reasons': [""category field contains 'security services'"", ""text fuzzy-matches 'guarding' (similarity 1.00)""]}]",False,,0,ZAR,2026-08-18T11:00:00Z,,,2026-07-29T00:00:00Z
ocds-9t57fa-163705,Dev 06 2026 27,Special Investigation Unit,Gauteng,active,['Other / uncategorised'],"[{'industry': 'Other / uncategorised', 'score': 0.0, 'reasons': []}]",False,,0,ZAR,2026-07-29T11:00:00Z,,3854946.0,2026-07-28T00:00:00Z
ocds-9t57fa-165162,SIN-143,Council for Scientific and Industrial Research (CSIR),Gauteng,active,['Professional & consulting services'],"[{'industry': 'Professional & consulting services', 'score': 2.0, 'reasons': [""category field contains 'consulting'"", ""text fuzzy-matches 'advisory' (similarity 1.00)""]}]",False,,0,ZAR,2026-07-29T11:00:00Z,,3450000.0,2026-07-28T00:00:00Z
ocds-9t57fa-165884,RFQ2528,Mine Health and Safety Council,Gauteng,active,"['Mining & resources', 'Construction & civil']","[{'industry': 'Mining & resources', 'score': 1.0, 'reasons': [""text fuzzy-matches 'mining' (similarity 1.00)""]}, {'industry': 'Construction & civil', 'score': 0.87, 'reasons': [""text fuzzy-matches 'construction' (similarity 0.87)""]}]",False,,0,ZAR,2026-07-29T11:00:00Z,,2777812.0,2026-07-28T00:00:00Z
ocds-9t57fa-167387,DEV2026-30,South African National Biodiversity Institute,Gauteng,active,['Other / uncategorised'],"[{'industry': 'Other / uncategorised', 'score': 0.0, 'reasons': []}]",False,,0,ZAR,2026-07-29T11:00:00Z,,49468939.0,2026-07-28T00:00:00Z
ocds-9t57fa-165309,6000034637,South African Revenue Service,KwaZulu-Natal,active,['Other / uncategorised'],"[{'industry': 'Other / uncategorised', 'score': 0.0, 'reasons': []}]",False,0001-01-01T00:00:00Z,0,ZAR,2026-08-04T11:00:00Z,,1398400.0,2026-07-28T00:00:00Z
ocds-9t57fa-163694,IHLM/03/2026-27/ECON,Ingquza Hill Local Municipality,Eastern Cape,active,['Other / uncategorised'],"[{'industry': 'Other / uncategorised', 'score': 0.0, 'reasons': []}]",False,,0,ZAR,2026-08-06T12:00:00Z,,560000.0,2026-07-28T00:00:00Z
ocds-9t57fa-163713,RFQ2026-007-031,National Lotteries Commission,Gauteng,complete,['Other / uncategorised'],"[{'industry': 'Other / uncategorised', 'score': 0.0, 'reasons': []}]",False,,0,ZAR,2026-07-30T11:00:00Z,,,2026-07-28T00:00:00Z
ocds-9t57fa-163688,H004L2707RFQ00100,Border Management Authority,Gauteng,complete,['Supply of goods'],"[{'industry': 'Supply of goods', 'score': 1.0, 'reasons': [""text fuzzy-matches 'supply and delivery' (similarity 1.00)""]}]",False,,0,ZAR,2026-07-31T11:00:00Z,,,2026-07-28T00:00:00Z
ocds-9t57fa-163745,H004L2707RFQ00101,Border Management Authority,National,complete,['Professional & consulting services'],"[{'industry': 'Professional & consulting services', 'score': 1.0, 'reasons': [""category field contains 'consulting'""]}]",False,,0,ZAR,2026-07-31T11:00:00Z,,,2026-07-28T00:00:00Z
ocds-9t57fa-163681,Cancellation:Kanna 21/2026,Kannaland Municipality,Western Cape,complete,['Professional & consulting services'],"[{'industry': 'Professional & consulting services', 'score': 1.0, 'reasons': [""category field contains 'consulting'""]}]",True,,0,ZAR,2026-07-31T12:00:00Z,,,2026-07-28T00:00:00Z
ocds-9t57fa-163744,RFQ00086/2026,Eastern Cape - Eastern Cape Development Corporation,Eastern Cape,complete,['Professional & consulting services'],"[{'industry': 'Professional & consulting services', 'score': 1.0, 'reasons': [""text fuzzy-matches 'professional services' (similarity 1.00)""]}]",False,,0,ZAR,2026-07-31T14:00:00Z,,,2026-07-28T00:00:00Z
ocds-9t57fa-163724,RFQ-0130-26/27,uMalusi Council for Quality Assurance in General and Further Education and Training,Gauteng,complete,['Professional & consulting services'],"[{'industry': 'Professional & consulting services', 'score': 1.0, 'reasons': [""category field contains 'consulting'""]}]",False,,0,ZAR,2026-07-31T16:00:00Z,,,2026-07-28T00:00:00Z
ocds-9t57fa-163753,NLM-KWT-26/013,South African Nuclear Energy Corporation Limited,North West,complete,['Other / uncategorised'],"[{'industry': 'Other / uncategorised', 'score': 0.0, 'reasons': []}]",False,,0,ZAR,2026-07-31T16:00:00Z,,,2026-07-28T00:00:00Z
ocds-9t57fa-162641,ZNQUMGDO 31-26/27,Kwazulu Natal - Public Works (Head Office),KwaZulu-Natal,complete,['Construction & civil'],"[{'industry': 'Construction & civil', 'score': 1.0, 'reasons': [""category field contains 'construction'""]}]",False,,0,ZAR,2026-08-03T11:00:00Z,,,2026-07-28T00:00:00Z
ocds-9t57fa-163669,RFQ202627/31,Kwa-Zulu Natal - Trade and Investment KwaZulu-Natal,KwaZulu-Natal,complete,['Other / uncategorised'],"[{'industry': 'Other / uncategorised', 'score': 0.0, 'reasons': []}]",False,,0,ZAR,2026-08-03T12:00:00Z,,,2026-07-28T00:00:00Z
ocds-9t57fa-163702,PVC/07/2026,CEF (Pty) Ltd,KwaZulu-Natal,complete,['Construction & civil'],"[{'industry': 'Construction & civil', 'score': 1.0, 'reasons': [""category field contains 'construction'""]}]",False,,0,ZAR,2026-08-03T12:00:00Z,,,2026-07-28T00:00:00Z
ocds-9t57fa-163742,RFX 60000003519,Sentech Limited,Gauteng,complete,['Electrical'],"[{'industry': 'Electrical', 'score': 2.0, 'reasons': [""category field contains 'electrical'"", ""text fuzzy-matches 'electrical' (similarity 1.00)""]}]",False,,0,ZAR,2026-08-03T12:00:00Z,,,2026-07-28T00:00:00Z
ocds-9t57fa-162914,ZNQUMGDO 37-26/27,Kwazulu Natal - Public Works (Head Office),KwaZulu-Natal,complete,"['Mechanical & HVAC', 'Agriculture']","[{'industry': 'Mechanical & HVAC', 'score': 2.0, 'reasons': [""category field contains 'air conditioning'"", ""text fuzzy-matches 'ventilation' (similarity 1.00)""]}, {'industry': 'Agriculture', 'score': 1.0, 'reasons': [""text fuzzy-matches 'agriculture' (similarity 1.00)""]}]",False,,0,ZAR,2026-08-04T11:00:00Z,,,2026-07-28T00:00:00Z
ocds-9t57fa-163547,ZNQ007-2026/2027HG,Kwazulu Natal - Public Works (Head Office),KwaZulu-Natal,complete,"['Security services', 'Cleaning & facilities']","[{'industry': 'Security services', 'score': 1.0, 'reasons': [""category field contains 'security services'""]}, {'industry': 'Cleaning & facilities', 'score': 1.0, 'reasons': [""text fuzzy-matches 'cleaning services' (similarity 1.00)""]}]",False,,0,ZAR,2026-08-04T11:00:00Z,,,2026-07-28T00:00:00Z
ocds-9t57fa-163554,ZNQ006-2026/2027HG,Kwazulu Natal - Public Works (Head Office),KwaZulu-Natal,complete,['Supply of goods'],"[{'industry': 'Supply of goods', 'score': 1.0, 'reasons': [""text fuzzy-matches 'supply and delivery' (similarity 1.00)""]}]",False,,0,ZAR,2026-08-04T11:00:00Z,,,2026-07-28T00:00:00Z
ocds-9t57fa-163556,ZNQ002-2026/2027HG,Kwazulu Natal - Public Works (Head Office),KwaZulu-Natal,complete,['Supply of goods'],"[{'industry': 'Supply of goods', 'score': 1.0, 'reasons': [""text fuzzy-matches 'supply and delivery' (similarity 1.00)""]}]",False,,0,ZAR,2026-08-04T11:00:00Z,,,2026-07-28T00:00:00Z
ocds-9t57fa-163698,REQ0000002146,Public Protector South Africa,Western Cape,complete,['Supply of goods'],"[{'industry': 'Supply of goods', 'score': 2.0, 'reasons': [""category field contains 'stationery'"", ""text fuzzy-matches 'stationery' (similarity 1.00)""]}]",False,,0,ZAR,2026-08-04T11:00:00Z,,,2026-07-28T00:00:00Z
ocds-9t57fa-163719,16346,Automotive Industry Development Centre (AIDC),Gauteng,complete,['Other / uncategorised'],"[{'industry': 'Other / uncategorised', 'score': 0.0, 'reasons': []}]",False,,0,ZAR,2026-08-04T11:00:00Z,,,2026-07-28T00:00:00Z
ocds-9t57fa-163738,RFQ0001256,Marine Living Resources Fund,Western Cape,complete,['Supply of goods'],"[{'industry': 'Supply of goods', 'score': 0.97, 'reasons': [""text fuzzy-matches 'supply and delivery' (similarity 0.97)""]}]",False,,0,ZAR,2026-08-04T11:00:00Z,,,2026-07-28T00:00:00Z
ocds-9t57fa-163741,RFQ0001257,Marine Living Resources Fund,Western Cape,complete,['Supply of goods'],"[{'industry': 'Supply of goods', 'score': 0.97, 'reasons': [""text fuzzy-matches 'supply and delivery' (similarity 0.97)""]}]",False,,0,ZAR,2026-08-04T11:00:00Z,,,2026-07-28T00:00:00Z
ocds-9t57fa-163757,RFQJW088TN26 (RE-ADVERT),Johannesburg Water,Gauteng,complete,['Other / uncategorised'],"[{'industry': 'Other / uncategorised', 'score': 0.0, 'reasons': []}]",False,,0,ZAR,2026-08-04T11:00:00Z,,,2026-07-28T00:00:00Z
ocds-9t57fa-163683,SCM/MLM/21/26-27,Mnquma Local Municipality,Eastern Cape,complete,['Supply of goods'],"[{'industry': 'Supply of goods', 'score': 1.0, 'reasons': [""text fuzzy-matches 'supply and delivery' (similarity 1.00)""]}]",False,,0,ZAR,2026-08-04T12:00:00Z,,,2026-07-28T00:00:00Z
ocds-9t57fa-163729,RFQJW76SC26 ,Johannesburg Water,Gauteng,complete,"['Construction & civil', 'Professional & consulting services']","[{'industry': 'Construction & civil', 'score': 1.0, 'reasons': [""text fuzzy-matches 'building' (similarity 1.00)""]}, {'industry': 'Professional & consulting services', 'score': 1.0, 'reasons': [""category field contains 'consulting'""]}]",False,,0,ZAR,2026-08-04T16:00:00Z,,,2026-07-28T00:00:00Z
ocds-9t57fa-163735,RFQJW77SC26 ,Johannesburg Water,Gauteng,complete,"['Electrical', 'Supply of goods']","[{'industry': 'Electrical', 'score': 2.0, 'reasons': [""category field contains 'electrical'"", ""text fuzzy-matches 'electrical' (similarity 1.00)""]}, {'industry': 'Supply of goods', 'score': 0.97, 'reasons': [""text fuzzy-matches 'supply and delivery' (similarity 0.97)""]}]",False,,0,ZAR,2026-08-04T16:00:00Z,,,2026-07-28T00:00:00Z
ocds-9t57fa-163737,RFQJW78SC26 ,Johannesburg Water,Gauteng,complete,"['Electrical', 'Supply of goods']","[{'industry': 'Electrical', 'score': 2.0, 'reasons': [""category field contains 'electrical'"", ""text fuzzy-matches 'electrical' (similarity 1.00)""]}, {'industry': 'Supply of goods', 'score': 0.97, 'reasons': [""text fuzzy-matches 'supply and delivery' (similarity 0.97)""]}]",False,,0,ZAR,2026-08-04T16:00:00Z,,,2026-07-28T00:00:00Z
ocds-9t57fa-163749,RFQJW79SC26 ,Johannesburg Water,Gauteng,complete,"['Electrical', 'Health & medical']","[{'industry': 'Electrical', 'score': 1.0, 'reasons': [""category field contains 'electrical'""]}, {'industry': 'Health & medical', 'score': 1.0, 'reasons': [""text fuzzy-matches 'medical' (similarity 1.00)""]}]",False,,0,ZAR,2026-08-04T16:00:00Z,,,2026-07-28T00:00:00Z
ocds-9t57fa-163743,Q10-2026-27,City of Tshwane,Gauteng,complete,['Professional & consulting services'],"[{'industry': 'Professional & consulting services', 'score': 1.0, 'reasons': [""category field contains 'consulting'""]}]",False,,0,ZAR,2026-08-05T10:00:00Z,,,2026-07-28T00:00:00Z
ocds-9t57fa-163771,RFQ 169-2026,South African Diamond and Precious Metals Regulator,Gauteng,complete,['Other / uncategorised'],"[{'industry': 'Other / uncategorised', 'score': 0.0, 'reasons': []}]",False,,0,ZAR,2026-08-05T11:00:00Z,,,2026-07-28T00:00:00Z
ocds-9t57fa-163718,ECR/HCM/07/07/2026,Passenger Rail Agency of South Africa,Eastern Cape,complete,['Other / uncategorised'],"[{'industry': 'Other / uncategorised', 'score': 0.0, 'reasons': []}]",False,,0,ZAR,2026-08-05T12:00:00Z,,,2026-07-28T00:00:00Z
ocds-9t57fa-163731,RFQ: GSM053/2026,South African Airways (Pty) Limited,National,complete,['Other / uncategorised'],"[{'industry': 'Other / uncategorised', 'score': 0.0, 'reasons': []}]",False,,0,ZAR,2026-08-05T16:00:00Z,,,2026-07-28T00:00:00Z
ocds-9t57fa-163701,10372980,Passenger Rail Agency of South Africa,Western Cape,complete,['Other / uncategorised'],"[{'industry': 'Other / uncategorised', 'score': 0.0, 'reasons': []}]",False,,0,ZAR,2026-08-05T23:30:00Z,,,2026-07-28T00:00:00Z
ocds-9t57fa-163722,DMP/10/26/GAU-HCM,Passenger Rail Agency of South Africa,Gauteng,complete,['Other / uncategorised'],"[{'industry': 'Other / uncategorised', 'score': 0.0, 'reasons': []}]",False,,0,ZAR,2026-08-06T10:00:00Z,,,2026-07-28T00:00:00Z
ocds-9t57fa-163725,DMP/02/26/GAU-HCM/1,Passenger Rail Agency of South Africa,Gauteng,complete,['Other / uncategorised'],"[{'industry': 'Other / uncategorised', 'score': 0.0, 'reasons': []}]",False,,0,ZAR,2026-08-06T10:00:00Z,,,2026-07-28T00:00:00Z
ocds-9t57fa-163759,DMP/03/26/GAU-HCM/1,Passenger Rail Agency of South Africa,Gauteng,complete,['Other / uncategorised'],"[{'industry': 'Other / uncategorised', 'score': 0.0, 'reasons': []}]",False,,0,ZAR,2026-08-06T10:00:00Z,,,2026-07-28T00:00:00Z
ocds-9t57fa-163700,RFQ 160,"The Department of Planning, Monitoring and Evaluation",Gauteng,complete,['Other / uncategorised'],"[{'industry': 'Other / uncategorised', 'score': 0.0, 'reasons': []}]",False,,0,ZAR,2026-08-06T11:00:00Z,,,2026-07-28T00:00:00Z
ocds-9t57fa-163756,RFQ 2026-07-21-0002385-80101500,South African Local Government Association,National,complete,['Professional & consulting services'],"[{'industry': 'Professional & consulting services', 'score': 1.0, 'reasons': [""category field contains 'consulting'""]}]",False,,0,ZAR,2026-08-06T11:00:00Z,,,2026-07-28T00:00:00Z
ocds-9t57fa-163720,166/2026,Kouga Municipality,Eastern Cape,complete,['Supply of goods'],"[{'industry': 'Supply of goods', 'score': 1.0, 'reasons': [""text fuzzy-matches 'supply and delivery' (similarity 1.00)""]}]",False,,0,ZAR,2026-08-06T12:00:00Z,,,2026-07-28T00:00:00Z
ocds-9t57fa-163723,167/2026,Kouga Municipality,Eastern Cape,complete,['Supply of goods'],"[{'industry': 'Supply of goods', 'score': 1.0, 'reasons': [""text fuzzy-matches 'supply and delivery' (similarity 1.00)""]}]",False,,0,ZAR,2026-08-06T12:00:00Z,,,2026-07-28T00:00:00Z
ocds-9t57fa-163728,VCW27/004 ,Vaal Central Water,Free State,complete,"['Professional & consulting services', 'Mechanical & HVAC']","[{'industry': 'Professional & consulting services', 'score': 1.0, 'reasons': [""category field contains 'consulting'""]}, {'industry': 'Mechanical & HVAC', 'score': 0.88, 'reasons': [""text fuzzy-matches 'refrigeration' (similarity 0.88)""]}]",False,,0,ZAR,2026-08-06T12:00:00Z,,,2026-07-28T00:00:00Z
ocds-9t57fa-163559,N07/2026/2027,Thulamela Local Municipality,Limpopo,complete,['Other / uncategorised'],"[{'industry': 'Other / uncategorised', 'score': 0.0, 'reasons': []}]",False,,0,ZAR,2026-08-07T11:00:00Z,,,2026-07-28T00:00:00Z
ocds-9t57fa-163709,ATNS/RFQ/02/2026/20/CSI_NPO Donation Re-advert,Air Traffic and Navigation Services Company Limited,Northern Cape,complete,['Supply of goods'],"[{'industry': 'Supply of goods', 'score': 1.0, 'reasons': [""text fuzzy-matches 'supply and delivery' (similarity 1.00)""]}]",False,,0,ZAR,2026-08-07T11:00:00Z,,,2026-07-28T00:00:00Z
ocds-9t57fa-163730,RFQ00082/2026,Eastern Cape - Eastern Cape Development Corporation,Eastern Cape,complete,['Other / uncategorised'],"[{'industry': 'Other / uncategorised', 'score': 0.0, 'reasons': []}]",False,,0,ZAR,2026-08-07T12:00:00Z,,,2026-07-28T00:00:00Z
ocds-9t57fa-163770,LP00209ML Notification of award,ESKOM,Mpumalanga,complete,['Construction & civil'],"[{'industry': 'Construction & civil', 'score': 1.0, 'reasons': [""category field contains 'construction'""]}]",False,,0,ZAR,2026-08-11T10:00:00Z,,,2026-07-28T00:00:00Z
ocds-9t57fa-163762,NMQ 0211 OF 2026,Msunduzi Museum,KwaZulu-Natal,complete,"['Construction & civil', 'Transport & logistics']","[{'industry': 'Construction & civil', 'score': 1.0, 'reasons': [""category field contains 'construction'""]}, {'industry': 'Transport & logistics', 'score': 1.0, 'reasons': [""text fuzzy-matches 'freight' (similarity 1.00)""]}]",False,,0,ZAR,2026-08-11T11:00:00Z,,,2026-07-28T00:00:00Z
ocds-9t57fa-163765,SLM/SCM/05/2026/2027,Sakhisizwe Local Municipality,Eastern Cape,complete,['Electrical'],"[{'industry': 'Electrical', 'score': 1.0, 'reasons': [""category field contains 'electrical'""]}]",False,,0,ZAR,2026-08-11T12:00:00Z,,,2026-07-28T00:00:00Z
ocds-9t57fa-163766,SLM/SCM/06/2026/2027,Sakhisizwe Local Municipality,Eastern Cape,complete,"['Electrical', 'Supply of goods']","[{'industry': 'Electrical', 'score': 2.0, 'reasons': [""category field contains 'electrical'"", ""text fuzzy-matches 'electrical' (similarity 1.00)""]}, {'industry': 'Supply of goods', 'score': 1.0, 'reasons': [""text fuzzy-matches 'supply and delivery' (similarity 1.00)""]}]",False,,0,ZAR,2026-08-11T12:00:00Z,,,2026-07-28T00:00:00Z
ocds-9t57fa-163767,RE:SLM/SCM/66/2025/2025,Sakhisizwe Local Municipality,Eastern Cape,complete,['Other / uncategorised'],"[{'industry': 'Other / uncategorised', 'score': 0.0, 'reasons': []}]",False,,0,ZAR,2026-08-11T12:00:00Z,,,2026-07-28T00:00:00Z
ocds-9t57fa-163768,SLM/SCM/07/2026/2027,Sakhisizwe Local Municipality,Eastern Cape,complete,['Construction & civil'],"[{'industry': 'Construction & civil', 'score': 1.0, 'reasons': [""text fuzzy-matches 'construction' (similarity 1.00)""]}]",False,,0,ZAR,2026-08-11T12:00:00Z,,,2026-07-28T00:00:00Z
ocds-9t57fa-163760,NMQ 0213 OF 2026,Msunduzi Museum,KwaZulu-Natal,complete,"['Construction & civil', 'Agriculture']","[{'industry': 'Construction & civil', 'score': 1.0, 'reasons': [""category field contains 'construction'""]}, {'industry': 'Agriculture', 'score': 1.0, 'reasons': [""text fuzzy-matches 'irrigation' (similarity 1.00)""]}]",False,,0,ZAR,2026-08-11T16:00:00Z,,,2026-07-28T00:00:00Z
ocds-9t57fa-163761,RFP069-070/2026,Development Bank of Southern Africa,National,complete,"['Electrical', 'Health & medical']","[{'industry': 'Electrical', 'score': 1.0, 'reasons': [""category field contains 'electrical'""]}, {'industry': 'Health & medical', 'score': 1.0, 'reasons': [""text fuzzy-matches 'hospital' (similarity 1.00)""]}]",False,,0,ZAR,2026-08-12T00:00:00Z,,,2026-07-28T00:00:00Z
ocds-9t57fa-163761,RFP069-070/2026,Development Bank of Southern Africa,National,complete,"['Electrical', 'Health & medical']","[{'industry': 'Electrical', 'score': 1.0, 'reasons': [""category field contains 'electrical'""]}, {'industry': 'Health & medical', 'score': 1.0, 'reasons': [""text fuzzy-matches 'hospital' (similarity 1.00)""]}]",False,,0,ZAR,2026-08-12T00:00:00Z,,,2026-07-28T00:00:00Z
ocds-9t57fa-164051,SS 2026/65210/1027/014,South African National Roads Agency Soc Limited (SANRAL),KwaZulu-Natal,active,['Construction & civil'],"[{'industry': 'Construction & civil', 'score': 0.89, 'reasons': [""text fuzzy-matches 'roads' (similarity 0.89)""]}]",False,2026-08-07T00:00:00Z,0,ZAR,2026-07-28T11:00:00Z,,216000.0,2026-07-27T00:00:00Z
ocds-9t57fa-165161,SIN-142,Council for Scientific and Industrial Research (CSIR),Gauteng,active,['Other / uncategorised'],"[{'industry': 'Other / uncategorised', 'score': 0.0, 'reasons': []}]",False,,0,ZAR,2026-07-28T11:00:00Z,,6877161.0,2026-07-27T00:00:00Z
ocds-9t57fa-165352,PU80111/002 ,Council for Scientific and Industrial Research (CSIR),Gauteng,active,['Professional & consulting services'],"[{'industry': 'Professional & consulting services', 'score': 1.0, 'reasons': [""category field contains 'consulting'""]}]",True,2026-07-31T00:00:00Z,0,ZAR,2026-07-28T11:00:00Z,,15000000.0,2026-07-27T00:00:00Z
ocds-9t57fa-165403,Dev004,Banking Sector Education and Training Authority,Gauteng,active,['Professional & consulting services'],"[{'industry': 'Professional & consulting services', 'score': 1.0, 'reasons': [""category field contains 'consulting'""]}]",False,,0,ZAR,2026-07-29T11:00:00Z,,3252660.0,2026-07-27T00:00:00Z
ocds-9t57fa-167082,POU0000617,Justice & Constitutional Development,Gauteng,active,['Other / uncategorised'],"[{'industry': 'Other / uncategorised', 'score': 0.0, 'reasons': []}]",False,,0,ZAR,2026-07-31T16:00:00Z,,1588400.0,2026-07-27T00:00:00Z
ocds-9t57fa-163577,00100222180OR,Medical Research Council of South Africa,Western Cape,active,['Professional & consulting services'],"[{'industry': 'Professional & consulting services', 'score': 1.0, 'reasons': [""category field contains 'consulting'""]}]",False,,0,ZAR,2026-08-03T12:00:00Z,,82319875.0,2026-07-27T00:00:00Z
ocds-9t57fa-163630,RFQ Number: 4579/26,South African Weather Service,Gauteng,active,['Professional & consulting services'],"[{'industry': 'Professional & consulting services', 'score': 1.0, 'reasons': [""category field contains 'consulting'""]}]",False,2026-08-27T00:00:00Z,0,ZAR,2026-08-04T11:00:00Z,,16100000.0,2026-07-27T00:00:00Z
ocds-9t57fa-165158,SIN-131,Council for Scientific and Industrial Research (CSIR),Gauteng,complete,"['ICT & telecommunications', 'Construction & civil']","[{'industry': 'ICT & telecommunications', 'score': 1.0, 'reasons': [""text fuzzy-matches 'software' (similarity 1.00)""]}, {'industry': 'Construction & civil', 'score': 0.94, 'reasons': [""text fuzzy-matches 'building' (similarity 0.94)""]}]",False,,0,ZAR,2026-07-28T11:00:00Z,,,2026-07-27T00:00:00Z
ocds-9t57fa-163572,RFQ044/2026,Artscape,Western Cape,complete,['Other / uncategorised'],"[{'industry': 'Other / uncategorised', 'score': 0.0, 'reasons': []}]",False,,0,ZAR,2026-07-29T12:00:00Z,,,2026-07-27T00:00:00Z
ocds-9t57fa-163566,RFQ2-2026,Limpopo - Limpopo Tourism Agency,Limpopo,complete,['Other / uncategorised'],"[{'industry': 'Other / uncategorised', 'score': 0.0, 'reasons': []}]",False,,0,ZAR,2026-07-30T11:00:00Z,,,2026-07-27T00:00:00Z
ocds-9t57fa-163567,E3214GXMPGRO CANCELLATION,ESKOM,Mpumalanga,complete,"['Security services', 'Professional & consulting services']","[{'industry': 'Security services', 'score': 1.0, 'reasons': [""text fuzzy-matches 'security services' (similarity 1.00)""]}, {'industry': 'Professional & consulting services', 'score': 1.0, 'reasons': [""category field contains 'consulting'""]}]",False,,0,ZAR,2026-07-31T10:00:00Z,,,2026-07-27T00:00:00Z
ocds-9t57fa-163542,(RFQ NO.031/2026),National Regulator for Compulsory Specifications,Gauteng,complete,['Supply of goods'],"[{'industry': 'Supply of goods', 'score': 1.0, 'reasons': [""text fuzzy-matches 'supply and delivery' (similarity 1.00)""]}]",False,,0,ZAR,2026-07-31T11:00:00Z,,,2026-07-27T00:00:00Z
ocds-9t57fa-163591,RFQ/FAC/26/27/112,"Manufacturing, Engineering and Related Services SETA (merSETA)",Eastern Cape,complete,['Security services'],"[{'industry': 'Security services', 'score': 2.0, 'reasons': [""category field contains 'security services'"", ""text fuzzy-matches 'security services' (similarity 1.00)""]}]",False,,0,ZAR,2026-07-31T12:00:00Z,,,2026-07-27T00:00:00Z
ocds-9t57fa-163639,TPT/2026/07/0827/9240/RFQ,Transnet SOC Ltd,KwaZulu-Natal,complete,['Other / uncategorised'],"[{'industry': 'Other / uncategorised', 'score': 0.0, 'reasons': []}]",False,,0,ZAR,2026-07-31T12:00:00Z,,,2026-07-27T00:00:00Z
ocds-9t57fa-163558,E2392DXGOUU,ESKOM,Gauteng,complete,['Electrical'],"[{'industry': 'Electrical', 'score': 1.0, 'reasons': [""category field contains 'electrical'""]}]",False,,0,ZAR,2026-08-01T17:00:00Z,,,2026-07-27T00:00:00Z
ocds-9t57fa-163589,RFQ 357 2025/26,Special Investigation Unit,Gauteng,complete,['Professional & consulting services'],"[{'industry': 'Professional & consulting services', 'score': 1.0, 'reasons': [""category field contains 'consulting'""]}]",False,,0,ZAR,2026-08-03T06:00:00Z,,,2026-07-27T00:00:00Z
ocds-9t57fa-162640,ZNQUMGDO 27-26/27,Kwazulu Natal - Public Works (Head Office),KwaZulu-Natal,complete,"['Construction & civil', 'ICT & telecommunications']","[{'industry': 'Construction & civil', 'score': 1.94, 'reasons': [""category field contains 'construction'"", ""text fuzzy-matches 'building' (similarity 0.94)""]}, {'industry': 'ICT & telecommunications', 'score': 1.0, 'reasons': [""text fuzzy-matches 'ict' (similarity 1.00)""]}]",False,,0,ZAR,2026-08-03T11:00:00Z,,,2026-07-27T00:00:00Z
ocds-9t57fa-162646,ZNQUMGDO 58-26/27,Kwazulu Natal - Public Works (Head Office),KwaZulu-Natal,complete,"['Construction & civil', 'Agriculture']","[{'industry': 'Construction & civil', 'score': 1.0, 'reasons': [""category field contains 'construction'""]}, {'industry': 'Agriculture', 'score': 1.0, 'reasons': [""text fuzzy-matches 'agriculture' (similarity 1.00)""]}]",False,,0,ZAR,2026-08-03T11:00:00Z,,,2026-07-27T00:00:00Z
ocds-9t57fa-162653,ZNQUMGDO 61-26/27,Kwazulu Natal - Public Works (Head Office),KwaZulu-Natal,complete,"['Construction & civil', 'Agriculture']","[{'industry': 'Construction & civil', 'score': 1.0, 'reasons': [""category field contains 'construction'""]}, {'industry': 'Agriculture', 'score': 1.0, 'reasons': [""text fuzzy-matches 'agriculture' (similarity 1.00)""]}]",False,,0,ZAR,2026-08-03T11:00:00Z,,,2026-07-27T00:00:00Z
ocds-9t57fa-163582,OVG 2 (007) 2026/2027,Office Of The Valuer-General,Gauteng,complete,['Other / uncategorised'],"[{'industry': 'Other / uncategorised', 'score': 0.0, 'reasons': []}]",False,,0,ZAR,2026-08-03T11:00:00Z,,,2026-07-27T00:00:00Z
ocds-9t57fa-163634,1003748,DENEL (Pty) Ltd,Gauteng,complete,['Mechanical & HVAC'],"[{'industry': 'Mechanical & HVAC', 'score': 1.0, 'reasons': [""text fuzzy-matches 'pump' (similarity 1.00)""]}]",False,,0,ZAR,2026-08-03T11:00:00Z,,,2026-07-27T00:00:00Z
ocds-9t57fa-163662,CPSC-B-127-2026,Defence,Gauteng,complete,['Supply of goods'],"[{'industry': 'Supply of goods', 'score': 1.0, 'reasons': [""text fuzzy-matches 'supply and delivery' (similarity 1.00)""]}]",False,,0,ZAR,2026-08-03T11:00:00Z,,,2026-07-27T00:00:00Z
ocds-9t57fa-163570,600080620,Johannesburg Water,Gauteng,complete,['Supply of goods'],"[{'industry': 'Supply of goods', 'score': 0.89, 'reasons': [""text fuzzy-matches 'supply and delivery' (similarity 0.89)""]}]",False,,0,ZAR,2026-08-03T12:00:00Z,,,2026-07-27T00:00:00Z
ocds-9t57fa-163605,6000080621,Johannesburg Water,Gauteng,complete,['Supply of goods'],"[{'industry': 'Supply of goods', 'score': 0.97, 'reasons': [""text fuzzy-matches 'supply and delivery' (similarity 0.97)""]}]",False,,0,ZAR,2026-08-03T12:00:00Z,,,2026-07-27T00:00:00Z
ocds-9t57fa-163610,RFQJW58BZ2026 - (re-advert),Johannesburg Water,Gauteng,complete,['Other / uncategorised'],"[{'industry': 'Other / uncategorised', 'score': 0.0, 'reasons': []}]",False,,0,ZAR,2026-08-03T12:00:00Z,,,2026-07-27T00:00:00Z
ocds-9t57fa-163644,SCM/MLM/39/26-27,Mnquma Local Municipality,Eastern Cape,complete,['Supply of goods'],"[{'industry': 'Supply of goods', 'score': 1.0, 'reasons': [""text fuzzy-matches 'supply and delivery' (similarity 1.00)""]}]",False,,0,ZAR,2026-08-03T12:00:00Z,,,2026-07-27T00:00:00Z
ocds-9t57fa-163647,SCM/MLM/38/26-27,Mnquma Local Municipality,Eastern Cape,complete,['Other / uncategorised'],"[{'industry': 'Other / uncategorised', 'score': 0.0, 'reasons': []}]",False,,0,ZAR,2026-08-03T12:00:00Z,,,2026-07-27T00:00:00Z
ocds-9t57fa-163655,SCM/MLM/17/26-27,Mnquma Local Municipality,Eastern Cape,complete,['Other / uncategorised'],"[{'industry': 'Other / uncategorised', 'score': 0.0, 'reasons': []}]",False,,0,ZAR,2026-08-03T12:00:00Z,,,2026-07-27T00:00:00Z
ocds-9t57fa-163657,SCM/MLM/19/26-27,Mnquma Local Municipality,Eastern Cape,complete,['Other / uncategorised'],"[{'industry': 'Other / uncategorised', 'score': 0.0, 'reasons': []}]",False,,0,ZAR,2026-08-03T12:00:00Z,,,2026-07-27T00:00:00Z
ocds-9t57fa-163564,PRA/DRVR/ACCOMM/ACORNHOEK/07/2026,Passenger Rail Agency of South Africa,Mpumalanga,complete,['Other / uncategorised'],"[{'industry': 'Other / uncategorised', 'score': 0.0, 'reasons': []}]",False,,0,ZAR,2026-08-03T12:30:00Z,,,2026-07-27T00:00:00Z
ocds-9t57fa-163649,RQN00000218941,Commission for Conciliation Mediation & Arbitration,Gauteng,complete,['Other / uncategorised'],"[{'industry': 'Other / uncategorised', 'score': 0.0, 'reasons': []}]",False,,0,ZAR,2026-08-03T14:00:00Z,,,2026-07-27T00:00:00Z
ocds-9t57fa-163583,RFQJW01SM26,Johannesburg Water,Gauteng,complete,['Supply of goods'],"[{'industry': 'Supply of goods', 'score': 1.0, 'reasons': [""text fuzzy-matches 'supply and delivery' (similarity 1.00)""]}]",False,,0,ZAR,2026-08-03T16:00:00Z,,,2026-07-27T00:00:00Z
ocds-9t57fa-163779,RFQJW094TN26 (RE-ADVERT),Johannesburg Water,Gauteng,complete,['Other / uncategorised'],"[{'industry': 'Other / uncategorised', 'score': 0.0, 'reasons': []}]",False,,0,ZAR,2026-08-03T16:00:00Z,,,2026-07-27T00:00:00Z
ocds-9t57fa-163780,RFQJW028TN26 (JULY),Johannesburg Water,Gauteng,complete,['Other / uncategorised'],"[{'industry': 'Other / uncategorised', 'score': 0.0, 'reasons': []}]",False,,0,ZAR,2026-08-03T16:00:00Z,,,2026-07-27T00:00:00Z
ocds-9t57fa-163782,RFQJW097TN26 (RE-ADVERT),Johannesburg Water,Gauteng,complete,['Other / uncategorised'],"[{'industry': 'Other / uncategorised', 'score': 0.0, 'reasons': []}]",False,,0,ZAR,2026-08-03T16:00:00Z,,,2026-07-27T00:00:00Z
ocds-9t57fa-163620,'RFQ 039-26,National Regulator for Compulsory Specifications,Western Cape,complete,['Supply of goods'],"[{'industry': 'Supply of goods', 'score': 1.0, 'reasons': [""text fuzzy-matches 'supply and delivery' (similarity 1.00)""]}]",False,,0,ZAR,2026-08-04T11:00:00Z,,,2026-07-27T00:00:00Z
ocds-9t57fa-163586,ReA-8/3/2-38/2026,Govan Mbeki Local Municipality,Mpumalanga,complete,['Professional & consulting services'],"[{'industry': 'Professional & consulting services', 'score': 1.0, 'reasons': [""category field contains 'consulting'""]}]",False,,0,ZAR,2026-08-04T12:00:00Z,,,2026-07-27T00:00:00Z
ocds-9t57fa-163603,IHLM/04/2026-27/MM's,Ingquza Hill Local Municipality,Eastern Cape,complete,['Professional & consulting services'],"[{'industry': 'Professional & consulting services', 'score': 1.0, 'reasons': [""category field contains 'consulting'""]}]",False,,0,ZAR,2026-08-04T12:00:00Z,,,2026-07-27T00:00:00Z
ocds-9t57fa-163611,ASA 08/07/2026,Agrément South Africa,National,complete,['Professional & consulting services'],"[{'industry': 'Professional & consulting services', 'score': 1.0, 'reasons': [""category field contains 'consulting'""]}]",False,,0,ZAR,2026-08-04T12:00:00Z,,,2026-07-27T00:00:00Z
ocds-9t57fa-163611,ASA 08/07/2026,Agrément South Africa,National,complete,['Professional & consulting services'],"[{'industry': 'Professional & consulting services', 'score': 1.0, 'reasons': [""category field contains 'consulting'""]}]",False,,0,ZAR,2026-08-04T12:00:00Z,,,2026-07-27T00:00:00Z
ocds-9t57fa-163648,SCM/MLM/46/26-27,Mnquma Local Municipality,Eastern Cape,complete,['Other / uncategorised'],"[{'industry': 'Other / uncategorised', 'score': 0.0, 'reasons': []}]",False,,0,ZAR,2026-08-04T12:00:00Z,,,2026-07-27T00:00:00Z
ocds-9t57fa-163654,SCM/MLM/18/26-27,Mnquma Local Municipality,Eastern Cape,complete,['Other / uncategorised'],"[{'industry': 'Other / uncategorised', 'score': 0.0, 'reasons': []}]",False,,0,ZAR,2026-08-04T12:00:00Z,,,2026-07-27T00:00:00Z
ocds-9t57fa-163656,SCM/MLM/16/26-27,Mnquma Local Municipality,Eastern Cape,complete,['Other / uncategorised'],"[{'industry': 'Other / uncategorised', 'score': 0.0, 'reasons': []}]",False,,0,ZAR,2026-08-04T12:00:00Z,,,2026-07-27T00:00:00Z
ocds-9t57fa-163618,NMQ 0212 OF 2026,Msunduzi Museum,KwaZulu-Natal,complete,['Professional & consulting services'],"[{'industry': 'Professional & consulting services', 'score': 1.0, 'reasons': [""category field contains 'consulting'""]}]",False,,0,ZAR,2026-08-04T16:00:00Z,,,2026-07-27T00:00:00Z
ocds-9t57fa-163592,(RFQ No: 014/2026),National Regulator for Compulsory Specifications,Gauteng,complete,['Professional & consulting services'],"[{'industry': 'Professional & consulting services', 'score': 1.0, 'reasons': [""category field contains 'consulting'""]}]",False,,0,ZAR,2026-08-05T11:00:00Z,,,2026-07-27T00:00:00Z
ocds-9t57fa-163641,16379,Automotive Industry Development Centre (AIDC),Gauteng,complete,"['Professional & consulting services', 'Mechanical & HVAC']","[{'industry': 'Professional & consulting services', 'score': 1.0, 'reasons': [""category field contains 'consulting'""]}, {'industry': 'Mechanical & HVAC', 'score': 0.89, 'reasons': [""text fuzzy-matches 'mechanical' (similarity 0.89)""]}]",False,,0,ZAR,2026-08-05T11:00:00Z,,,2026-07-27T00:00:00Z
ocds-9t57fa-163550,LTAQ006-26/27,Limpopo - Limpopo Tourism Agency,Limpopo,complete,['Cleaning & facilities'],"[{'industry': 'Cleaning & facilities', 'score': 1.0, 'reasons': [""text fuzzy-matches 'hygiene services' (similarity 1.00)""]}]",False,,0,ZAR,2026-08-05T12:00:00Z,,,2026-07-27T00:00:00Z
ocds-9t57fa-163539,RFQ/Fibre/13/26,Land and Agricultural Development Bank of South Africa,National,complete,['Professional & consulting services'],"[{'industry': 'Professional & consulting services', 'score': 1.0, 'reasons': [""category field contains 'consulting'""]}]",False,,0,ZAR,2026-08-05T16:00:00Z,,,2026-07-27T00:00:00Z
ocds-9t57fa-163632,RFQ-KZN.M27JULY096,KwaZulu-Natal Museum,KwaZulu-Natal,complete,['Security services'],"[{'industry': 'Security services', 'score': 1.0, 'reasons': [""text fuzzy-matches 'security services' (similarity 1.00)""]}]",False,,0,ZAR,2026-08-05T16:00:00Z,,,2026-07-27T00:00:00Z
ocds-9t57fa-163574,SAST/RFQ/2026- 2027/494,The South African State Theatre,Gauteng,complete,['Mechanical & HVAC'],"[{'industry': 'Mechanical & HVAC', 'score': 1.0, 'reasons': [""category field contains 'air conditioning'""]}]",False,,0,ZAR,2026-08-06T11:00:00Z,,,2026-07-27T00:00:00Z
ocds-9t57fa-163642,RFQ 202039,The South African Bureau of Standards (SABS),Eastern Cape,complete,['Other / uncategorised'],"[{'industry': 'Other / uncategorised', 'score': 0.0, 'reasons': []}]",False,,0,ZAR,2026-08-07T11:00:00Z,,,2026-07-27T00:00:00Z
ocds-9t57fa-163640,RFQ: GSM047/2026,South African Airways (Pty) Limited,National,complete,['Other / uncategorised'],"[{'industry': 'Other / uncategorised', 'score': 0.0, 'reasons': []}]",False,,0,ZAR,2026-08-07T16:00:00Z,,,2026-07-27T00:00:00Z
ocds-9t57fa-163622,ERI2025TSS18RG,ESKOM,Gauteng,complete,['Electrical'],"[{'industry': 'Electrical', 'score': 0.96, 'reasons': [""text fuzzy-matches 'transformer' (similarity 0.96)""]}]",False,,0,ZAR,2026-08-10T11:00:00Z,,,2026-07-27T00:00:00Z
ocds-9t57fa-163628,RFQ 4545/26,South African Weather Service,Gauteng,complete,"['ICT & telecommunications', 'Supply of goods']","[{'industry': 'ICT & telecommunications', 'score': 1.0, 'reasons': [""text fuzzy-matches 'network' (similarity 1.00)""]}, {'industry': 'Supply of goods', 'score': 1.0, 'reasons': [""text fuzzy-matches 'supply and delivery' (similarity 1.00)""]}]",False,,0,ZAR,2026-08-10T11:00:00Z,,,2026-07-27T00:00:00Z
ocds-9t57fa-163663,E3292GXNOU,ESKOM,Western Cape,complete,['Other / uncategorised'],"[{'industry': 'Other / uncategorised', 'score': 0.0, 'reasons': []}]",False,,0,ZAR,2026-08-11T11:00:00Z,,,2026-07-27T00:00:00Z
ocds-9t57fa-163627,ASA 07/07/2026,Agrément South Africa,National,complete,['Professional & consulting services'],"[{'industry': 'Professional & consulting services', 'score': 1.0, 'reasons': [""category field contains 'consulting'""]}]",False,,0,ZAR,2026-08-11T12:00:00Z,,,2026-07-27T00:00:00Z
ocds-9t57fa-163653,SCM/MLM/08/26-27,Mnquma Local Municipality,Eastern Cape,complete,['Agriculture'],"[{'industry': 'Agriculture', 'score': 0.87, 'reasons': [""text fuzzy-matches 'agriculture' (similarity 0.87)""]}]",False,,0,ZAR,2026-08-11T12:00:00Z,,,2026-07-27T00:00:00Z
ocds-9t57fa-163590,Q 06 EDTEA 26/27,"Kwazulu Natal - Economic Development, Tourism and Environ Affairs",KwaZulu-Natal,complete,"['Construction & civil', 'Professional & consulting services']","[{'industry': 'Construction & civil', 'score': 1.0, 'reasons': [""text fuzzy-matches 'construction' (similarity 1.00)""]}, {'industry': 'Professional & consulting services', 'score': 1.0, 'reasons': [""category field contains 'consulting'""]}]",False,,0,ZAR,2026-08-11T15:00:00Z,,,2026-07-27T00:00:00Z
ocds-9t57fa-163607,E3271GXMPHEN,ESKOM,Mpumalanga,complete,['Other / uncategorised'],"[{'industry': 'Other / uncategorised', 'score': 0.0, 'reasons': []}]",False,,0,ZAR,2026-08-12T10:00:00Z,,,2026-07-27T00:00:00Z
ocds-9t57fa-163624,E3299GXMPGRO,ESKOM,Mpumalanga,complete,"['Security services', 'Professional & consulting services']","[{'industry': 'Security services', 'score': 1.0, 'reasons': [""text fuzzy-matches 'security services' (similarity 1.00)""]}, {'industry': 'Professional & consulting services', 'score': 1.0, 'reasons': [""category field contains 'consulting'""]}]",False,,0,ZAR,2026-08-12T10:00:00Z,,,2026-07-27T00:00:00Z
ocds-9t57fa-163538,NLM-QUO-26/116,South African Nuclear Energy Corporation Limited,North West,complete,['Other / uncategorised'],"[{'industry': 'Other / uncategorised', 'score': 0.0, 'reasons': []}]",False,,0,ZAR,2026-08-07T17:00:00Z,,,2026-07-26T00:00:00Z
ocds-9t57fa-163500,SCMU8-26/27-0107,Eastern Cape - Agriculture,Eastern Cape,complete,"['Professional & consulting services', 'Agriculture']","[{'industry': 'Professional & consulting services', 'score': 1.0, 'reasons': [""category field contains 'consulting'""]}, {'industry': 'Agriculture', 'score': 0.87, 'reasons': [""text fuzzy-matches 'agriculture' (similarity 0.87)""]}]",False,,0,ZAR,2026-08-17T11:00:00Z,,,2026-07-26T00:00:00Z
ocds-9t57fa-163501,SCMU8-26/27-0114,Eastern Cape - Agriculture,Eastern Cape,complete,"['Agriculture', 'Supply of goods']","[{'industry': 'Agriculture', 'score': 1.0, 'reasons': [""text fuzzy-matches 'irrigation' (similarity 1.00)""]}, {'industry': 'Supply of goods', 'score': 1.0, 'reasons': [""text fuzzy-matches 'supply and delivery' (similarity 1.00)""]}]",False,,0,ZAR,2026-08-17T11:00:00Z,,,2026-07-26T00:00:00Z
ocds-9t57fa-163507,ITVETC00010/07/2026,IKHALA PUBLIC TVET COLLEGE,Eastern Cape,complete,['Other / uncategorised'],"[{'industry': 'Other / uncategorised', 'score': 0.0, 'reasons': []}]",False,,0,ZAR,2026-08-17T11:00:00Z,,,2026-07-26T00:00:00Z
ocds-9t57fa-163505,ITVETC009/07/2026,IKHALA PUBLIC TVET COLLEGE,Eastern Cape,complete,['Construction & civil'],"[{'industry': 'Construction & civil', 'score': 2.0, 'reasons': [""category field contains 'construction'"", ""text fuzzy-matches 'building' (similarity 1.00)""]}]",False,,0,ZAR,2026-08-21T11:00:00Z,,,2026-07-26T00:00:00Z
ocds-9t57fa-163518,UMZ/2026-27/LED/003,Umzimvubu Local Municipality,Eastern Cape,complete,['Supply of goods'],"[{'industry': 'Supply of goods', 'score': 0.97, 'reasons': [""text fuzzy-matches 'supply and delivery' (similarity 0.97)""]}]",False,,0,ZAR,2026-08-25T12:00:00Z,,,2026-07-26T00:00:00Z
ocds-9t57fa-163517,UMZ/2026-27/INFRA/TP/001,Umzimvubu Local Municipality,Eastern Cape,complete,"['Professional & consulting services', 'Cleaning & facilities']","[{'industry': 'Professional & consulting services', 'score': 1.0, 'reasons': [""text fuzzy-matches 'land surveying' (similarity 1.00)""]}, {'industry': 'Cleaning & facilities', 'score': 0.88, 'reasons': [""text fuzzy-matches 'cleaning services' (similarity 0.88)""]}]",False,,0,ZAR,2026-08-26T12:00:00Z,,,2026-07-26T00:00:00Z
ocds-9t57fa-163502,SCMU4-26/27-0006,Eastern Cape - Social Development and Special Programmes,Eastern Cape,complete,['Other / uncategorised'],"[{'industry': 'Other / uncategorised', 'score': 0.0, 'reasons': []}]",False,,0,ZAR,2026-08-27T11:00:00Z,,,2026-07-26T00:00:00Z
ocds-9t57fa-163499,RFQ Learnership,Land and Agricultural Development Bank of South Africa,National,complete,['Other / uncategorised'],"[{'industry': 'Other / uncategorised', 'score': 0.0, 'reasons': []}]",False,,0,ZAR,2026-07-29T16:00:00Z,,,2026-07-25T00:00:00Z
ocds-9t57fa-163448,SCMP 01/06/01R,The Presidency,Gauteng,complete,['Other / uncategorised'],"[{'industry': 'Other / uncategorised', 'score': 0.0, 'reasons': []}]",False,,0,ZAR,2026-07-30T11:00:00Z,,,2026-07-25T00:00:00Z
ocds-9t57fa-163369,BSM 122/26,Stellenbosch Municipality,Western Cape,complete,"['Professional & consulting services', 'Construction & civil']","[{'industry': 'Professional & consulting services', 'score': 1.0, 'reasons': [""category field contains 'consulting'""]}, {'industry': 'Construction & civil', 'score': 0.95, 'reasons': [""text fuzzy-matches 'renovation' (similarity 0.95)""]}]",False,,0,ZAR,2026-08-24T12:00:00Z,,,2026-07-25T00:00:00Z
ocds-9t57fa-163384,BSM 126/26,Stellenbosch Municipality,Western Cape,complete,['Construction & civil'],"[{'industry': 'Construction & civil', 'score': 1.0, 'reasons': [""category field contains 'construction'""]}]",False,,0,ZAR,2026-08-24T12:00:00Z,,,2026-07-25T00:00:00Z
ocds-9t57fa-165167,SSP-167,Council for Scientific and Industrial Research (CSIR),Gauteng,active,['ICT & telecommunications'],"[{'industry': 'ICT & telecommunications', 'score': 1.0, 'reasons': [""text fuzzy-matches 'software' (similarity 1.00)""]}]",False,,0,ZAR,2026-07-27T11:00:00Z,,5000000.0,2026-07-24T00:00:00Z
ocds-9t57fa-163465,PR10117389,Road Accident Fund,Limpopo,active,['Construction & civil'],"[{'industry': 'Construction & civil', 'score': 0.89, 'reasons': [""text fuzzy-matches 'roads' (similarity 0.89)""]}]",False,,0,ZAR,2026-07-30T11:00:00Z,,47285519.0,2026-07-24T00:00:00Z
ocds-9t57fa-167612,DXGC1076261252,ESKOM,Northern Cape,active,"['Mechanical & HVAC', 'Supply of goods']","[{'industry': 'Mechanical & HVAC', 'score': 1.0, 'reasons': [""category field contains 'air conditioning'""]}, {'industry': 'Supply of goods', 'score': 1.0, 'reasons': [""text fuzzy-matches 'supply and delivery' (similarity 1.00)""]}]",False,2026-10-30T00:00:00Z,0,ZAR,2026-07-31T11:00:00Z,,9277800.0,2026-07-24T00:00:00Z
ocds-9t57fa-163420,POT00006D0,Justice & Constitutional Development,National,cancelled,"['Professional & consulting services', 'Mining & resources']","[{'industry': 'Professional & consulting services', 'score': 1.0, 'reasons': [""category field contains 'consulting'""]}, {'industry': 'Mining & resources', 'score': 0.86, 'reasons': [""text fuzzy-matches 'coal' (similarity 0.86)""]}]",False,,0,ZAR,2026-07-25T07:00:00Z,,2213750.0,2026-07-24T00:00:00Z
ocds-9t57fa-163422,POT00006XB,Justice & Constitutional Development,National,cancelled,['Professional & consulting services'],"[{'industry': 'Professional & consulting services', 'score': 1.0, 'reasons': [""category field contains 'consulting'""]}]",False,2025-11-30T00:00:00Z,0,ZAR,2026-07-25T07:00:00Z,,40250000.0,2026-07-24T00:00:00Z
ocds-9t57fa-165159,SIN-136,Council for Scientific and Industrial Research (CSIR),Gauteng,complete,['Electrical'],"[{'industry': 'Electrical', 'score': 1.0, 'reasons': [""category field contains 'electrical'""]}]",False,,0,ZAR,2026-07-27T11:00:00Z,,,2026-07-24T00:00:00Z
ocds-9t57fa-163452,TPT/2026/07/0828/9245/RFQ 164069,Transnet SOC Ltd,KwaZulu-Natal,complete,['Other / uncategorised'],"[{'industry': 'Other / uncategorised', 'score': 0.0, 'reasons': []}]",False,,0,ZAR,2026-07-28T13:00:00Z,,,2026-07-24T00:00:00Z
ocds-9t57fa-163383,RFQ 20-05-2026,Cross-Border Road Transport Agency,Gauteng,complete,['ICT & telecommunications'],"[{'industry': 'ICT & telecommunications', 'score': 1.0, 'reasons': [""text fuzzy-matches 'server' (similarity 1.00)""]}]",False,,0,ZAR,2026-07-29T11:00:00Z,,,2026-07-24T00:00:00Z
ocds-9t57fa-163388,IM1592026,Tourism,Gauteng,complete,['Other / uncategorised'],"[{'industry': 'Other / uncategorised', 'score': 0.0, 'reasons': []}]",False,,0,ZAR,2026-07-29T11:00:00Z,,,2026-07-24T00:00:00Z
ocds-9t57fa-165230,REQ0000002163,Public Protector South Africa,Gauteng,complete,['Other / uncategorised'],"[{'industry': 'Other / uncategorised', 'score': 0.0, 'reasons': []}]",False,,0,ZAR,2026-07-29T11:00:00Z,,,2026-07-24T00:00:00Z
ocds-9t57fa-165370,REQ0000001962,Public Protector South Africa,Gauteng,complete,['Supply of goods'],"[{'industry': 'Supply of goods', 'score': 1.0, 'reasons': [""category field contains 'stationery'""]}]",False,,0,ZAR,2026-07-29T11:00:00Z,,,2026-07-24T00:00:00Z
ocds-9t57fa-163373,SLM/SCM/02/2026/2027,Sakhisizwe Local Municipality,Eastern Cape,complete,"['Electrical', 'Supply of goods']","[{'industry': 'Electrical', 'score': 2.0, 'reasons': [""category field contains 'electrical'"", ""text fuzzy-matches 'transformer' (similarity 1.00)""]}, {'industry': 'Supply of goods', 'score': 1.0, 'reasons': [""text fuzzy-matches 'supply and delivery' (similarity 1.00)""]}]",False,,0,ZAR,2026-07-29T12:00:00Z,,,2026-07-24T00:00:00Z
ocds-9t57fa-163375,SLM/SCM/03/2026/2027,Sakhisizwe Local Municipality,Eastern Cape,complete,['Professional & consulting services'],"[{'industry': 'Professional & consulting services', 'score': 1.0, 'reasons': [""category field contains 'consulting'""]}]",False,,0,ZAR,2026-07-29T12:00:00Z,,,2026-07-24T00:00:00Z
ocds-9t57fa-163396, RFQ/CMS/ICT/8/06/2026,Council for Medical Schemes,Gauteng,complete,['Other / uncategorised'],"[{'industry': 'Other / uncategorised', 'score': 0.0, 'reasons': []}]",False,,0,ZAR,2026-07-30T00:00:00Z,,,2026-07-24T00:00:00Z
ocds-9t57fa-163376,RFQ/INS/2026/27/0017,Insurance Sector Education and Training Authority,National,complete,['Professional & consulting services'],"[{'industry': 'Professional & consulting services', 'score': 1.0, 'reasons': [""text fuzzy-matches 'advisory' (similarity 1.00)""]}]",False,,0,ZAR,2026-07-30T11:00:00Z,,,2026-07-24T00:00:00Z
ocds-9t57fa-163411,ZNQ 31/26/27,Kwazulu Natal - Public Works (Head Office),KwaZulu-Natal,complete,['ICT & telecommunications'],"[{'industry': 'ICT & telecommunications', 'score': 0.85, 'reasons': [""text fuzzy-matches 'cabling infrastructure' (similarity 0.85)""]}]",False,,0,ZAR,2026-07-30T11:00:00Z,,,2026-07-24T00:00:00Z
ocds-9t57fa-163471,RFQ/SASSETA/2627108,Safety and Security Sector Education and Training Authority (Sasseta),Gauteng,complete,['Professional & consulting services'],"[{'industry': 'Professional & consulting services', 'score': 1.0, 'reasons': [""category field contains 'consulting'""]}]",False,,0,ZAR,2026-07-30T11:00:00Z,,,2026-07-24T00:00:00Z
ocds-9t57fa-163405,RFQ02/07/2026,Enoch Mgijima Local Municipality,Eastern Cape,complete,['Other / uncategorised'],"[{'industry': 'Other / uncategorised', 'score': 0.0, 'reasons': []}]",False,,0,ZAR,2026-07-30T12:00:00Z,,,2026-07-24T00:00:00Z
ocds-9t57fa-163407,RFQ03/07/2026,Enoch Mgijima Local Municipality,Eastern Cape,complete,"['Supply of goods', 'Construction & civil']","[{'industry': 'Supply of goods', 'score': 1.0, 'reasons': [""text fuzzy-matches 'supply and delivery' (similarity 1.00)""]}, {'industry': 'Construction & civil', 'score': 0.89, 'reasons': [""text fuzzy-matches 'roads' (similarity 0.89)""]}]",False,,0,ZAR,2026-07-30T12:00:00Z,,,2026-07-24T00:00:00Z
ocds-9t57fa-163344,10372925,Passenger Rail Agency of South Africa,Gauteng,complete,"['Professional & consulting services', 'Supply of goods']","[{'industry': 'Professional & consulting services', 'score': 1.0, 'reasons': [""category field contains 'consulting'""]}, {'industry': 'Supply of goods', 'score': 0.97, 'reasons': [""text fuzzy-matches 'supply and delivery' (similarity 0.97)""]}]",False,,0,ZAR,2026-07-30T23:30:00Z,,,2026-07-24T00:00:00Z
ocds-9t57fa-163400,RFQ0001254,"National - Environment, Forestry and Fisheries",Western Cape,complete,"['Electrical', 'Supply of goods']","[{'industry': 'Electrical', 'score': 1.0, 'reasons': [""category field contains 'electrical'""]}, {'industry': 'Supply of goods', 'score': 0.97, 'reasons': [""text fuzzy-matches 'supply and delivery' (similarity 0.97)""]}]",False,,0,ZAR,2026-07-31T11:00:00Z,,,2026-07-24T00:00:00Z
ocds-9t57fa-163410,DOT-HO-26/27-0041,Eastern Cape - Transport,Eastern Cape,complete,"['Professional & consulting services', 'Transport & logistics']","[{'industry': 'Professional & consulting services', 'score': 1.0, 'reasons': [""category field contains 'consulting'""]}, {'industry': 'Transport & logistics', 'score': 1.0, 'reasons': [""text fuzzy-matches 'transport' (similarity 1.00)""]}]",False,,0,ZAR,2026-07-31T11:00:00Z,,,2026-07-24T00:00:00Z
ocds-9t57fa-163424,RFQ 09/07/2026,Kwa-Zulu Natal - Ezemvelo KwaZulu-Natal Wildlife,KwaZulu-Natal,complete,['Supply of goods'],"[{'industry': 'Supply of goods', 'score': 0.97, 'reasons': [""text fuzzy-matches 'supply and delivery' (similarity 0.97)""]}]",False,,0,ZAR,2026-07-31T11:00:00Z,,,2026-07-24T00:00:00Z
ocds-9t57fa-163426,RFQ 08/07/2026,Kwa-Zulu Natal - Ezemvelo KwaZulu-Natal Wildlife,KwaZulu-Natal,complete,['Supply of goods'],"[{'industry': 'Supply of goods', 'score': 0.97, 'reasons': [""text fuzzy-matches 'supply and delivery' (similarity 0.97)""]}]",False,,0,ZAR,2026-07-31T11:00:00Z,,,2026-07-24T00:00:00Z
ocds-9t57fa-163441,RFQ036/07/26-27,Water Research Commission,National,complete,['Other / uncategorised'],"[{'industry': 'Other / uncategorised', 'score': 0.0, 'reasons': []}]",False,,0,ZAR,2026-07-31T11:00:00Z,,,2026-07-24T00:00:00Z
ocds-9t57fa-163443,RFQ 26/27/55/NM,South African Post Office Limited,National,complete,['Transport & logistics'],"[{'industry': 'Transport & logistics', 'score': 1.0, 'reasons': [""category field contains 'transport'""]}]",False,,0,ZAR,2026-07-31T11:00:00Z,,,2026-07-24T00:00:00Z
ocds-9t57fa-163428,ECR/RISK/10/07/2026,Passenger Rail Agency of South Africa,Eastern Cape,complete,['Other / uncategorised'],"[{'industry': 'Other / uncategorised', 'score': 0.0, 'reasons': []}]",False,,0,ZAR,2026-07-31T12:00:00Z,,,2026-07-24T00:00:00Z
ocds-9t57fa-163372,RFQJW75SC26 ,Johannesburg Water,Gauteng,complete,['Other / uncategorised'],"[{'industry': 'Other / uncategorised', 'score': 0.0, 'reasons': []}]",False,,0,ZAR,2026-07-31T16:00:00Z,,,2026-07-24T00:00:00Z
ocds-9t57fa-163398,RFQJW0085SM2026 ,Johannesburg Water,Gauteng,complete,['Other / uncategorised'],"[{'industry': 'Other / uncategorised', 'score': 0.0, 'reasons': []}]",False,,0,ZAR,2026-07-31T16:00:00Z,,,2026-07-24T00:00:00Z
ocds-9t57fa-163449,RFQJW046NS26-27,Johannesburg Water,Gauteng,complete,"['Electrical', 'Supply of goods']","[{'industry': 'Electrical', 'score': 1.0, 'reasons': [""category field contains 'electrical'""]}, {'industry': 'Supply of goods', 'score': 1.0, 'reasons': [""text fuzzy-matches 'supply and delivery' (similarity 1.00)""]}]",False,,0,ZAR,2026-07-31T16:00:00Z,,,2026-07-24T00:00:00Z
ocds-9t57fa-163537,RFQJW029TN26 (2) - RE-ADVERT,Johannesburg Water,Gauteng,complete,['Other / uncategorised'],"[{'industry': 'Other / uncategorised', 'score': 0.0, 'reasons': []}]",False,,0,ZAR,2026-07-31T16:00:00Z,,,2026-07-24T00:00:00Z
ocds-9t57fa-163545,RFQJW125TN26,Johannesburg Water,Gauteng,complete,['Other / uncategorised'],"[{'industry': 'Other / uncategorised', 'score': 0.0, 'reasons': []}]",False,,0,ZAR,2026-07-31T16:00:00Z,,,2026-07-24T00:00:00Z
ocds-9t57fa-163557,RFQJW093TN26 (JULY-RE-ADVERT),Johannesburg Water,Gauteng,complete,['Other / uncategorised'],"[{'industry': 'Other / uncategorised', 'score': 0.0, 'reasons': []}]",False,,0,ZAR,2026-07-31T16:00:00Z,,,2026-07-24T00:00:00Z
ocds-9t57fa-163476,SAF-RFQ-0199 - CLEAN FACILITY HANDRAILS UPGRADE ,South African Nuclear Energy Corporation Limited,North West,complete,['Other / uncategorised'],"[{'industry': 'Other / uncategorised', 'score': 0.0, 'reasons': []}]",False,,0,ZAR,2026-08-03T11:00:00Z,,,2026-07-24T00:00:00Z
ocds-9t57fa-166512,3100041918,South African Revenue Service,Gauteng,complete,['Other / uncategorised'],"[{'industry': 'Other / uncategorised', 'score': 0.0, 'reasons': []}]",False,,0,ZAR,2026-08-03T11:00:00Z,,,2026-07-24T00:00:00Z
ocds-9t57fa-166737,6/34597,South African Revenue Service,Gauteng,complete,['Other / uncategorised'],"[{'industry': 'Other / uncategorised', 'score': 0.0, 'reasons': []}]",False,,0,ZAR,2026-08-03T11:00:00Z,,,2026-07-24T00:00:00Z
ocds-9t57fa-163416,RFQ – KZN.M24JULY094,KwaZulu-Natal Museum,KwaZulu-Natal,complete,['ICT & telecommunications'],"[{'industry': 'ICT & telecommunications', 'score': 0.89, 'reasons': [""text fuzzy-matches 'fibre' (similarity 0.89)""]}]",False,,0,ZAR,2026-08-03T16:00:00Z,,,2026-07-24T00:00:00Z
ocds-9t57fa-163430,RFI/LAB/BALTABLE/2026/07,Perishable Products Export Control Board,Gauteng,complete,['Other / uncategorised'],"[{'industry': 'Other / uncategorised', 'score': 0.0, 'reasons': []}]",False,,0,ZAR,2026-08-04T04:00:00Z,,,2026-07-24T00:00:00Z
ocds-9t57fa-163473,036/2026/CIA/ETHICS/RFQ,Trans-Caledon Tunnel Authority,Gauteng,complete,['Professional & consulting services'],"[{'industry': 'Professional & consulting services', 'score': 0.98, 'reasons': [""text fuzzy-matches 'professional services' (similarity 0.98)""]}]",False,,0,ZAR,2026-08-04T11:00:00Z,,,2026-07-24T00:00:00Z
ocds-9t57fa-163360,Re 17-2025-2026,Ulundi Local Municipality,KwaZulu-Natal,complete,['Other / uncategorised'],"[{'industry': 'Other / uncategorised', 'score': 0.0, 'reasons': []}]",False,,0,ZAR,2026-08-06T12:00:00Z,,,2026-07-24T00:00:00Z
ocds-9t57fa-163337,SAT 337/26,South African Tourism,National,complete,['Professional & consulting services'],"[{'industry': 'Professional & consulting services', 'score': 1.0, 'reasons': [""category field contains 'consulting'""]}]",False,,0,ZAR,2026-08-07T08:30:00Z,,,2026-07-24T00:00:00Z
ocds-9t57fa-163487,E2019DXGP - Regret Letter,ESKOM,Gauteng,complete,['Supply of goods'],"[{'industry': 'Supply of goods', 'score': 1.0, 'reasons': [""text fuzzy-matches 'supply and delivery' (similarity 1.00)""]}]",False,,0,ZAR,2026-08-07T10:00:00Z,,,2026-07-24T00:00:00Z
ocds-9t57fa-163399,ZNQ00491-00000-00-HOD-GEN-26-T,Kwazulu Natal - Transport,KwaZulu-Natal,complete,['Supply of goods'],"[{'industry': 'Supply of goods', 'score': 1.0, 'reasons': [""text fuzzy-matches 'supply and delivery' (similarity 1.00)""]}]",False,,0,ZAR,2026-08-07T11:00:00Z,,,2026-07-24T00:00:00Z
ocds-9t57fa-163401,RFQ0001255,"National - Environment, Forestry and Fisheries",Western Cape,complete,['Professional & consulting services'],"[{'industry': 'Professional & consulting services', 'score': 1.0, 'reasons': [""category field contains 'consulting'""]}]",True,,0,ZAR,2026-08-07T11:00:00Z,,,2026-07-24T00:00:00Z
ocds-9t57fa-163361,MS/2026/2027/001/951/DP,Msinga Local Municipality,KwaZulu-Natal,complete,['Professional & consulting services'],"[{'industry': 'Professional & consulting services', 'score': 1.0, 'reasons': [""category field contains 'consulting'""]}]",False,,0,ZAR,2026-08-07T12:00:00Z,,,2026-07-24T00:00:00Z
ocds-9t57fa-163417,BID/NC062/02/2026-2027,Nama Khoi Local Municipality,Northern Cape,complete,['Supply of goods'],"[{'industry': 'Supply of goods', 'score': 1.0, 'reasons': [""text fuzzy-matches 'supply and delivery' (similarity 1.00)""]}]",True,,0,ZAR,2026-08-07T12:00:00Z,,,2026-07-24T00:00:00Z
ocds-9t57fa-163418,BID/NC062/03/2026-2027,Nama Khoi Local Municipality,Northern Cape,complete,"['Mechanical & HVAC', 'ICT & telecommunications']","[{'industry': 'Mechanical & HVAC', 'score': 1.0, 'reasons': [""text fuzzy-matches 'boiler' (similarity 1.00)""]}, {'industry': 'ICT & telecommunications', 'score': 0.91, 'reasons': [""text fuzzy-matches 'server' (similarity 0.91)""]}]",False,,0,ZAR,2026-08-07T12:00:00Z,,,2026-07-24T00:00:00Z
ocds-9t57fa-163419,BID/NC062/04/2026-2027,Nama Khoi Local Municipality,Northern Cape,complete,"['Electrical', 'ICT & telecommunications']","[{'industry': 'Electrical', 'score': 1.0, 'reasons': [""text fuzzy-matches 'electrical' (similarity 1.00)""]}, {'industry': 'ICT & telecommunications', 'score': 0.91, 'reasons': [""text fuzzy-matches 'server' (similarity 0.91)""]}]",False,,0,ZAR,2026-08-07T12:00:00Z,,,2026-07-24T00:00:00Z
ocds-9t57fa-163451,RFQJW047NS26-27,Johannesburg Water,Gauteng,complete,"['Construction & civil', 'Cleaning & facilities']","[{'industry': 'Construction & civil', 'score': 1.0, 'reasons': [""category field contains 'building'""]}, {'industry': 'Cleaning & facilities', 'score': 0.97, 'reasons': [""text fuzzy-matches 'cleaning services' (similarity 0.97)""]}]",False,,0,ZAR,2026-08-10T11:00:00Z,,,2026-07-24T00:00:00Z
ocds-9t57fa-163352,Rec 74178(b),Airports Company of South Africa,Western Cape,complete,['Electrical'],"[{'industry': 'Electrical', 'score': 1.0, 'reasons': [""text fuzzy-matches 'electrical' (similarity 1.00)""]}]",False,,0,ZAR,2026-08-10T12:00:00Z,,,2026-07-24T00:00:00Z
ocds-9t57fa-163408,HGDA B-01-2026/27,Harry Gwala Development Agency,KwaZulu-Natal,complete,['Supply of goods'],"[{'industry': 'Supply of goods', 'score': 1.0, 'reasons': [""text fuzzy-matches 'supply and delivery' (similarity 1.00)""]}]",False,,0,ZAR,2026-08-10T12:00:00Z,,,2026-07-24T00:00:00Z
ocds-9t57fa-163409,HGDA B-02-2026/27,Harry Gwala Development Agency,KwaZulu-Natal,complete,['Supply of goods'],"[{'industry': 'Supply of goods', 'score': 1.0, 'reasons': [""text fuzzy-matches 'supply and delivery' (similarity 1.00)""]}]",False,,0,ZAR,2026-08-10T12:00:00Z,,,2026-07-24T00:00:00Z
ocds-9t57fa-163445,ATNS/FAPE/RFQ30/2025/26_GATE_Re-Advert,Air Traffic and Navigation Services Company Limited,Eastern Cape,complete,['Professional & consulting services'],"[{'industry': 'Professional & consulting services', 'score': 1.0, 'reasons': [""category field contains 'consulting'""]}]",False,,0,ZAR,2026-08-11T11:00:00Z,,,2026-07-24T00:00:00Z
ocds-9t57fa-162856,CORP-B006/26/27,Dr Nkosazana Dlamini Zuma Local Municipality,KwaZulu-Natal,complete,['Other / uncategorised'],"[{'industry': 'Other / uncategorised', 'score': 0.0, 'reasons': []}]",False,,0,ZAR,2026-08-11T12:00:00Z,,,2026-07-24T00:00:00Z
ocds-9t57fa-162858,CORP-B007/26/27,Dr Nkosazana Dlamini Zuma Local Municipality,KwaZulu-Natal,complete,['Other / uncategorised'],"[{'industry': 'Other / uncategorised', 'score': 0.0, 'reasons': []}]",False,,0,ZAR,2026-08-11T12:00:00Z,,,2026-07-24T00:00:00Z
ocds-9t57fa-162860,CORP-B008/26/27,Dr Nkosazana Dlamini Zuma Local Municipality,KwaZulu-Natal,complete,['Other / uncategorised'],"[{'industry': 'Other / uncategorised', 'score': 0.0, 'reasons': []}]",False,,0,ZAR,2026-08-11T12:00:00Z,,,2026-07-24T00:00:00Z
ocds-9t57fa-162867,PWBS-B010/26/27,Dr Nkosazana Dlamini Zuma Local Municipality,KwaZulu-Natal,complete,['Construction & civil'],"[{'industry': 'Construction & civil', 'score': 2.0, 'reasons': [""category field contains 'construction'"", ""text fuzzy-matches 'construction' (similarity 1.00)""]}]",False,,0,ZAR,2026-08-11T12:00:00Z,,,2026-07-24T00:00:00Z
ocds-9t57fa-162870,PWBS-B011/26/27,Dr Nkosazana Dlamini Zuma Local Municipality,KwaZulu-Natal,complete,['Electrical'],"[{'industry': 'Electrical', 'score': 1.0, 'reasons': [""text fuzzy-matches 'electrical' (similarity 1.00)""]}]",False,,0,ZAR,2026-08-11T12:00:00Z,,,2026-07-24T00:00:00Z
ocds-9t57fa-163351,T15../2026..,Blue crane route local municipality,Eastern Cape,complete,['Electrical'],"[{'industry': 'Electrical', 'score': 0.95, 'reasons': [""text fuzzy-matches 'transformer' (similarity 0.95)""]}]",False,,0,ZAR,2026-08-11T12:00:00Z,,,2026-07-24T00:00:00Z
ocds-9t57fa-163381,00393/26 re-advert,JOBURG THEATRE (SOC) LTD,Gauteng,complete,['Other / uncategorised'],"[{'industry': 'Other / uncategorised', 'score': 0.0, 'reasons': []}]",False,,0,ZAR,2026-08-11T12:00:00Z,,,2026-07-24T00:00:00Z
ocds-9t57fa-163391,00395/26 re-advert,JOBURG THEATRE (SOC) LTD,Gauteng,complete,['Supply of goods'],"[{'industry': 'Supply of goods', 'score': 0.89, 'reasons': [""text fuzzy-matches 'supply and delivery' (similarity 0.89)""]}]",False,,0,ZAR,2026-08-11T12:00:00Z,,,2026-07-24T00:00:00Z
ocds-9t57fa-163392,00396/26,JOBURG THEATRE (SOC) LTD,Gauteng,complete,['Other / uncategorised'],"[{'industry': 'Other / uncategorised', 'score': 0.0, 'reasons': []}]",True,,0,ZAR,2026-08-11T12:00:00Z,,,2026-07-24T00:00:00Z
ocds-9t57fa-163393,00397/26,JOBURG THEATRE (SOC) LTD,Gauteng,complete,['Other / uncategorised'],"[{'industry': 'Other / uncategorised', 'score': 0.0, 'reasons': []}]",False,,0,ZAR,2026-08-11T12:00:00Z,,,2026-07-24T00:00:00Z
ocds-9t57fa-163371,RFQ 74316 ,Airports Company of South Africa,Gauteng,complete,['Construction & civil'],"[{'industry': 'Construction & civil', 'score': 1.0, 'reasons': [""category field contains 'construction'""]}]",False,,0,ZAR,2026-08-11T13:00:00Z,,,2026-07-24T00:00:00Z
ocds-9t57fa-163474,E3268DXNCOU,ESKOM,Northern Cape,complete,['Construction & civil'],"[{'industry': 'Construction & civil', 'score': 1.0, 'reasons': [""text fuzzy-matches 'building' (similarity 1.00)""]}]",False,,0,ZAR,2026-08-12T10:00:00Z,,,2026-07-24T00:00:00Z
ocds-9t57fa-163377,E3286CXMWP,ESKOM,Gauteng,complete,['Supply of goods'],"[{'industry': 'Supply of goods', 'score': 1.0, 'reasons': [""text fuzzy-matches 'supply and delivery' (similarity 1.00)""]}]",False,,0,ZAR,2026-08-14T10:00:00Z,,,2026-07-24T00:00:00Z
ocds-9t57fa-163350,BID dtic 04/26-27,Trade & Industry,Gauteng,complete,['Professional & consulting services'],"[{'industry': 'Professional & consulting services', 'score': 1.0, 'reasons': [""category field contains 'consulting'""]}]",False,,0,ZAR,2026-08-14T11:00:00Z,,,2026-07-24T00:00:00Z
ocds-9t57fa-163356,COK03/2026,Public Works,National,complete,"['Construction & civil', 'Professional & consulting services']","[{'industry': 'Construction & civil', 'score': 1.0, 'reasons': [""text fuzzy-matches 'construction' (similarity 1.00)""]}, {'industry': 'Professional & consulting services', 'score': 1.0, 'reasons': [""category field contains 'consulting'""]}]",False,,0,ZAR,2026-08-14T11:00:00Z,,,2026-07-24T00:00:00Z
ocds-9t57fa-163358,2026/IA/01,Public Works,National,complete,['Professional & consulting services'],"[{'industry': 'Professional & consulting services', 'score': 1.0, 'reasons': [""category field contains 'consulting'""]}]",False,,0,ZAR,2026-08-14T11:00:00Z,,,2026-07-24T00:00:00Z
ocds-9t57fa-163421,SSA/10/2026-27,State Security Agency,Gauteng,complete,['Professional & consulting services'],"[{'industry': 'Professional & consulting services', 'score': 1.0, 'reasons': [""category field contains 'consulting'""]}]",False,,0,ZAR,2026-08-14T11:00:00Z,,,2026-07-24T00:00:00Z
ocds-9t57fa-163427,WTE-2618ES,Water and Sanitation,KwaZulu-Natal,complete,"['Professional & consulting services', 'Water & sanitation']","[{'industry': 'Professional & consulting services', 'score': 1.0, 'reasons': [""category field contains 'consulting'""]}, {'industry': 'Water & sanitation', 'score': 0.95, 'reasons': [""text fuzzy-matches 'sanitation' (similarity 0.95)""]}]",False,,0,ZAR,2026-08-14T11:00:00Z,,,2026-07-24T00:00:00Z
ocds-9t57fa-163431,LGB-01/07/2026/27RFB,Limpopo - Limpopo Gambling Board,Limpopo,complete,['Security services'],"[{'industry': 'Security services', 'score': 1.0, 'reasons': [""text fuzzy-matches 'security services' (similarity 1.00)""]}]",False,,0,ZAR,2026-08-14T11:00:00Z,,,2026-07-24T00:00:00Z
ocds-9t57fa-163675,DSM 02/27,Stellenbosch Municipality,Western Cape,active,"['Professional & consulting services', 'Water & sanitation']","[{'industry': 'Professional & consulting services', 'score': 1.0, 'reasons': [""category field contains 'consulting'""]}, {'industry': 'Water & sanitation', 'score': 1.0, 'reasons': [""text fuzzy-matches 'sewer' (similarity 1.00)""]}]",False,,0,ZAR,2026-07-24T11:00:00Z,,3069648.0,2026-07-23T00:00:00Z
ocds-9t57fa-165856,RFQ2523,Mine Health and Safety Council,Gauteng,active,['Construction & civil'],"[{'industry': 'Construction & civil', 'score': 0.87, 'reasons': [""text fuzzy-matches 'construction' (similarity 0.87)""]}]",False,,0,ZAR,2026-07-24T11:00:00Z,,1883960.0,2026-07-23T00:00:00Z
ocds-9t57fa-165324,ANKM04036,Amatola Water Board,Eastern Cape,active,['Other / uncategorised'],"[{'industry': 'Other / uncategorised', 'score': 0.0, 'reasons': []}]",False,,0,ZAR,2026-07-27T11:00:00Z,,7464722.0,2026-07-23T00:00:00Z
ocds-9t57fa-165332,ANKM04038,Amatola Water Board,Eastern Cape,active,['Other / uncategorised'],"[{'industry': 'Other / uncategorised', 'score': 0.0, 'reasons': []}]",False,,0,ZAR,2026-07-27T11:00:00Z,,299085.0,2026-07-23T00:00:00Z
ocds-9t57fa-163272,BS/2026/RFQ1800,Banking Sector Education and Training Authority,Gauteng,active,['Professional & consulting services'],"[{'industry': 'Professional & consulting services', 'score': 1.0, 'reasons': [""category field contains 'consulting'""]}]",False,,0,ZAR,2026-07-28T16:00:00Z,,93717163.0,2026-07-23T00:00:00Z
ocds-9t57fa-165441,POU00005GV,Justice & Constitutional Development,Gauteng,active,['Other / uncategorised'],"[{'industry': 'Other / uncategorised', 'score': 0.0, 'reasons': []}]",False,,0,ZAR,2026-07-29T16:00:00Z,,30438543.0,2026-07-23T00:00:00Z
ocds-9t57fa-164427,RFQ-211,National Treasury,National,active,['Professional & consulting services'],"[{'industry': 'Professional & consulting services', 'score': 1.0, 'reasons': [""category field contains 'consulting'""]}]",False,,0,ZAR,2026-07-30T16:00:00Z,,1035920.0,2026-07-23T00:00:00Z
ocds-9t57fa-163258,Q8/2026/27,Cape Agulhas Municipality,Western Cape,active,['Supply of goods'],"[{'industry': 'Supply of goods', 'score': 0.86, 'reasons': [""text fuzzy-matches 'supply and delivery' (similarity 0.86)""]}]",False,2026-08-31T00:00:00Z,0,ZAR,2026-07-31T12:00:00Z,,7211765.0,2026-07-23T00:00:00Z
ocds-9t57fa-163260,Q9/2026/27,Cape Agulhas Municipality,Western Cape,active,['Supply of goods'],"[{'industry': 'Supply of goods', 'score': 1.0, 'reasons': [""text fuzzy-matches 'supply and delivery' (similarity 1.00)""]}]",False,2026-09-30T00:00:00Z,0,ZAR,2026-08-05T12:00:00Z,,12287862.0,2026-07-23T00:00:00Z
ocds-9t57fa-169217,Dev 09/2026,Gauteng - Co-operative Governance & Traditional Affairs (COGTA),National,active,['Professional & consulting services'],"[{'industry': 'Professional & consulting services', 'score': 1.0, 'reasons': [""category field contains 'consulting'""]}]",False,,0,ZAR,2026-08-07T11:00:00Z,,25533.0,2026-07-23T00:00:00Z
ocds-9t57fa-163316,RFQ2026/157,Gauteng – Community Education and Training College,Gauteng,complete,['Supply of goods'],"[{'industry': 'Supply of goods', 'score': 1.0, 'reasons': [""text fuzzy-matches 'supply and delivery' (similarity 1.00)""]}]",False,,0,ZAR,2026-07-24T09:00:00Z,,,2026-07-23T00:00:00Z
ocds-9t57fa-163241,RFQ 2026.156,Gauteng – Community Education and Training College,Gauteng,complete,['Other / uncategorised'],"[{'industry': 'Other / uncategorised', 'score': 0.0, 'reasons': []}]",False,,0,ZAR,2026-07-24T10:00:00Z,,,2026-07-23T00:00:00Z
ocds-9t57fa-165166,SIN-095,Council for Scientific and Industrial Research (CSIR),Gauteng,complete,['Professional & consulting services'],"[{'industry': 'Professional & consulting services', 'score': 1.0, 'reasons': [""category field contains 'consulting'""]}]",False,,0,ZAR,2026-07-24T11:00:00Z,,,2026-07-23T00:00:00Z
ocds-9t57fa-163322,ID: 3278753(E),Public Works,National,complete,['Electrical'],"[{'industry': 'Electrical', 'score': 1.0, 'reasons': [""text fuzzy-matches 'generator' (similarity 1.00)""]}]",False,,0,ZAR,2026-07-27T11:00:00Z,,,2026-07-23T00:00:00Z
ocds-9t57fa-163221,NLA-RFQ-026,South African Nuclear Energy Corporation Limited,North West,complete,['Other / uncategorised'],"[{'industry': 'Other / uncategorised', 'score': 0.0, 'reasons': []}]",False,,0,ZAR,2026-07-28T11:00:00Z,,,2026-07-23T00:00:00Z
ocds-9t57fa-163287,016354,Automotive Industry Development Centre (AIDC),Gauteng,complete,['Professional & consulting services'],"[{'industry': 'Professional & consulting services', 'score': 1.0, 'reasons': [""category field contains 'consulting'""]}]",False,,0,ZAR,2026-07-28T11:00:00Z,,,2026-07-23T00:00:00Z
ocds-9t57fa-163298,IM1562026,Tourism,Free State,complete,['Other / uncategorised'],"[{'industry': 'Other / uncategorised', 'score': 0.0, 'reasons': []}]",False,,0,ZAR,2026-07-28T11:00:00Z,,,2026-07-23T00:00:00Z
ocds-9t57fa-163299,IM1572026,Tourism,Free State,complete,['Other / uncategorised'],"[{'industry': 'Other / uncategorised', 'score': 0.0, 'reasons': []}]",False,,0,ZAR,2026-07-28T11:00:00Z,,,2026-07-23T00:00:00Z
ocds-9t57fa-163312,PR10023975,DENEL (Pty) Ltd,Gauteng,complete,"['Construction & civil', 'ICT & telecommunications']","[{'industry': 'Construction & civil', 'score': 1.0, 'reasons': [""category field contains 'building'""]}, {'industry': 'ICT & telecommunications', 'score': 0.89, 'reasons': [""text fuzzy-matches 'fibre' (similarity 0.89)""]}]",False,,0,ZAR,2026-07-28T11:00:00Z,,,2026-07-23T00:00:00Z
ocds-9t57fa-165374,REQ0000001927,Public Protector South Africa,Gauteng,complete,['Supply of goods'],"[{'industry': 'Supply of goods', 'score': 1.0, 'reasons': [""category field contains 'stationery'""]}]",False,,0,ZAR,2026-07-28T11:00:00Z,,,2026-07-23T00:00:00Z
ocds-9t57fa-169155,REQ0000001993,Public Protector South Africa,Gauteng,complete,['Supply of goods'],"[{'industry': 'Supply of goods', 'score': 1.97, 'reasons': [""category field contains 'stationery'"", ""text fuzzy-matches 'supply and delivery' (similarity 0.97)""]}]",False,,0,ZAR,2026-07-28T11:00:00Z,,,2026-07-23T00:00:00Z
ocds-9t57fa-163243,PR10117348,Road Accident Fund,Gauteng,complete,['Construction & civil'],"[{'industry': 'Construction & civil', 'score': 0.89, 'reasons': [""text fuzzy-matches 'roads' (similarity 0.89)""]}]",False,,0,ZAR,2026-07-29T11:00:00Z,,,2026-07-23T00:00:00Z
ocds-9t57fa-163246,QR2505TETA002058,Transport Education and Training Authority,National,complete,"['Electrical', 'Security services']","[{'industry': 'Electrical', 'score': 1.0, 'reasons': [""category field contains 'electrical'""]}, {'industry': 'Security services', 'score': 0.87, 'reasons': [""text fuzzy-matches 'surveillance' (similarity 0.87)""]}]",False,,0,ZAR,2026-07-29T11:00:00Z,,,2026-07-23T00:00:00Z
ocds-9t57fa-163301,PR10117138,Road Accident Fund,National,complete,['Construction & civil'],"[{'industry': 'Construction & civil', 'score': 0.89, 'reasons': [""text fuzzy-matches 'roads' (similarity 0.89)""]}]",False,,0,ZAR,2026-07-29T11:00:00Z,,,2026-07-23T00:00:00Z
ocds-9t57fa-163268,JTC0002/2026-27,City Council of Johannesburg,Gauteng,complete,['Other / uncategorised'],"[{'industry': 'Other / uncategorised', 'score': 0.0, 'reasons': []}]",False,,0,ZAR,2026-07-30T10:00:00Z,,,2026-07-23T00:00:00Z
ocds-9t57fa-163222,OVI01REQ004259,Agricultural Research Council,Gauteng,complete,['Professional & consulting services'],"[{'industry': 'Professional & consulting services', 'score': 1.0, 'reasons': [""category field contains 'consulting'""]}]",False,,0,ZAR,2026-07-30T11:00:00Z,,,2026-07-23T00:00:00Z
ocds-9t57fa-163223,OVI01REQ004345,Agricultural Research Council,Gauteng,complete,['Other / uncategorised'],"[{'industry': 'Other / uncategorised', 'score': 0.0, 'reasons': []}]",False,,0,ZAR,2026-07-30T11:00:00Z,,,2026-07-23T00:00:00Z
ocds-9t57fa-163281,RFQ/MICT/14/2026,"Media, Information and Communication Technologies Sector Education and training Authority (MICT SETA)",Gauteng,complete,['Professional & consulting services'],"[{'industry': 'Professional & consulting services', 'score': 1.0, 'reasons': [""category field contains 'consulting'""]}]",False,,0,ZAR,2026-07-30T11:00:00Z,,,2026-07-23T00:00:00Z
ocds-9t57fa-163321,MISA/RFQ/TEKWINIBOREHOLE/2026/27,Municipal Infrastructure Support Agent,National,complete,"['Water & sanitation', 'Mining & resources']","[{'industry': 'Water & sanitation', 'score': 1.0, 'reasons': [""text fuzzy-matches 'borehole' (similarity 1.00)""]}, {'industry': 'Mining & resources', 'score': 0.94, 'reasons': [""text fuzzy-matches 'drilling' (similarity 0.94)""]}]",False,,0,ZAR,2026-07-30T11:00:00Z,,,2026-07-23T00:00:00Z
ocds-9t57fa-163228,ECR/CS/09/07/2026,Passenger Rail Agency of South Africa,Eastern Cape,complete,['Other / uncategorised'],"[{'industry': 'Other / uncategorised', 'score': 0.0, 'reasons': []}]",False,,0,ZAR,2026-07-30T12:00:00Z,,,2026-07-23T00:00:00Z
ocds-9t57fa-163271,RFQJW0083SM2026,Johannesburg Water,Gauteng,complete,['Other / uncategorised'],"[{'industry': 'Other / uncategorised', 'score': 0.0, 'reasons': []}]",False,,0,ZAR,2026-07-30T12:00:00Z,,,2026-07-23T00:00:00Z
ocds-9t57fa-163317,6000080616,Johannesburg Water,Gauteng,complete,['Supply of goods'],"[{'industry': 'Supply of goods', 'score': 0.97, 'reasons': [""text fuzzy-matches 'supply and delivery' (similarity 0.97)""]}]",False,,0,ZAR,2026-07-30T12:00:00Z,,,2026-07-23T00:00:00Z
ocds-9t57fa-163328,6000080617,Johannesburg Water,Gauteng,complete,['Supply of goods'],"[{'industry': 'Supply of goods', 'score': 1.0, 'reasons': [""text fuzzy-matches 'supply and delivery' (similarity 1.00)""]}]",False,,0,ZAR,2026-07-30T12:00:00Z,,,2026-07-23T00:00:00Z
ocds-9t57fa-163330,6000080618,Johannesburg Water,Gauteng,complete,['Supply of goods'],"[{'industry': 'Supply of goods', 'score': 1.0, 'reasons': [""text fuzzy-matches 'supply and delivery' (similarity 1.00)""]}]",False,,0,ZAR,2026-07-30T12:00:00Z,,,2026-07-23T00:00:00Z
ocds-9t57fa-163252,RFQJW044NS26-27,Johannesburg Water,Gauteng,complete,['Supply of goods'],"[{'industry': 'Supply of goods', 'score': 1.0, 'reasons': [""text fuzzy-matches 'supply and delivery' (similarity 1.00)""]}]",False,,0,ZAR,2026-07-30T16:00:00Z,,,2026-07-23T00:00:00Z
ocds-9t57fa-163255,RFQJW045NS26-27,Johannesburg Water,Gauteng,complete,"['Construction & civil', 'Supply of goods']","[{'industry': 'Construction & civil', 'score': 1.0, 'reasons': [""text fuzzy-matches 'construction' (similarity 1.00)""]}, {'industry': 'Supply of goods', 'score': 0.97, 'reasons': [""text fuzzy-matches 'supply and delivery' (similarity 0.97)""]}]",False,,0,ZAR,2026-07-30T16:00:00Z,,,2026-07-23T00:00:00Z
ocds-9t57fa-163280,RFQJW123TN26,Johannesburg Water,Gauteng,complete,['Cleaning & facilities'],"[{'industry': 'Cleaning & facilities', 'score': 0.97, 'reasons': [""text fuzzy-matches 'hygiene services' (similarity 0.97)""]}]",False,,0,ZAR,2026-07-30T16:00:00Z,,,2026-07-23T00:00:00Z
ocds-9t57fa-163293,RFQJW0084SM2026 ,Johannesburg Water,Gauteng,complete,"['Mining & resources', 'Supply of goods']","[{'industry': 'Mining & resources', 'score': 1.0, 'reasons': [""text fuzzy-matches 'drilling' (similarity 1.00)""]}, {'industry': 'Supply of goods', 'score': 1.0, 'reasons': [""text fuzzy-matches 'supply and delivery' (similarity 1.00)""]}]",False,,0,ZAR,2026-07-30T16:00:00Z,,,2026-07-23T00:00:00Z
ocds-9t57fa-163329,RFQJW74SC26 ,Johannesburg Water,Gauteng,complete,['Professional & consulting services'],"[{'industry': 'Professional & consulting services', 'score': 1.0, 'reasons': [""category field contains 'consulting'""]}]",False,,0,ZAR,2026-07-30T16:00:00Z,,,2026-07-23T00:00:00Z
ocds-9t57fa-163278,E1804GXLPMATcan,ESKOM,Limpopo,complete,['Mining & resources'],"[{'industry': 'Mining & resources', 'score': 1.0, 'reasons': [""text fuzzy-matches 'coal' (similarity 1.00)""]}]",False,,0,ZAR,2026-07-31T10:00:00Z,,,2026-07-23T00:00:00Z
ocds-9t57fa-163308,PR10023203,DENEL (Pty) Ltd,Gauteng,complete,['Other / uncategorised'],"[{'industry': 'Other / uncategorised', 'score': 0.0, 'reasons': []}]",False,,0,ZAR,2026-07-31T10:00:00Z,,,2026-07-23T00:00:00Z
ocds-9t57fa-163225,Q 2026/051,Cape Winelands District Municipality,Western Cape,complete,['Other / uncategorised'],"[{'industry': 'Other / uncategorised', 'score': 0.0, 'reasons': []}]",False,,0,ZAR,2026-07-31T11:00:00Z,,,2026-07-23T00:00:00Z
ocds-9t57fa-163267,SMQ04-26-27,Swellendam Municipality,Western Cape,complete,['Other / uncategorised'],"[{'industry': 'Other / uncategorised', 'score': 0.0, 'reasons': []}]",False,,0,ZAR,2026-07-31T11:00:00Z,,,2026-07-23T00:00:00Z
ocds-9t57fa-163283,ER17477,Kwazulu Natal - Social Development,KwaZulu-Natal,complete,['Supply of goods'],"[{'industry': 'Supply of goods', 'score': 1.0, 'reasons': [""text fuzzy-matches 'supply and delivery' (similarity 1.00)""]}]",False,,0,ZAR,2026-07-31T11:00:00Z,,,2026-07-23T00:00:00Z
ocds-9t57fa-163303,RFQ2026-27-30 WhatsApp Business API Solution,The South African Qualifications Authority (SAQA),Gauteng,complete,['Other / uncategorised'],"[{'industry': 'Other / uncategorised', 'score': 0.0, 'reasons': []}]",False,,0,ZAR,2026-07-31T11:00:00Z,,,2026-07-23T00:00:00Z
ocds-9t57fa-163304,transformer001,DENEL (Pty) Ltd,Gauteng,complete,['Electrical'],"[{'industry': 'Electrical', 'score': 1.96, 'reasons': [""category field contains 'electrical'"", ""text fuzzy-matches 'transformer' (similarity 0.96)""]}]",False,,0,ZAR,2026-07-31T11:00:00Z,,,2026-07-23T00:00:00Z
ocds-9t57fa-163236,RFQ202627/30,Kwa-Zulu Natal - Trade and Investment KwaZulu-Natal,KwaZulu-Natal,complete,['Other / uncategorised'],"[{'industry': 'Other / uncategorised', 'score': 0.0, 'reasons': []}]",False,,0,ZAR,2026-07-31T12:00:00Z,,,2026-07-23T00:00:00Z
ocds-9t57fa-163218,RFQ 12047,Airports Company of South Africa,Eastern Cape,complete,['Other / uncategorised'],"[{'industry': 'Other / uncategorised', 'score': 0.0, 'reasons': []}]",False,,0,ZAR,2026-07-31T14:00:00Z,,,2026-07-23T00:00:00Z
ocds-9t57fa-163264,RFQ 11944,Airports Company of South Africa,Eastern Cape,complete,['Supply of goods'],"[{'industry': 'Supply of goods', 'score': 0.97, 'reasons': [""text fuzzy-matches 'supply and delivery' (similarity 0.97)""]}]",False,,0,ZAR,2026-07-31T14:00:00Z,,,2026-07-23T00:00:00Z
ocds-9t57fa-163297,155/2026,Kouga Municipality,Eastern Cape,complete,['Supply of goods'],"[{'industry': 'Supply of goods', 'score': 1.0, 'reasons': [""text fuzzy-matches 'supply and delivery' (similarity 1.00)""]}]",False,,0,ZAR,2026-08-03T12:00:00Z,,,2026-07-23T00:00:00Z
ocds-9t57fa-163249,MISA/REQ/01347/2026/2027,Municipal Infrastructure Support Agent,National,complete,['Other / uncategorised'],"[{'industry': 'Other / uncategorised', 'score': 0.0, 'reasons': []}]",False,,0,ZAR,2026-08-04T11:00:00Z,,,2026-07-23T00:00:00Z
ocds-9t57fa-163266,AHT26929,PetroSA,Western Cape,complete,['Professional & consulting services'],"[{'industry': 'Professional & consulting services', 'score': 1.0, 'reasons': [""category field contains 'consulting'""]}]",False,,0,ZAR,2026-08-04T11:00:00Z,,,2026-07-23T00:00:00Z
ocds-9t57fa-163318,HO/INTERSITE/53/07/2026,Passenger Rail Agency of South Africa,Gauteng,complete,['Professional & consulting services'],"[{'industry': 'Professional & consulting services', 'score': 1.0, 'reasons': [""category field contains 'consulting'""]}]",False,,0,ZAR,2026-08-04T12:00:00Z,,,2026-07-23T00:00:00Z
ocds-9t57fa-163273,RFQ-112576,Statistics South Africa,Gauteng,complete,['Other / uncategorised'],"[{'industry': 'Other / uncategorised', 'score': 0.0, 'reasons': []}]",False,,0,ZAR,2026-08-04T16:00:00Z,,,2026-07-23T00:00:00Z
ocds-9t57fa-163232,QCTO RFQ 12/2026,Quality Council for Trades and Occupations,Gauteng,complete,['Professional & consulting services'],"[{'industry': 'Professional & consulting services', 'score': 1.0, 'reasons': [""category field contains 'consulting'""]}]",False,,0,ZAR,2026-08-05T11:00:00Z,,,2026-07-23T00:00:00Z
ocds-9t57fa-163261,Q10/2026/27,Cape Agulhas Municipality,Western Cape,complete,['Construction & civil'],"[{'industry': 'Construction & civil', 'score': 1.0, 'reasons': [""category field contains 'building'""]}]",False,,0,ZAR,2026-08-05T12:00:00Z,,,2026-07-23T00:00:00Z
ocds-9t57fa-163285,N05/2026/2027,Thulamela Local Municipality,Limpopo,complete,"['Mining & resources', 'Water & sanitation', 'Mechanical & HVAC']","[{'industry': 'Mining & resources', 'score': 1.0, 'reasons': [""text fuzzy-matches 'drilling' (similarity 1.00)""]}, {'industry': 'Water & sanitation', 'score': 1.0, 'reasons': [""text fuzzy-matches 'borehole' (similarity 1.00)""]}, {'industry': 'Mechanical & HVAC', 'score': 0.89, 'reasons': [""text fuzzy-matches 'pump' (similarity 0.89)""]}]",False,,0,ZAR,2026-08-06T11:00:00Z,,,2026-07-23T00:00:00Z
ocds-9t57fa-163288,N03/2026/2027,Thulamela Local Municipality,Limpopo,complete,"['Mining & resources', 'Water & sanitation', 'Mechanical & HVAC']","[{'industry': 'Mining & resources', 'score': 1.0, 'reasons': [""text fuzzy-matches 'drilling' (similarity 1.00)""]}, {'industry': 'Water & sanitation', 'score': 1.0, 'reasons': [""text fuzzy-matches 'borehole' (similarity 1.00)""]}, {'industry': 'Mechanical & HVAC', 'score': 0.89, 'reasons': [""text fuzzy-matches 'pump' (similarity 0.89)""]}]",False,,0,ZAR,2026-08-06T11:00:00Z,,,2026-07-23T00:00:00Z
ocds-9t57fa-163290,N04/2026/2027,Thulamela Local Municipality,Limpopo,complete,"['Mining & resources', 'Water & sanitation', 'Mechanical & HVAC']","[{'industry': 'Mining & resources', 'score': 1.0, 'reasons': [""text fuzzy-matches 'drilling' (similarity 1.00)""]}, {'industry': 'Water & sanitation', 'score': 1.0, 'reasons': [""text fuzzy-matches 'borehole' (similarity 1.00)""]}, {'industry': 'Mechanical & HVAC', 'score': 0.89, 'reasons': [""text fuzzy-matches 'pump' (similarity 0.89)""]}]",False,,0,ZAR,2026-08-06T11:00:00Z,,,2026-07-23T00:00:00Z
ocds-9t57fa-163292,N06/2026/2027,Thulamela Local Municipality,Limpopo,complete,"['Mining & resources', 'Water & sanitation', 'Mechanical & HVAC']","[{'industry': 'Mining & resources', 'score': 1.0, 'reasons': [""text fuzzy-matches 'drilling' (similarity 1.00)""]}, {'industry': 'Water & sanitation', 'score': 1.0, 'reasons': [""text fuzzy-matches 'borehole' (similarity 1.00)""]}, {'industry': 'Mechanical & HVAC', 'score': 0.89, 'reasons': [""text fuzzy-matches 'pump' (similarity 0.89)""]}]",False,,0,ZAR,2026-08-06T11:00:00Z,,,2026-07-23T00:00:00Z
ocds-9t57fa-163270,TPT/2026/07/0814/9086/RFQ,Transnet SOC Ltd,KwaZulu-Natal,complete,['Other / uncategorised'],"[{'industry': 'Other / uncategorised', 'score': 0.0, 'reasons': []}]",False,,0,ZAR,2026-08-06T12:00:00Z,,,2026-07-23T00:00:00Z
ocds-9t57fa-163339,JMC001/2026/27,Jozini - KZ Local Municipality,KwaZulu-Natal,complete,['Security services'],"[{'industry': 'Security services', 'score': 1.0, 'reasons': [""text fuzzy-matches 'security services' (similarity 1.00)""]}]",False,,0,ZAR,2026-08-06T12:00:00Z,,,2026-07-23T00:00:00Z
ocds-9t57fa-163323,E3182GXMPMAJR,ESKOM,Mpumalanga,complete,"['Mining & resources', 'Supply of goods']","[{'industry': 'Mining & resources', 'score': 1.0, 'reasons': [""text fuzzy-matches 'coal' (similarity 1.00)""]}, {'industry': 'Supply of goods', 'score': 1.0, 'reasons': [""text fuzzy-matches 'supply and delivery' (similarity 1.00)""]}]",False,,0,ZAR,2026-08-07T10:00:00Z,,,2026-07-23T00:00:00Z
ocds-9t57fa-163183,LNM09/2026/27,Lepelle-Nkumpi Municipality,Limpopo,complete,['Supply of goods'],"[{'industry': 'Supply of goods', 'score': 1.0, 'reasons': [""text fuzzy-matches 'supply and delivery' (similarity 1.00)""]}]",False,,0,ZAR,2026-08-07T11:00:00Z,,,2026-07-23T00:00:00Z
ocds-9t57fa-163245,RFQ/ENTABENI/107/2026,South African Forestry Company Limited,Limpopo,complete,['Supply of goods'],"[{'industry': 'Supply of goods', 'score': 1.0, 'reasons': [""text fuzzy-matches 'supply and delivery' (similarity 1.00)""]}]",False,,0,ZAR,2026-08-07T12:00:00Z,,,2026-07-23T00:00:00Z
ocds-9t57fa-163248,RFQJW0082SM2026,Johannesburg Water,Gauteng,complete,['ICT & telecommunications'],"[{'industry': 'ICT & telecommunications', 'score': 0.89, 'reasons': [""text fuzzy-matches 'fibre' (similarity 0.89)""]}]",False,,0,ZAR,2026-08-07T12:00:00Z,,,2026-07-23T00:00:00Z
ocds-9t57fa-163325,RFQJW65BZ2026 -Ennerdale SPS fence installation,Johannesburg Water,Gauteng,complete,['Other / uncategorised'],"[{'industry': 'Other / uncategorised', 'score': 0.0, 'reasons': []}]",False,,0,ZAR,2026-08-07T12:00:00Z,,,2026-07-23T00:00:00Z
ocds-9t57fa-163220,RFQJW042NS26-27,Johannesburg Water,Gauteng,complete,['Construction & civil'],"[{'industry': 'Construction & civil', 'score': 1.94, 'reasons': [""category field contains 'construction'"", ""text fuzzy-matches 'building' (similarity 0.94)""]}]",False,,0,ZAR,2026-08-07T16:00:00Z,,,2026-07-23T00:00:00Z
ocds-9t57fa-163320,CSIR RFQ 6740 07/08/2026,Council for Scientific and Industrial Research (CSIR),National,complete,['Professional & consulting services'],"[{'industry': 'Professional & consulting services', 'score': 1.0, 'reasons': [""category field contains 'consulting'""]}]",False,,0,ZAR,2026-08-07T16:30:00Z,,,2026-07-23T00:00:00Z
ocds-9t57fa-163332,RFP 202003,The South African Bureau of Standards (SABS),Gauteng,complete,['Professional & consulting services'],"[{'industry': 'Professional & consulting services', 'score': 1.95, 'reasons': [""category field contains 'consulting'"", ""text fuzzy-matches 'consulting' (similarity 0.95)""]}]",False,,0,ZAR,2026-08-12T11:00:00Z,,,2026-07-23T00:00:00Z
ocds-9t57fa-163333,E1426TSSERIR,ESKOM,Gauteng,complete,"['Supply of goods', 'Electrical']","[{'industry': 'Supply of goods', 'score': 1.0, 'reasons': [""text fuzzy-matches 'supply and delivery' (similarity 1.00)""]}, {'industry': 'Electrical', 'score': 0.96, 'reasons': [""text fuzzy-matches 'transformer' (similarity 0.96)""]}]",False,,0,ZAR,2026-08-13T10:00:00Z,,,2026-07-23T00:00:00Z
ocds-9t57fa-163314,PU7215/188,Purchasing Consortium Southern Africa (PURCOSA),National,complete,['Other / uncategorised'],"[{'industry': 'Other / uncategorised', 'score': 0.0, 'reasons': []}]",False,,0,ZAR,2026-08-13T23:30:00Z,,,2026-07-23T00:00:00Z
ocds-9t57fa-163269,E3267GXPOU,ESKOM,KwaZulu-Natal,complete,['Construction & civil'],"[{'industry': 'Construction & civil', 'score': 1.0, 'reasons': [""category field contains 'building'""]}]",False,,0,ZAR,2026-08-14T10:00:00Z,,,2026-07-23T00:00:00Z
ocds-9t57fa-163235, RFQ 0926,South African National Energy Development Institute,Gauteng,complete,['Energy & renewables'],"[{'industry': 'Energy & renewables', 'score': 1.0, 'reasons': [""text fuzzy-matches 'energy efficiency' (similarity 1.00)""]}]",False,,0,ZAR,2026-08-14T11:00:00Z,,,2026-07-23T00:00:00Z
ocds-9t57fa-163262,MDB001-2026/2027,Municipal Demarcation Board,Gauteng,complete,['Security services'],"[{'industry': 'Security services', 'score': 1.0, 'reasons': [""text fuzzy-matches 'security services' (similarity 1.00)""]}]",False,,0,ZAR,2026-08-14T11:00:00Z,,,2026-07-23T00:00:00Z
ocds-9t57fa-163296,HDA/HO/2026/008,Housing Development Agency,Gauteng,complete,['Professional & consulting services'],"[{'industry': 'Professional & consulting services', 'score': 1.0, 'reasons': [""category field contains 'consulting'""]}]",False,,0,ZAR,2026-08-14T11:00:00Z,,,2026-07-23T00:00:00Z
ocds-9t57fa-163575,CCMA-VA-26-01,Commission for Conciliation Mediation & Arbitration,KwaZulu-Natal,active,['Other / uncategorised'],"[{'industry': 'Other / uncategorised', 'score': 0.0, 'reasons': []}]",False,,0,ZAR,2026-07-23T11:00:00Z,,1652116320.0,2026-07-22T00:00:00Z
ocds-9t57fa-165164,SIN-110,Council for Scientific and Industrial Research (CSIR),Gauteng,active,['Professional & consulting services'],"[{'industry': 'Professional & consulting services', 'score': 1.0, 'reasons': [""category field contains 'consulting'""]}]",False,,0,ZAR,2026-07-23T11:00:00Z,,25155742.0,2026-07-22T00:00:00Z
ocds-9t57fa-165165,SIN-108,Council for Scientific and Industrial Research (CSIR),Gauteng,active,['Other / uncategorised'],"[{'industry': 'Other / uncategorised', 'score': 0.0, 'reasons': []}]",False,,0,ZAR,2026-07-23T11:00:00Z,,8500000.0,2026-07-22T00:00:00Z
ocds-9t57fa-165175,SSP-161,Council for Scientific and Industrial Research (CSIR),Gauteng,active,['Electrical'],"[{'industry': 'Electrical', 'score': 1.0, 'reasons': [""category field contains 'electrical'""]}]",False,,0,ZAR,2026-07-23T11:00:00Z,,32252753.0,2026-07-22T00:00:00Z
ocds-9t57fa-163051,PR10117232,Road Accident Fund,Gauteng,active,"['Professional & consulting services', 'Construction & civil']","[{'industry': 'Professional & consulting services', 'score': 1.0, 'reasons': [""category field contains 'consulting'""]}, {'industry': 'Construction & civil', 'score': 0.89, 'reasons': [""text fuzzy-matches 'roads' (similarity 0.89)""]}]",False,,0,ZAR,2026-07-27T11:00:00Z,,1932000.0,2026-07-22T00:00:00Z
ocds-9t57fa-163037,BSM 02/27,Stellenbosch Municipality,Western Cape,active,['Other / uncategorised'],"[{'industry': 'Other / uncategorised', 'score': 0.0, 'reasons': []}]",False,,0,ZAR,2026-08-06T12:00:00Z,,21574000.0,2026-07-22T00:00:00Z
ocds-9t57fa-163112,POT00006S7,Justice & Constitutional Development,National,cancelled,['Other / uncategorised'],"[{'industry': 'Other / uncategorised', 'score': 0.0, 'reasons': []}]",False,2025-11-17T00:00:00Z,0,ZAR,2026-07-23T08:00:00Z,,9900000.0,2026-07-22T00:00:00Z
ocds-9t57fa-163114,POT00005XL..,Justice & Constitutional Development,National,cancelled,['Security services'],"[{'industry': 'Security services', 'score': 1.0, 'reasons': [""text fuzzy-matches 'security services' (similarity 1.00)""]}]",False,2026-02-28T00:00:00Z,0,ZAR,2026-07-23T08:00:00Z,,9055198.0,2026-07-22T00:00:00Z
ocds-9t57fa-163117,POT00005XK,Justice & Constitutional Development,National,cancelled,['Security services'],"[{'industry': 'Security services', 'score': 1.0, 'reasons': [""text fuzzy-matches 'security services' (similarity 1.00)""]}]",False,2026-01-31T00:00:00Z,0,ZAR,2026-07-23T08:00:00Z,,99934690.0,2026-07-22T00:00:00Z
ocds-9t57fa-163168,SMQ01-26-27(CANCELLATION),Swellendam Municipality,Western Cape,complete,['Other / uncategorised'],"[{'industry': 'Other / uncategorised', 'score': 0.0, 'reasons': []}]",False,,0,ZAR,2026-07-24T11:00:00Z,,,2026-07-22T00:00:00Z
ocds-9t57fa-163102,RFQ-STR-26-27-101,"Manufacturing, Engineering and Related Services SETA (merSETA)",Gauteng,complete,['Other / uncategorised'],"[{'industry': 'Other / uncategorised', 'score': 0.0, 'reasons': []}]",False,,0,ZAR,2026-07-24T13:00:00Z,,,2026-07-22T00:00:00Z
ocds-9t57fa-163213,RFQ/Microsoft/12/26,Land and Agricultural Development Bank of South Africa,National,complete,['Professional & consulting services'],"[{'industry': 'Professional & consulting services', 'score': 1.0, 'reasons': [""category field contains 'consulting'""]}]",False,,0,ZAR,2026-07-24T13:00:00Z,,,2026-07-22T00:00:00Z
ocds-9t57fa-163215,RFQ/Pow/12/26,Land and Agricultural Development Bank of South Africa,National,complete,['Professional & consulting services'],"[{'industry': 'Professional & consulting services', 'score': 1.0, 'reasons': [""category field contains 'consulting'""]}]",False,,0,ZAR,2026-07-24T13:00:00Z,,,2026-07-22T00:00:00Z
ocds-9t57fa-163118,NLM-KWT-26/012,South African Nuclear Energy Corporation Limited,North West,complete,['Other / uncategorised'],"[{'industry': 'Other / uncategorised', 'score': 0.0, 'reasons': []}]",False,,0,ZAR,2026-07-24T16:00:00Z,,,2026-07-22T00:00:00Z
ocds-9t57fa-162531,ZNQUMGDO 11-26/27,Kwazulu Natal - Public Works (Head Office),KwaZulu-Natal,complete,['Supply of goods'],"[{'industry': 'Supply of goods', 'score': 1.0, 'reasons': [""text fuzzy-matches 'supply and delivery' (similarity 1.00)""]}]",False,,0,ZAR,2026-07-27T11:00:00Z,,,2026-07-22T00:00:00Z
ocds-9t57fa-163145,Necsa -RFQ -0004 - Wellness Case Management,South African Nuclear Energy Corporation Limited,North West,complete,['Other / uncategorised'],"[{'industry': 'Other / uncategorised', 'score': 0.0, 'reasons': []}]",False,,0,ZAR,2026-07-27T12:00:00Z,,,2026-07-22T00:00:00Z
ocds-9t57fa-163106,iLABS/RFQ 2026/27:109,National Research Foundation,Gauteng,complete,"['Mechanical & HVAC', 'Professional & consulting services']","[{'industry': 'Mechanical & HVAC', 'score': 1.0, 'reasons': [""text fuzzy-matches 'mechanical' (similarity 1.00)""]}, {'industry': 'Professional & consulting services', 'score': 1.0, 'reasons': [""category field contains 'consulting'""]}]",False,,0,ZAR,2026-07-28T11:00:00Z,,,2026-07-22T00:00:00Z
ocds-9t57fa-162277,ZNQUMGDO 02-26/27,Kwazulu Natal - Public Works (Head Office),KwaZulu-Natal,complete,['Construction & civil'],"[{'industry': 'Construction & civil', 'score': 2.0, 'reasons': [""category field contains 'construction'"", ""text fuzzy-matches 'building' (similarity 1.00)""]}]",False,,0,ZAR,2026-07-29T11:00:00Z,,,2026-07-22T00:00:00Z
ocds-9t57fa-162281,ZNQUMGDO 24-26/27,Kwazulu Natal - Public Works (Head Office),KwaZulu-Natal,complete,['Construction & civil'],"[{'industry': 'Construction & civil', 'score': 1.0, 'reasons': [""category field contains 'construction'""]}]",False,,0,ZAR,2026-07-29T11:00:00Z,,,2026-07-22T00:00:00Z
ocds-9t57fa-163075,NRWDI/ICT/2026-06,National Radioactive Waste Disposal Institute (NRWDI),North West,complete,"['Electrical', 'Supply of goods']","[{'industry': 'Electrical', 'score': 1.0, 'reasons': [""category field contains 'electrical'""]}, {'industry': 'Supply of goods', 'score': 1.0, 'reasons': [""text fuzzy-matches 'supply and delivery' (similarity 1.00)""]}]",False,,0,ZAR,2026-07-29T11:00:00Z,,,2026-07-22T00:00:00Z
ocds-9t57fa-163087,RFQJW63ZZ26,Johannesburg Water,Gauteng,complete,['Supply of goods'],"[{'industry': 'Supply of goods', 'score': 1.0, 'reasons': [""text fuzzy-matches 'supply and delivery' (similarity 1.00)""]}]",False,,0,ZAR,2026-07-29T16:00:00Z,,,2026-07-22T00:00:00Z
ocds-9t57fa-163156,RFQJW036NS26-27,Johannesburg Water,Gauteng,complete,['Supply of goods'],"[{'industry': 'Supply of goods', 'score': 0.97, 'reasons': [""text fuzzy-matches 'supply and delivery' (similarity 0.97)""]}]",False,,0,ZAR,2026-07-29T16:00:00Z,,,2026-07-22T00:00:00Z
ocds-9t57fa-163162,RFQJW039NS26-27,Johannesburg Water,Gauteng,complete,['Supply of goods'],"[{'industry': 'Supply of goods', 'score': 1.0, 'reasons': [""text fuzzy-matches 'supply and delivery' (similarity 1.00)""]}]",False,,0,ZAR,2026-07-29T16:00:00Z,,,2026-07-22T00:00:00Z
ocds-9t57fa-163164,RFQJW040NS26-27,Johannesburg Water,Gauteng,complete,['Supply of goods'],"[{'industry': 'Supply of goods', 'score': 0.97, 'reasons': [""text fuzzy-matches 'supply and delivery' (similarity 0.97)""]}]",False,,0,ZAR,2026-07-29T16:00:00Z,,,2026-07-22T00:00:00Z
ocds-9t57fa-163167,RFQJW041NS26-27,Johannesburg Water,Gauteng,complete,['Supply of goods'],"[{'industry': 'Supply of goods', 'score': 0.97, 'reasons': [""text fuzzy-matches 'supply and delivery' (similarity 0.97)""]}]",False,,0,ZAR,2026-07-29T16:00:00Z,,,2026-07-22T00:00:00Z
ocds-9t57fa-163216,RFQ/ESS-MSS/13/26,Land and Agricultural Development Bank of South Africa,National,complete,['Professional & consulting services'],"[{'industry': 'Professional & consulting services', 'score': 1.0, 'reasons': [""category field contains 'consulting'""]}]",False,,0,ZAR,2026-07-29T16:00:00Z,,,2026-07-22T00:00:00Z
ocds-9t57fa-163219,RFQJW038NS26-27,Johannesburg Water,Gauteng,complete,['Supply of goods'],"[{'industry': 'Supply of goods', 'score': 1.0, 'reasons': [""text fuzzy-matches 'supply and delivery' (similarity 1.00)""]}]",False,,0,ZAR,2026-07-29T16:00:00Z,,,2026-07-22T00:00:00Z
ocds-9t57fa-163086,RFQ-22/07/2026 Qubit™ 1X DSDNA High Sensitivity As,Iziko Museums of Cape Town,Western Cape,complete,['Other / uncategorised'],"[{'industry': 'Other / uncategorised', 'score': 0.0, 'reasons': []}]",False,,0,ZAR,2026-07-30T11:00:00Z,,,2026-07-22T00:00:00Z
ocds-9t57fa-163171,RFP0015,Takeover Regulation Panel,Gauteng,complete,['Professional & consulting services'],"[{'industry': 'Professional & consulting services', 'score': 1.0, 'reasons': [""category field contains 'consulting'""]}]",False,,0,ZAR,2026-07-30T11:00:00Z,,,2026-07-22T00:00:00Z
ocds-9t57fa-163186,5-2-1-1-2026-2027-056,National - Department of Agriculture,Gauteng,complete,"['Agriculture', 'Supply of goods']","[{'industry': 'Agriculture', 'score': 1.0, 'reasons': [""text fuzzy-matches 'agriculture' (similarity 1.00)""]}, {'industry': 'Supply of goods', 'score': 0.97, 'reasons': [""text fuzzy-matches 'supply and delivery' (similarity 0.97)""]}]",False,,0,ZAR,2026-07-30T11:00:00Z,,,2026-07-22T00:00:00Z
ocds-9t57fa-163137,RFQ NUMBER 10372984,Passenger Rail Agency of South Africa,National,complete,['Professional & consulting services'],"[{'industry': 'Professional & consulting services', 'score': 1.0, 'reasons': [""category field contains 'consulting'""]}]",False,,0,ZAR,2026-07-30T12:00:00Z,,,2026-07-22T00:00:00Z
ocds-9t57fa-163211,RFQ 3-2027,Kareeberg Municipality,Northern Cape,complete,['Other / uncategorised'],"[{'industry': 'Other / uncategorised', 'score': 0.0, 'reasons': []}]",False,,0,ZAR,2026-07-30T12:00:00Z,,,2026-07-22T00:00:00Z
ocds-9t57fa-163088,Iziko RFQ Advancement: 22 July 2026,Iziko Museums of Cape Town,Western Cape,complete,['Other / uncategorised'],"[{'industry': 'Other / uncategorised', 'score': 0.0, 'reasons': []}]",False,,0,ZAR,2026-07-31T11:00:00Z,,,2026-07-22T00:00:00Z
ocds-9t57fa-163119,SAF-RFQ-0179 - Heat Exchangers Cleaning,South African Nuclear Energy Corporation Limited,North West,complete,['Other / uncategorised'],"[{'industry': 'Other / uncategorised', 'score': 0.0, 'reasons': []}]",False,,0,ZAR,2026-07-31T11:00:00Z,,,2026-07-22T00:00:00Z
ocds-9t57fa-163128,IM1372026.,Tourism,Gauteng,complete,['Other / uncategorised'],"[{'industry': 'Other / uncategorised', 'score': 0.0, 'reasons': []}]",False,,0,ZAR,2026-07-31T11:00:00Z,,,2026-07-22T00:00:00Z
ocds-9t57fa-163198,5-2-1-1-2026-2027-069,National - Department of Agriculture,Gauteng,complete,"['Agriculture', 'Supply of goods']","[{'industry': 'Agriculture', 'score': 1.0, 'reasons': [""text fuzzy-matches 'agriculture' (similarity 1.00)""]}, {'industry': 'Supply of goods', 'score': 0.97, 'reasons': [""text fuzzy-matches 'supply and delivery' (similarity 0.97)""]}]",False,,0,ZAR,2026-07-31T11:00:00Z,,,2026-07-22T00:00:00Z
ocds-9t57fa-163185,RFQJW64BZ2026 -Jukskei Sewer Pump Station Fence in,Johannesburg Water,Gauteng,complete,"['Mechanical & HVAC', 'Water & sanitation']","[{'industry': 'Mechanical & HVAC', 'score': 1.0, 'reasons': [""text fuzzy-matches 'pump' (similarity 1.00)""]}, {'industry': 'Water & sanitation', 'score': 1.0, 'reasons': [""text fuzzy-matches 'sewer' (similarity 1.00)""]}]",False,,0,ZAR,2026-07-31T12:00:00Z,,,2026-07-22T00:00:00Z
ocds-9t57fa-163194,THE IDT EMPLOYEE’S LAPTOPS = 22 JULY 2026 ,Independent Development Trust,National,complete,['Other / uncategorised'],"[{'industry': 'Other / uncategorised', 'score': 0.0, 'reasons': []}]",False,,0,ZAR,2026-07-31T12:00:00Z,,,2026-07-22T00:00:00Z
ocds-9t57fa-163180,RFI JW 22/07/2026,Johannesburg Water,Gauteng,complete,['Water & sanitation'],"[{'industry': 'Water & sanitation', 'score': 1.0, 'reasons': [""text fuzzy-matches 'sewer' (similarity 1.00)""]}]",False,,0,ZAR,2026-07-31T13:00:00Z,,,2026-07-22T00:00:00Z
ocds-9t57fa-163140,Vac0026,National Museum Bloemfontein,Free State,complete,['Supply of goods'],"[{'industry': 'Supply of goods', 'score': 1.0, 'reasons': [""text fuzzy-matches 'supply and delivery' (similarity 1.00)""]}]",False,,0,ZAR,2026-07-31T15:00:00Z,,,2026-07-22T00:00:00Z
ocds-9t57fa-163217,RFQ/SSL Cert/14/26,Land and Agricultural Development Bank of South Africa,National,complete,['Professional & consulting services'],"[{'industry': 'Professional & consulting services', 'score': 1.0, 'reasons': [""category field contains 'consulting'""]}]",False,,0,ZAR,2026-07-31T16:00:00Z,,,2026-07-22T00:00:00Z
ocds-9t57fa-163132,Q07-2026-27,City of Tshwane,Gauteng,complete,['Professional & consulting services'],"[{'industry': 'Professional & consulting services', 'score': 1.0, 'reasons': [""category field contains 'consulting'""]}]",False,,0,ZAR,2026-08-04T10:00:00Z,,,2026-07-22T00:00:00Z
ocds-9t57fa-163153,Q05-2026-27,City of Tshwane,Gauteng,complete,['Other / uncategorised'],"[{'industry': 'Other / uncategorised', 'score': 0.0, 'reasons': []}]",False,,0,ZAR,2026-08-05T10:00:00Z,,,2026-07-22T00:00:00Z
ocds-9t57fa-163025,LPT/QUT015/2026,Limpopo - Provincial Treasury,Limpopo,complete,['Other / uncategorised'],"[{'industry': 'Other / uncategorised', 'score': 0.0, 'reasons': []}]",False,,0,ZAR,2026-08-05T11:00:00Z,,,2026-07-22T00:00:00Z
ocds-9t57fa-163187,RFQ: AGR0043/26,Gauteng - Agriculture and Rural Development,Gauteng,complete,"['Professional & consulting services', 'Agriculture']","[{'industry': 'Professional & consulting services', 'score': 2.0, 'reasons': [""category field contains 'consulting'"", ""text fuzzy-matches 'professional services' (similarity 1.00)""]}, {'industry': 'Agriculture', 'score': 1.0, 'reasons': [""text fuzzy-matches 'agriculture' (similarity 1.00)""]}]",False,,0,ZAR,2026-08-05T11:00:00Z,,,2026-07-22T00:00:00Z
ocds-9t57fa-163188,8/2/1/628,Abaqulusi Local Municipality,KwaZulu-Natal,complete,['Other / uncategorised'],"[{'industry': 'Other / uncategorised', 'score': 0.0, 'reasons': []}]",False,,0,ZAR,2026-08-05T12:00:00Z,,,2026-07-22T00:00:00Z
ocds-9t57fa-163189,8/2/1/629,Abaqulusi Local Municipality,KwaZulu-Natal,complete,['Construction & civil'],"[{'industry': 'Construction & civil', 'score': 1.0, 'reasons': [""text fuzzy-matches 'renovation' (similarity 1.00)""]}]",False,,0,ZAR,2026-08-05T12:00:00Z,,,2026-07-22T00:00:00Z
ocds-9t57fa-163191,8/2/1/627,Abaqulusi Local Municipality,KwaZulu-Natal,complete,['Other / uncategorised'],"[{'industry': 'Other / uncategorised', 'score': 0.0, 'reasons': []}]",False,,0,ZAR,2026-08-05T12:00:00Z,,,2026-07-22T00:00:00Z
ocds-9t57fa-163124,RFQJW033NS26-27,Johannesburg Water,Gauteng,complete,['Construction & civil'],"[{'industry': 'Construction & civil', 'score': 1.0, 'reasons': [""category field contains 'construction'""]}]",False,,0,ZAR,2026-08-06T11:00:00Z,,,2026-07-22T00:00:00Z
ocds-9t57fa-163193,8/2/1/631,Abaqulusi Local Municipality,KwaZulu-Natal,complete,['Other / uncategorised'],"[{'industry': 'Other / uncategorised', 'score': 0.0, 'reasons': []}]",False,,0,ZAR,2026-08-06T12:00:00Z,,,2026-07-22T00:00:00Z
ocds-9t57fa-163195,8/2/1/632,Abaqulusi Local Municipality,KwaZulu-Natal,complete,['Other / uncategorised'],"[{'industry': 'Other / uncategorised', 'score': 0.0, 'reasons': []}]",False,,0,ZAR,2026-08-06T12:00:00Z,,,2026-07-22T00:00:00Z
ocds-9t57fa-163098,RFQJW032NS26-27,Johannesburg Water,Gauteng,complete,['Construction & civil'],"[{'industry': 'Construction & civil', 'score': 1.0, 'reasons': [""category field contains 'construction'""]}]",False,,0,ZAR,2026-08-06T16:00:00Z,,,2026-07-22T00:00:00Z
ocds-9t57fa-163125,HSRC -20-07-2026,Human Sciences Research Council,KwaZulu-Natal,complete,['Mechanical & HVAC'],"[{'industry': 'Mechanical & HVAC', 'score': 1.0, 'reasons': [""category field contains 'air conditioning'""]}]",False,,0,ZAR,2026-08-06T16:00:00Z,,,2026-07-22T00:00:00Z
ocds-9t57fa-163203,DMP/08/26/GAU-PER,Passenger Rail Agency of South Africa,Gauteng,complete,['Supply of goods'],"[{'industry': 'Supply of goods', 'score': 1.0, 'reasons': [""text fuzzy-matches 'supply and delivery' (similarity 1.00)""]}]",False,,0,ZAR,2026-08-07T10:00:00Z,,,2026-07-22T00:00:00Z
ocds-9t57fa-163129,RFQJW034NS26-27,Johannesburg Water,Gauteng,complete,['Construction & civil'],"[{'industry': 'Construction & civil', 'score': 1.0, 'reasons': [""category field contains 'construction'""]}]",False,,0,ZAR,2026-08-07T16:00:00Z,,,2026-07-22T00:00:00Z
ocds-9t57fa-163093,"RFQJW63BZ2026 -Diagnosis, repair, and servicing of",Johannesburg Water,Gauteng,complete,"['Electrical', 'Mechanical & HVAC']","[{'industry': 'Electrical', 'score': 1.0, 'reasons': [""text fuzzy-matches 'generator' (similarity 1.00)""]}, {'industry': 'Mechanical & HVAC', 'score': 1.0, 'reasons': [""text fuzzy-matches 'pump' (similarity 1.00)""]}]",False,,0,ZAR,2026-08-10T12:00:00Z,,,2026-07-22T00:00:00Z
ocds-9t57fa-163082,CTT26923,PetroSA,Western Cape,complete,['Professional & consulting services'],"[{'industry': 'Professional & consulting services', 'score': 1.0, 'reasons': [""category field contains 'consulting'""]}]",False,,0,ZAR,2026-08-11T11:00:00Z,,,2026-07-22T00:00:00Z
ocds-9t57fa-163101,ATNS/RFQ/02/2026/19/ FACILITIES_ELECTRICAL CERTIFI,Air Traffic and Navigation Services Company Limited,Gauteng,complete,['Electrical'],"[{'industry': 'Electrical', 'score': 2.0, 'reasons': [""category field contains 'electrical'"", ""text fuzzy-matches 'electrical' (similarity 1.00)""]}]",False,,0,ZAR,2026-08-11T11:00:00Z,,,2026-07-22T00:00:00Z
ocds-9t57fa-163179,RFQ 2026-007-019,National Lotteries Commission,Eastern Cape,complete,['Construction & civil'],"[{'industry': 'Construction & civil', 'score': 2.0, 'reasons': [""category field contains 'construction'"", ""text fuzzy-matches 'building' (similarity 1.00)""]}]",False,,0,ZAR,2026-08-11T11:00:00Z,,,2026-07-22T00:00:00Z
ocds-9t57fa-163209,UMZ/2026-27/INFRA/CAP/002,Umzimvubu Local Municipality,Eastern Cape,complete,['Construction & civil'],"[{'industry': 'Construction & civil', 'score': 1.89, 'reasons': [""category field contains 'construction'"", ""text fuzzy-matches 'roads' (similarity 0.89)""]}]",False,,0,ZAR,2026-08-11T12:00:00Z,,,2026-07-22T00:00:00Z
ocds-9t57fa-163085,HP26/001GS,Public Works,Gauteng,complete,['Other / uncategorised'],"[{'industry': 'Other / uncategorised', 'score': 0.0, 'reasons': []}]",False,,0,ZAR,2026-08-12T11:00:00Z,,,2026-07-22T00:00:00Z
ocds-9t57fa-163050,PR10117231,Road Accident Fund,Gauteng,active,"['Professional & consulting services', 'Construction & civil']","[{'industry': 'Professional & consulting services', 'score': 1.0, 'reasons': [""category field contains 'consulting'""]}, {'industry': 'Construction & civil', 'score': 0.89, 'reasons': [""text fuzzy-matches 'roads' (similarity 0.89)""]}]",False,,0,ZAR,2026-07-27T11:00:00Z,,2484000.0,2026-07-21T00:00:00Z
ocds-9t57fa-167107,SO/DEV/04/08/2026,South African National Space Agency,Gauteng,active,['ICT & telecommunications'],"[{'industry': 'ICT & telecommunications', 'score': 1.0, 'reasons': [""category field contains 'telecommunications'""]}]",False,,0,ZAR,2026-08-25T11:00:00Z,,410000.0,2026-07-21T00:00:00Z
ocds-9t57fa-162998,POT0000C1Q..,Justice & Constitutional Development,National,cancelled,['Other / uncategorised'],"[{'industry': 'Other / uncategorised', 'score': 0.0, 'reasons': []}]",False,2026-03-25T00:00:00Z,0,ZAR,2026-07-22T11:00:00Z,,14284000.0,2026-07-21T00:00:00Z
ocds-9t57fa-162999,POT00006TP..,Justice & Constitutional Development,National,cancelled,['Other / uncategorised'],"[{'industry': 'Other / uncategorised', 'score': 0.0, 'reasons': []}]",False,2025-12-17T00:00:00Z,0,ZAR,2026-07-22T11:00:00Z,,2956500.0,2026-07-21T00:00:00Z
ocds-9t57fa-163001,POT0000BFN..,Justice & Constitutional Development,National,cancelled,['Professional & consulting services'],"[{'industry': 'Professional & consulting services', 'score': 1.0, 'reasons': [""category field contains 'consulting'""]}]",False,2026-02-27T00:00:00Z,0,ZAR,2026-07-22T11:00:00Z,,3220000.0,2026-07-21T00:00:00Z
ocds-9t57fa-163002,POT000063C...,Justice & Constitutional Development,National,cancelled,['Professional & consulting services'],"[{'industry': 'Professional & consulting services', 'score': 1.0, 'reasons': [""category field contains 'consulting'""]}]",False,2026-02-28T00:00:00Z,0,ZAR,2026-07-22T11:00:00Z,,5375328.0,2026-07-21T00:00:00Z
ocds-9t57fa-162966,N002L2706RFQ00078,Border Management Authority,Gauteng,complete,['Supply of goods'],"[{'industry': 'Supply of goods', 'score': 2.0, 'reasons': [""category field contains 'stationery'"", ""text fuzzy-matches 'supply and delivery' (similarity 1.00)""]}]",False,,0,ZAR,2026-07-22T11:00:00Z,,,2026-07-21T00:00:00Z
ocds-9t57fa-162984,RFQ/2026-007-015,National Lotteries Commission,Western Cape,complete,['Other / uncategorised'],"[{'industry': 'Other / uncategorised', 'score': 0.0, 'reasons': []}]",False,,0,ZAR,2026-07-23T11:00:00Z,,,2026-07-21T00:00:00Z
ocds-9t57fa-163000,LM 2026/0061,Luthuli museum,KwaZulu-Natal,complete,['Health & medical'],"[{'industry': 'Health & medical', 'score': 0.86, 'reasons': [""text fuzzy-matches 'medical' (similarity 0.86)""]}]",False,,0,ZAR,2026-07-23T11:00:00Z,,,2026-07-21T00:00:00Z
ocds-9t57fa-163073,RFQ/Valuechain/10/26,Land and Agricultural Development Bank of South Africa,National,complete,['Professional & consulting services'],"[{'industry': 'Professional & consulting services', 'score': 1.0, 'reasons': [""category field contains 'consulting'""]}]",False,,0,ZAR,2026-07-23T14:00:00Z,,,2026-07-21T00:00:00Z
ocds-9t57fa-163074,RFQ/Cust/11/26,Land and Agricultural Development Bank of South Africa,National,complete,['Professional & consulting services'],"[{'industry': 'Professional & consulting services', 'score': 1.0, 'reasons': [""category field contains 'consulting'""]}]",False,,0,ZAR,2026-07-23T16:00:00Z,,,2026-07-21T00:00:00Z
ocds-9t57fa-162983,RFQ-21-07-2026,Kwa-Zulu Natal - Ezemvelo KwaZulu-Natal Wildlife,KwaZulu-Natal,complete,['Other / uncategorised'],"[{'industry': 'Other / uncategorised', 'score': 0.0, 'reasons': []}]",False,,0,ZAR,2026-07-24T11:00:00Z,,,2026-07-21T00:00:00Z
ocds-9t57fa-163066,IM1412026,Tourism,Gauteng,complete,['Security services'],"[{'industry': 'Security services', 'score': 1.0, 'reasons': [""text fuzzy-matches 'security services' (similarity 1.00)""]}]",False,,0,ZAR,2026-07-27T09:00:00Z,,,2026-07-21T00:00:00Z
ocds-9t57fa-163026,RO/01/07/2026,South African Social Security Agency,Eastern Cape,complete,['Other / uncategorised'],"[{'industry': 'Other / uncategorised', 'score': 0.0, 'reasons': []}]",False,,0,ZAR,2026-07-27T11:00:00Z,,,2026-07-21T00:00:00Z
ocds-9t57fa-167613,REQ0000002158  ,Public Protector South Africa,Gauteng,complete,['Supply of goods'],"[{'industry': 'Supply of goods', 'score': 0.97, 'reasons': [""text fuzzy-matches 'supply and delivery' (similarity 0.97)""]}]",False,,0,ZAR,2026-07-27T11:00:00Z,,,2026-07-21T00:00:00Z
ocds-9t57fa-162988,E2848DXMPOUBL,ESKOM,Mpumalanga,complete,"['Supply of goods', 'Cleaning & facilities']","[{'industry': 'Supply of goods', 'score': 1.0, 'reasons': [""text fuzzy-matches 'supply and delivery' (similarity 1.00)""]}, {'industry': 'Cleaning & facilities', 'score': 0.97, 'reasons': [""text fuzzy-matches 'cleaning services' (similarity 0.97)""]}]",False,,0,ZAR,2026-07-28T10:00:00Z,,,2026-07-21T00:00:00Z
ocds-9t57fa-162960,ATNS/RFQ03/07/2026/27/IT_ITIL V5MP Transition Cour,Air Traffic and Navigation Services Company Limited,Gauteng,complete,['Other / uncategorised'],"[{'industry': 'Other / uncategorised', 'score': 0.0, 'reasons': []}]",False,,0,ZAR,2026-07-28T11:00:00Z,,,2026-07-21T00:00:00Z
ocds-9t57fa-162968,RFQ 202036,The South African Bureau of Standards (SABS),Gauteng,complete,['Other / uncategorised'],"[{'industry': 'Other / uncategorised', 'score': 0.0, 'reasons': []}]",False,,0,ZAR,2026-07-28T11:00:00Z,,,2026-07-21T00:00:00Z
ocds-9t57fa-162981,ZNQ 26/27/04/S,Kwazulu Natal - Public Works (Head Office),KwaZulu-Natal,complete,['Other / uncategorised'],"[{'industry': 'Other / uncategorised', 'score': 0.0, 'reasons': []}]",False,,0,ZAR,2026-07-28T11:00:00Z,,,2026-07-21T00:00:00Z
ocds-9t57fa-163039,OPS/JUL/2026/13,Limpopo - Gateway Airport Authority Limited,Limpopo,complete,['ICT & telecommunications'],"[{'industry': 'ICT & telecommunications', 'score': 1.0, 'reasons': [""category field contains 'telecommunications'""]}]",False,,0,ZAR,2026-07-28T11:00:00Z,,,2026-07-21T00:00:00Z
ocds-9t57fa-163041,RFP06 2026-2027 ,National Film and Video Foundation of South Africa,Gauteng,complete,['Other / uncategorised'],"[{'industry': 'Other / uncategorised', 'score': 0.0, 'reasons': []}]",False,,0,ZAR,2026-07-28T11:00:00Z,,,2026-07-21T00:00:00Z
ocds-9t57fa-163034,QUOTATION 8/2/29-2026 / MN153-2026,Bergrivier - WC Local Municipality,Western Cape,complete,['Professional & consulting services'],"[{'industry': 'Professional & consulting services', 'score': 1.0, 'reasons': [""category field contains 'consulting'""]}]",False,,0,ZAR,2026-07-28T12:00:00Z,,,2026-07-21T00:00:00Z
ocds-9t57fa-162961,Re Advert : THE APPOINTMENT OF A SERVICE PROVIDER ,KwaZulu-Natal Museum,KwaZulu-Natal,complete,['Other / uncategorised'],"[{'industry': 'Other / uncategorised', 'score': 0.0, 'reasons': []}]",False,,0,ZAR,2026-07-28T16:00:00Z,,,2026-07-21T00:00:00Z
ocds-9t57fa-162980,RFQJW0087DM26,Johannesburg Water,Gauteng,complete,['Water & sanitation'],"[{'industry': 'Water & sanitation', 'score': 1.0, 'reasons': [""category field contains 'sewer'""]}]",False,,0,ZAR,2026-07-28T16:00:00Z,,,2026-07-21T00:00:00Z
ocds-9t57fa-162985,RFQJW47SN26,Johannesburg Water,Gauteng,complete,['Supply of goods'],"[{'industry': 'Supply of goods', 'score': 1.0, 'reasons': [""text fuzzy-matches 'supply and delivery' (similarity 1.00)""]}]",False,,0,ZAR,2026-07-28T16:00:00Z,,,2026-07-21T00:00:00Z
ocds-9t57fa-163022,RFQJW62ZZ26,Johannesburg Water,Gauteng,complete,['Supply of goods'],"[{'industry': 'Supply of goods', 'score': 1.0, 'reasons': [""text fuzzy-matches 'supply and delivery' (similarity 1.00)""]}]",False,,0,ZAR,2026-07-28T16:00:00Z,,,2026-07-21T00:00:00Z
ocds-9t57fa-163042,RFQJW52ZZ26,Johannesburg Water,Gauteng,complete,['Other / uncategorised'],"[{'industry': 'Other / uncategorised', 'score': 0.0, 'reasons': []}]",False,,0,ZAR,2026-07-28T16:00:00Z,,,2026-07-21T00:00:00Z
ocds-9t57fa-163062,HO/SEC/10372839/07/026,Passenger Rail Agency of South Africa,National,complete,['Supply of goods'],"[{'industry': 'Supply of goods', 'score': 1.0, 'reasons': [""text fuzzy-matches 'supply and delivery' (similarity 1.00)""]}]",False,,0,ZAR,2026-07-29T10:00:00Z,,,2026-07-21T00:00:00Z
ocds-9t57fa-163063,5-2-1-1-2026-2027-053,National - Department of Agriculture,Gauteng,complete,"['Supply of goods', 'Agriculture']","[{'industry': 'Supply of goods', 'score': 2.0, 'reasons': [""category field contains 'stationery'"", ""text fuzzy-matches 'stationery' (similarity 1.00)""]}, {'industry': 'Agriculture', 'score': 1.0, 'reasons': [""text fuzzy-matches 'agriculture' (similarity 1.00)""]}]",False,,0,ZAR,2026-07-29T11:00:00Z,,,2026-07-21T00:00:00Z
ocds-9t57fa-163004,RFQ10416930,Rand Water,Gauteng,complete,"['ICT & telecommunications', 'Professional & consulting services']","[{'industry': 'ICT & telecommunications', 'score': 1.0, 'reasons': [""text fuzzy-matches 'software' (similarity 1.00)""]}, {'industry': 'Professional & consulting services', 'score': 1.0, 'reasons': [""category field contains 'consulting'""]}]",False,,0,ZAR,2026-07-30T00:00:00Z,,,2026-07-21T00:00:00Z
ocds-9t57fa-163028,RFQ 26-27/03,Phumelela Local Municipality,Free State,complete,['Professional & consulting services'],"[{'industry': 'Professional & consulting services', 'score': 1.0, 'reasons': [""category field contains 'consulting'""]}]",False,,0,ZAR,2026-07-30T11:00:00Z,,,2026-07-21T00:00:00Z
ocds-9t57fa-163064,IZIKO-FIN-RFQ-2026/07/19,Iziko Museums of Cape Town,Western Cape,complete,['Professional & consulting services'],"[{'industry': 'Professional & consulting services', 'score': 1.0, 'reasons': [""category field contains 'consulting'""]}]",False,,0,ZAR,2026-07-30T11:00:00Z,,,2026-07-21T00:00:00Z
ocds-9t57fa-163010,RFQ202627/29,Kwa-Zulu Natal - Trade and Investment KwaZulu-Natal,KwaZulu-Natal,complete,['Electrical'],"[{'industry': 'Electrical', 'score': 1.0, 'reasons': [""category field contains 'electrical'""]}]",False,,0,ZAR,2026-07-30T12:00:00Z,,,2026-07-21T00:00:00Z
ocds-9t57fa-163054,RFQ00080/2026,Eastern Cape - Eastern Cape Development Corporation,Eastern Cape,complete,['Other / uncategorised'],"[{'industry': 'Other / uncategorised', 'score': 0.0, 'reasons': []}]",False,,0,ZAR,2026-07-30T12:00:00Z,,,2026-07-21T00:00:00Z
ocds-9t57fa-163011,RFQ/SASSETA/2526102/5,Safety and Security Sector Education and Training Authority (Sasseta),Gauteng,complete,['Professional & consulting services'],"[{'industry': 'Professional & consulting services', 'score': 1.0, 'reasons': [""category field contains 'consulting'""]}]",False,,0,ZAR,2026-07-30T15:00:00Z,,,2026-07-21T00:00:00Z
ocds-9t57fa-163018,RFQ/SASSETA/2425136/7/77,Safety and Security Sector Education and Training Authority (Sasseta),Gauteng,complete,['Professional & consulting services'],"[{'industry': 'Professional & consulting services', 'score': 1.0, 'reasons': [""category field contains 'consulting'""]}]",False,,0,ZAR,2026-07-30T15:00:00Z,,,2026-07-21T00:00:00Z
ocds-9t57fa-163018,RFQ/SASSETA/2425136/7/77,Safety and Security Sector Education and Training Authority (Sasseta),Gauteng,complete,['Professional & consulting services'],"[{'industry': 'Professional & consulting services', 'score': 1.0, 'reasons': [""category field contains 'consulting'""]}]",False,,0,ZAR,2026-07-30T15:00:00Z,,,2026-07-21T00:00:00Z
ocds-9t57fa-162989,RFQJW0088DM26 ,Johannesburg Water,Gauteng,complete,['Water & sanitation'],"[{'industry': 'Water & sanitation', 'score': 1.0, 'reasons': [""category field contains 'sewer'""]}]",False,,0,ZAR,2026-07-30T16:00:00Z,,,2026-07-21T00:00:00Z
ocds-9t57fa-162994,RFQ/014/2026/27,BRAND RSA,Gauteng,complete,['Professional & consulting services'],"[{'industry': 'Professional & consulting services', 'score': 1.0, 'reasons': [""category field contains 'consulting'""]}]",False,,0,ZAR,2026-07-30T16:00:00Z,,,2026-07-21T00:00:00Z
ocds-9t57fa-163030,PR 10368309,Passenger Rail Agency of South Africa,Western Cape,complete,['Supply of goods'],"[{'industry': 'Supply of goods', 'score': 0.97, 'reasons': [""text fuzzy-matches 'supply and delivery' (similarity 0.97)""]}]",False,,0,ZAR,2026-07-31T11:00:00Z,,,2026-07-21T00:00:00Z
ocds-9t57fa-163070,PR 54300,Airports Company of South Africa,Gauteng,complete,['Professional & consulting services'],"[{'industry': 'Professional & consulting services', 'score': 2.0, 'reasons': [""category field contains 'consulting'"", ""text fuzzy-matches 'consulting' (similarity 1.00)""]}]",False,,0,ZAR,2026-07-31T12:00:00Z,,,2026-07-21T00:00:00Z
ocds-9t57fa-162969,Spli026,National Museum Bloemfontein,Free State,complete,['Other / uncategorised'],"[{'industry': 'Other / uncategorised', 'score': 0.0, 'reasons': []}]",False,,0,ZAR,2026-07-31T15:00:00Z,,,2026-07-21T00:00:00Z
ocds-9t57fa-162997,RFQ/016/2026/27,BRAND RSA,Gauteng,complete,['Professional & consulting services'],"[{'industry': 'Professional & consulting services', 'score': 1.0, 'reasons': [""category field contains 'consulting'""]}]",False,,0,ZAR,2026-07-31T16:00:00Z,,,2026-07-21T00:00:00Z
ocds-9t57fa-162943,T41-07-26,Industrial Development Corporation of South Africa Limited,Gauteng,complete,['Construction & civil'],"[{'industry': 'Construction & civil', 'score': 2.0, 'reasons': [""category field contains 'construction'"", ""text fuzzy-matches 'building' (similarity 1.00)""]}]",False,,0,ZAR,2026-08-04T11:00:00Z,,,2026-07-21T00:00:00Z
ocds-9t57fa-163047,TPT/2026/07/0808/9003/RFQ PPA-163606,Transnet SOC Ltd,KwaZulu-Natal,complete,['ICT & telecommunications'],"[{'industry': 'ICT & telecommunications', 'score': 0.89, 'reasons': [""text fuzzy-matches 'fibre' (similarity 0.89)""]}]",False,,0,ZAR,2026-08-04T13:00:00Z,,,2026-07-21T00:00:00Z
ocds-9t57fa-163057,RFQ: GSM032/2026,South African Airways (Pty) Limited,Gauteng,complete,['Other / uncategorised'],"[{'industry': 'Other / uncategorised', 'score': 0.0, 'reasons': []}]",False,,0,ZAR,2026-08-04T16:00:00Z,,,2026-07-21T00:00:00Z
ocds-9t57fa-163040,CSIR RFQ 9535/04/08/2026,Council for Scientific and Industrial Research (CSIR),National,complete,['Professional & consulting services'],"[{'industry': 'Professional & consulting services', 'score': 1.0, 'reasons': [""category field contains 'consulting'""]}]",False,,0,ZAR,2026-08-04T16:30:00Z,,,2026-07-21T00:00:00Z
ocds-9t57fa-163067,RFP110/2026,Development Bank of Southern Africa,Gauteng,complete,['Supply of goods'],"[{'industry': 'Supply of goods', 'score': 0.97, 'reasons': [""text fuzzy-matches 'supply and delivery' (similarity 0.97)""]}]",False,,0,ZAR,2026-08-04T23:30:00Z,,,2026-07-21T00:00:00Z
ocds-9t57fa-163068,RFP111/2026,Development Bank of Southern Africa,Gauteng,complete,['Supply of goods'],"[{'industry': 'Supply of goods', 'score': 0.97, 'reasons': [""text fuzzy-matches 'supply and delivery' (similarity 0.97)""]}]",False,,0,ZAR,2026-08-04T23:30:00Z,,,2026-07-21T00:00:00Z
ocds-9t57fa-164623,S102605REQ00000000,Agricultural Sector Education and Training Authority,Gauteng,active,['Other / uncategorised'],"[{'industry': 'Other / uncategorised', 'score': 0.0, 'reasons': []}]",False,,0,ZAR,2026-07-21T11:00:00Z,,297231286.0,2026-07-20T00:00:00Z
ocds-9t57fa-165154,SIN-068,Council for Scientific and Industrial Research (CSIR),Gauteng,active,['Other / uncategorised'],"[{'industry': 'Other / uncategorised', 'score': 0.0, 'reasons': []}]",False,,0,ZAR,2026-07-21T11:00:00Z,,28980242.0,2026-07-20T00:00:00Z
ocds-9t57fa-165156,SIN-106,Council for Scientific and Industrial Research (CSIR),Gauteng,active,['ICT & telecommunications'],"[{'industry': 'ICT & telecommunications', 'score': 1.0, 'reasons': [""text fuzzy-matches 'software' (similarity 1.00)""]}]",False,,0,ZAR,2026-07-21T11:00:00Z,,69770000.0,2026-07-20T00:00:00Z
ocds-9t57fa-165365,SIN-103,Council for Scientific and Industrial Research (CSIR),Western Cape,active,"['Security services', 'ICT & telecommunications']","[{'industry': 'Security services', 'score': 1.0, 'reasons': [""text fuzzy-matches 'alarm systems' (similarity 1.00)""]}, {'industry': 'ICT & telecommunications', 'score': 0.89, 'reasons': [""text fuzzy-matches 'fibre' (similarity 0.89)""]}]",False,,0,ZAR,2026-07-21T11:00:00Z,,42334610.0,2026-07-20T00:00:00Z
ocds-9t57fa-165965,TXHR001M,Eskom National Transmission Company of South Africa,Gauteng,active,['Professional & consulting services'],"[{'industry': 'Professional & consulting services', 'score': 1.0, 'reasons': [""text fuzzy-matches 'advisory' (similarity 1.00)""]}]",False,,0,ZAR,2026-07-24T11:00:00Z,,10798500.0,2026-07-20T00:00:00Z
ocds-9t57fa-162905,00100221871OR,Medical Research Council of South Africa,Western Cape,active,['Professional & consulting services'],"[{'industry': 'Professional & consulting services', 'score': 1.0, 'reasons': [""category field contains 'consulting'""]}]",False,,0,ZAR,2026-07-27T11:00:00Z,,19500000.0,2026-07-20T00:00:00Z
ocds-9t57fa-162920,IHLM/02/2026-27/MM'S,Ingquza Hill Local Municipality,Eastern Cape,active,['Transport & logistics'],"[{'industry': 'Transport & logistics', 'score': 1.0, 'reasons': [""text fuzzy-matches 'transport' (similarity 1.00)""]}]",False,,0,ZAR,2026-07-27T12:00:00Z,,358500.0,2026-07-20T00:00:00Z
ocds-9t57fa-162925,IHLM/01/2026-27/MM'S_,Ingquza Hill Local Municipality,Eastern Cape,active,['Other / uncategorised'],"[{'industry': 'Other / uncategorised', 'score': 0.0, 'reasons': []}]",False,,0,ZAR,2026-07-27T12:00:00Z,,437000.0,2026-07-20T00:00:00Z
ocds-9t57fa-169049,R/20/26/27,Eastern Cape - Eastern Cape Parks and Tourism Agency,Eastern Cape,active,['Other / uncategorised'],"[{'industry': 'Other / uncategorised', 'score': 0.0, 'reasons': []}]",False,2026-10-30T00:00:00Z,0,ZAR,2026-07-28T11:00:00Z,,1840000.0,2026-07-20T00:00:00Z
ocds-9t57fa-162919,IHLM/01/2026-27/MM'S,Ingquza Hill Local Municipality,Eastern Cape,complete,['Other / uncategorised'],"[{'industry': 'Other / uncategorised', 'score': 0.0, 'reasons': []}]",False,,0,ZAR,2026-07-20T15:56:50Z,,,2026-07-20T00:00:00Z
ocds-9t57fa-162877,Credit Rating 01,SOUTH AFRICAN SPECIAL RISKS INSURANCE ASSOCIATION (Sasria Soc Ltd),Gauteng,complete,['Professional & consulting services'],"[{'industry': 'Professional & consulting services', 'score': 1.0, 'reasons': [""category field contains 'consulting'""]}]",False,,0,ZAR,2026-07-21T11:00:00Z,,,2026-07-20T00:00:00Z
ocds-9t57fa-162879,Microsfot Unified Support 01,SOUTH AFRICAN SPECIAL RISKS INSURANCE ASSOCIATION (Sasria Soc Ltd),Gauteng,complete,['Professional & consulting services'],"[{'industry': 'Professional & consulting services', 'score': 1.0, 'reasons': [""category field contains 'consulting'""]}]",False,,0,ZAR,2026-07-21T11:00:00Z,,,2026-07-20T00:00:00Z
ocds-9t57fa-162880,Security Studies 01,SOUTH AFRICAN SPECIAL RISKS INSURANCE ASSOCIATION (Sasria Soc Ltd),Gauteng,complete,['Professional & consulting services'],"[{'industry': 'Professional & consulting services', 'score': 1.0, 'reasons': [""category field contains 'consulting'""]}]",False,,0,ZAR,2026-07-21T11:00:00Z,,,2026-07-20T00:00:00Z
ocds-9t57fa-165170,SSP-095,Council for Scientific and Industrial Research (CSIR),Gauteng,complete,['Other / uncategorised'],"[{'industry': 'Other / uncategorised', 'score': 0.0, 'reasons': []}]",False,,0,ZAR,2026-07-21T11:00:00Z,,,2026-07-20T00:00:00Z
ocds-9t57fa-165171,SSP-102,Council for Scientific and Industrial Research (CSIR),Gauteng,complete,"['ICT & telecommunications', 'Professional & consulting services']","[{'industry': 'ICT & telecommunications', 'score': 1.0, 'reasons': [""text fuzzy-matches 'software' (similarity 1.00)""]}, {'industry': 'Professional & consulting services', 'score': 1.0, 'reasons': [""category field contains 'consulting'""]}]",False,,0,ZAR,2026-07-21T11:00:00Z,,,2026-07-20T00:00:00Z
ocds-9t57fa-165172,SSP-144,Council for Scientific and Industrial Research (CSIR),Gauteng,complete,['Professional & consulting services'],"[{'industry': 'Professional & consulting services', 'score': 1.0, 'reasons': [""category field contains 'consulting'""]}]",False,,0,ZAR,2026-07-21T11:00:00Z,,,2026-07-20T00:00:00Z
ocds-9t57fa-165173,SSP-149,Council for Scientific and Industrial Research (CSIR),Gauteng,complete,['Other / uncategorised'],"[{'industry': 'Other / uncategorised', 'score': 0.0, 'reasons': []}]",False,,0,ZAR,2026-07-21T11:00:00Z,,,2026-07-20T00:00:00Z
ocds-9t57fa-162836,TPT/2026/07/0807/8975/RFQ PPA 163776,Transnet SOC Ltd,KwaZulu-Natal,complete,['Other / uncategorised'],"[{'industry': 'Other / uncategorised', 'score': 0.0, 'reasons': []}]",False,,0,ZAR,2026-07-22T11:00:00Z,,,2026-07-20T00:00:00Z
ocds-9t57fa-162930,RFQ-SAF-HE-MR-0001-Heat exchanger gaskets,South African Nuclear Energy Corporation Limited,North West,complete,['Other / uncategorised'],"[{'industry': 'Other / uncategorised', 'score': 0.0, 'reasons': []}]",False,,0,ZAR,2026-07-22T12:00:00Z,,,2026-07-20T00:00:00Z
ocds-9t57fa-162848,RFQJW0086DM26 - REPAIRS TO LEAKING ROOF,Johannesburg Water,Gauteng,complete,['Water & sanitation'],"[{'industry': 'Water & sanitation', 'score': 1.0, 'reasons': [""category field contains 'sewer'""]}]",False,,0,ZAR,2026-07-22T16:00:00Z,,,2026-07-20T00:00:00Z
ocds-9t57fa-162823,BOCMA RFQ25/2026,Breede-Gouritz Catchment Management Agency,Western Cape,complete,['Other / uncategorised'],"[{'industry': 'Other / uncategorised', 'score': 0.0, 'reasons': []}]",False,,0,ZAR,2026-07-23T14:00:00Z,,,2026-07-20T00:00:00Z
ocds-9t57fa-162884,Rfq04.26,National Regulator for Compulsory Specifications,KwaZulu-Natal,complete,"['Mechanical & HVAC', 'Supply of goods']","[{'industry': 'Mechanical & HVAC', 'score': 1.0, 'reasons': [""category field contains 'air conditioning'""]}, {'industry': 'Supply of goods', 'score': 0.97, 'reasons': [""text fuzzy-matches 'supply and delivery' (similarity 0.97)""]}]",False,,0,ZAR,2026-07-24T11:00:00Z,,,2026-07-20T00:00:00Z
ocds-9t57fa-162890,(RFQ NO. 21/26),National Regulator for Compulsory Specifications,Gauteng,complete,['Supply of goods'],"[{'industry': 'Supply of goods', 'score': 2.0, 'reasons': [""category field contains 'stationery'"", ""text fuzzy-matches 'stationery' (similarity 1.00)""]}]",False,,0,ZAR,2026-07-24T11:00:00Z,,,2026-07-20T00:00:00Z
ocds-9t57fa-162819,RFX 60000003503,Sentech Limited,Gauteng,complete,"['ICT & telecommunications', 'Professional & consulting services']","[{'industry': 'ICT & telecommunications', 'score': 1.0, 'reasons': [""text fuzzy-matches 'server' (similarity 1.00)""]}, {'industry': 'Professional & consulting services', 'score': 1.0, 'reasons': [""category field contains 'consulting'""]}]",False,,0,ZAR,2026-07-24T12:00:00Z,,,2026-07-20T00:00:00Z
ocds-9t57fa-162849,10372872/JE/2026,Passenger Rail Agency of South Africa,Gauteng,complete,['Professional & consulting services'],"[{'industry': 'Professional & consulting services', 'score': 1.0, 'reasons': [""category field contains 'consulting'""]}]",False,,0,ZAR,2026-07-24T12:00:00Z,,,2026-07-20T00:00:00Z
ocds-9t57fa-162853,RFQ 012675,NATIONAL METROLOGY INSTITUTE OF SOUTH AFRICA,Gauteng,complete,['Other / uncategorised'],"[{'industry': 'Other / uncategorised', 'score': 0.0, 'reasons': []}]",False,,0,ZAR,2026-07-24T14:00:00Z,,,2026-07-20T00:00:00Z
ocds-9t57fa-162888,RFQ/011/2026/27,BRAND RSA,Gauteng,complete,['Professional & consulting services'],"[{'industry': 'Professional & consulting services', 'score': 1.0, 'reasons': [""category field contains 'consulting'""]}]",False,,0,ZAR,2026-07-24T16:00:00Z,,,2026-07-20T00:00:00Z
ocds-9t57fa-162814,ZNQSRO17/2026-2027,Kwazulu Natal - Public Works (Head Office),KwaZulu-Natal,complete,['Other / uncategorised'],"[{'industry': 'Other / uncategorised', 'score': 0.0, 'reasons': []}]",False,,0,ZAR,2026-07-27T11:00:00Z,,,2026-07-20T00:00:00Z
ocds-9t57fa-162814,ZNQSRO17/2026-2027,Kwazulu Natal - Public Works (Head Office),KwaZulu-Natal,complete,['Other / uncategorised'],"[{'industry': 'Other / uncategorised', 'score': 0.0, 'reasons': []}]",False,,0,ZAR,2026-07-27T11:00:00Z,,,2026-07-20T00:00:00Z
ocds-9t57fa-162815,ZNQSRO19/2026-2027,Kwazulu Natal - Public Works (Head Office),KwaZulu-Natal,complete,['Other / uncategorised'],"[{'industry': 'Other / uncategorised', 'score': 0.0, 'reasons': []}]",False,,0,ZAR,2026-07-27T11:00:00Z,,,2026-07-20T00:00:00Z
ocds-9t57fa-162829,RFQ-07-11-2026,Kwa-Zulu Natal - Ezemvelo KwaZulu-Natal Wildlife,KwaZulu-Natal,complete,['Supply of goods'],"[{'industry': 'Supply of goods', 'score': 1.0, 'reasons': [""text fuzzy-matches 'supply and delivery' (similarity 1.00)""]}]",False,,0,ZAR,2026-07-27T11:00:00Z,,,2026-07-20T00:00:00Z
ocds-9t57fa-162833,RFQ 01/07/2026,Kwa-Zulu Natal - Ezemvelo KwaZulu-Natal Wildlife,KwaZulu-Natal,complete,['Other / uncategorised'],"[{'industry': 'Other / uncategorised', 'score': 0.0, 'reasons': []}]",False,,0,ZAR,2026-07-27T11:00:00Z,,,2026-07-20T00:00:00Z
ocds-9t57fa-162859,ATNS/RFQ05/05/2026/27Plants and Planters,Air Traffic and Navigation Services Company Limited,Gauteng,complete,['Supply of goods'],"[{'industry': 'Supply of goods', 'score': 0.97, 'reasons': [""text fuzzy-matches 'supply and delivery' (similarity 0.97)""]}]",False,,0,ZAR,2026-07-27T11:00:00Z,,,2026-07-20T00:00:00Z
ocds-9t57fa-162896,RFQ: AGR0046/26,Gauteng - Agriculture and Rural Development,Gauteng,complete,"['Professional & consulting services', 'Agriculture']","[{'industry': 'Professional & consulting services', 'score': 1.0, 'reasons': [""text fuzzy-matches 'project management' (similarity 1.00)""]}, {'industry': 'Agriculture', 'score': 1.0, 'reasons': [""text fuzzy-matches 'agriculture' (similarity 1.00)""]}]",False,,0,ZAR,2026-07-27T11:00:00Z,,,2026-07-20T00:00:00Z
ocds-9t57fa-162917,RFQ 168-2026,South African Diamond and Precious Metals Regulator,Gauteng,complete,['Other / uncategorised'],"[{'industry': 'Other / uncategorised', 'score': 0.0, 'reasons': []}]",False,,0,ZAR,2026-07-27T11:00:00Z,,,2026-07-20T00:00:00Z
ocds-9t57fa-162931,ATNS/RFQ04/07/2026/27/IT_Laptop Chargers ,Air Traffic and Navigation Services Company Limited,Gauteng,complete,['Supply of goods'],"[{'industry': 'Supply of goods', 'score': 1.0, 'reasons': [""text fuzzy-matches 'supply and delivery' (similarity 1.00)""]}]",False,,0,ZAR,2026-07-27T11:00:00Z,,,2026-07-20T00:00:00Z
ocds-9t57fa-162845,RFQJW0077SM2026,Johannesburg Water,Gauteng,complete,['Supply of goods'],"[{'industry': 'Supply of goods', 'score': 0.9, 'reasons': [""text fuzzy-matches 'stationery' (similarity 0.90)""]}]",False,,0,ZAR,2026-07-27T12:00:00Z,,,2026-07-20T00:00:00Z
ocds-9t57fa-162910,REN RFQ 001 26/27,Renosterburg Local Municipality,Northern Cape,complete,['Professional & consulting services'],"[{'industry': 'Professional & consulting services', 'score': 1.0, 'reasons': [""category field contains 'consulting'""]}]",False,,0,ZAR,2026-07-27T12:00:00Z,,,2026-07-20T00:00:00Z
ocds-9t57fa-162911,REN RFQ 002,Renosterburg Local Municipality,Northern Cape,complete,['Professional & consulting services'],"[{'industry': 'Professional & consulting services', 'score': 1.0, 'reasons': [""category field contains 'consulting'""]}]",False,,0,ZAR,2026-07-27T12:00:00Z,,,2026-07-20T00:00:00Z
ocds-9t57fa-162846,RFQJW0084DM26,Johannesburg Water,Gauteng,complete,['Water & sanitation'],"[{'industry': 'Water & sanitation', 'score': 1.0, 'reasons': [""category field contains 'sewer'""]}]",False,,0,ZAR,2026-07-27T16:00:00Z,,,2026-07-20T00:00:00Z
ocds-9t57fa-162847,RFQJW0085DM26 ,Johannesburg Water,Gauteng,complete,['Water & sanitation'],"[{'industry': 'Water & sanitation', 'score': 1.0, 'reasons': [""category field contains 'sewer'""]}]",False,,0,ZAR,2026-07-27T16:00:00Z,,,2026-07-20T00:00:00Z
ocds-9t57fa-162886,RFQ/010/2026/27,BRAND RSA,Gauteng,complete,['Professional & consulting services'],"[{'industry': 'Professional & consulting services', 'score': 1.0, 'reasons': [""category field contains 'consulting'""]}]",False,,0,ZAR,2026-07-27T16:00:00Z,,,2026-07-20T00:00:00Z
ocds-9t57fa-162918,RFQJW0079SM2026,Johannesburg Water,Gauteng,complete,['Supply of goods'],"[{'industry': 'Supply of goods', 'score': 0.97, 'reasons': [""text fuzzy-matches 'supply and delivery' (similarity 0.97)""]}]",False,,0,ZAR,2026-07-27T16:00:00Z,,,2026-07-20T00:00:00Z
ocds-9t57fa-162840,IGRDM/01/26-27,Garden Route District Local Municipality,Western Cape,complete,['Other / uncategorised'],"[{'industry': 'Other / uncategorised', 'score': 0.0, 'reasons': []}]",False,,0,ZAR,2026-07-28T11:00:00Z,,,2026-07-20T00:00:00Z
ocds-9t57fa-162893,iLABS/RFQ 2026/27:103,National Research Foundation,Western Cape,complete,['Other / uncategorised'],"[{'industry': 'Other / uncategorised', 'score': 0.0, 'reasons': []}]",False,,0,ZAR,2026-07-28T16:00:00Z,,,2026-07-20T00:00:00Z
ocds-9t57fa-162837,RFQ 02/07/2026,Kwa-Zulu Natal - Ezemvelo KwaZulu-Natal Wildlife,KwaZulu-Natal,complete,['Other / uncategorised'],"[{'industry': 'Other / uncategorised', 'score': 0.0, 'reasons': []}]",False,,0,ZAR,2026-07-29T11:00:00Z,,,2026-07-20T00:00:00Z
ocds-9t57fa-162921,REQNHFC010370,National Housing Finance Corporation Limited,Gauteng,complete,"['Professional & consulting services', 'ICT & telecommunications']","[{'industry': 'Professional & consulting services', 'score': 1.0, 'reasons': [""category field contains 'consulting'""]}, {'industry': 'ICT & telecommunications', 'score': 0.88, 'reasons': [""text fuzzy-matches 'telecommunications' (similarity 0.88)""]}]",False,,0,ZAR,2026-07-29T11:00:00Z,,,2026-07-20T00:00:00Z
ocds-9t57fa-162906,RFQ/012/2026/27,BRAND RSA,Gauteng,complete,['Professional & consulting services'],"[{'industry': 'Professional & consulting services', 'score': 1.0, 'reasons': [""category field contains 'consulting'""]}]",False,,0,ZAR,2026-07-29T16:00:00Z,,,2026-07-20T00:00:00Z
ocds-9t57fa-162927,RFQ/013/2026/27,BRAND RSA,Gauteng,complete,['Professional & consulting services'],"[{'industry': 'Professional & consulting services', 'score': 1.0, 'reasons': [""category field contains 'consulting'""]}]",False,,0,ZAR,2026-07-29T16:00:00Z,,,2026-07-20T00:00:00Z
ocds-9t57fa-162841,RFQ 03/07/2026,Kwa-Zulu Natal - Ezemvelo KwaZulu-Natal Wildlife,KwaZulu-Natal,complete,['Other / uncategorised'],"[{'industry': 'Other / uncategorised', 'score': 0.0, 'reasons': []}]",False,,0,ZAR,2026-07-30T11:00:00Z,,,2026-07-20T00:00:00Z
ocds-9t57fa-162842,32842/TNP/2026-27 ,South African National Parks,Eastern Cape,complete,['Construction & civil'],"[{'industry': 'Construction & civil', 'score': 1.0, 'reasons': [""text fuzzy-matches 'construction' (similarity 1.00)""]}]",False,,0,ZAR,2026-07-30T11:00:00Z,,,2026-07-20T00:00:00Z
ocds-9t57fa-162857,IZIKO – RFQ-ADV-Media Campaign - 2026/07/10,Iziko Museums of Cape Town,Western Cape,complete,['Professional & consulting services'],"[{'industry': 'Professional & consulting services', 'score': 1.0, 'reasons': [""category field contains 'consulting'""]}]",False,,0,ZAR,2026-07-30T11:00:00Z,,,2026-07-20T00:00:00Z
ocds-9t57fa-162811,RFQ/SAP/09/26,Land and Agricultural Development Bank of South Africa,National,complete,['Professional & consulting services'],"[{'industry': 'Professional & consulting services', 'score': 1.0, 'reasons': [""category field contains 'consulting'""]}]",False,,0,ZAR,2026-07-24T16:00:00Z,,,2026-07-19T00:00:00Z
ocds-9t57fa-162796,E2970NTCSAMWPB,ESKOM,Gauteng,complete,['Supply of goods'],"[{'industry': 'Supply of goods', 'score': 1.0, 'reasons': [""text fuzzy-matches 'supply and delivery' (similarity 1.00)""]}]",False,,0,ZAR,2026-07-31T11:00:00Z,,,2026-07-19T00:00:00Z
ocds-9t57fa-162803,35065-5M ,Ethekwini Metropolitan Municipality,KwaZulu-Natal,complete,['Other / uncategorised'],"[{'industry': 'Other / uncategorised', 'score': 0.0, 'reasons': []}]",False,,0,ZAR,2026-08-07T11:00:00Z,,,2026-07-19T00:00:00Z
ocds-9t57fa-162799,36585-1B,Ethekwini Metropolitan Municipality,KwaZulu-Natal,complete,['Construction & civil'],"[{'industry': 'Construction & civil', 'score': 1.0, 'reasons': [""text fuzzy-matches 'construction' (similarity 1.00)""]}]",False,,0,ZAR,2026-08-21T11:00:00Z,,,2026-07-19T00:00:00Z
ocds-9t57fa-162800,32674-1H ,Ethekwini Metropolitan Municipality,KwaZulu-Natal,complete,['Other / uncategorised'],"[{'industry': 'Other / uncategorised', 'score': 0.0, 'reasons': []}]",False,,0,ZAR,2026-08-21T11:00:00Z,,,2026-07-19T00:00:00Z
ocds-9t57fa-162801,34951-1H,Ethekwini Metropolitan Municipality,KwaZulu-Natal,complete,['Construction & civil'],"[{'industry': 'Construction & civil', 'score': 1.0, 'reasons': [""text fuzzy-matches 'construction' (similarity 1.00)""]}]",False,,0,ZAR,2026-08-21T11:00:00Z,,,2026-07-19T00:00:00Z
ocds-9t57fa-162804,36464-1F,Ethekwini Metropolitan Municipality,KwaZulu-Natal,complete,['Professional & consulting services'],"[{'industry': 'Professional & consulting services', 'score': 0.85, 'reasons': [""text fuzzy-matches 'professional services' (similarity 0.85)""]}]",False,,0,ZAR,2026-08-21T11:00:00Z,,,2026-07-19T00:00:00Z
ocds-9t57fa-162805,36539(5U),Ethekwini Metropolitan Municipality,KwaZulu-Natal,complete,['Other / uncategorised'],"[{'industry': 'Other / uncategorised', 'score': 0.0, 'reasons': []}]",False,,0,ZAR,2026-08-21T11:00:00Z,,,2026-07-19T00:00:00Z
ocds-9t57fa-162806,36595(5U),Ethekwini Metropolitan Municipality,KwaZulu-Natal,complete,['Other / uncategorised'],"[{'industry': 'Other / uncategorised', 'score': 0.0, 'reasons': []}]",False,,0,ZAR,2026-08-21T11:00:00Z,,,2026-07-19T00:00:00Z
ocds-9t57fa-162807,35073-1M,Ethekwini Metropolitan Municipality,KwaZulu-Natal,complete,"['Construction & civil', 'Supply of goods']","[{'industry': 'Construction & civil', 'score': 1.0, 'reasons': [""text fuzzy-matches 'concrete' (similarity 1.00)""]}, {'industry': 'Supply of goods', 'score': 1.0, 'reasons': [""text fuzzy-matches 'supply and delivery' (similarity 1.00)""]}]",False,,0,ZAR,2026-08-21T11:00:00Z,,,2026-07-19T00:00:00Z
ocds-9t57fa-162808,36346-1S,Ethekwini Metropolitan Municipality,KwaZulu-Natal,complete,['Supply of goods'],"[{'industry': 'Supply of goods', 'score': 1.0, 'reasons': [""text fuzzy-matches 'supply and delivery' (similarity 1.00)""]}]",False,,0,ZAR,2026-08-21T11:00:00Z,,,2026-07-19T00:00:00Z
ocds-9t57fa-162809,36367-1S,Ethekwini Metropolitan Municipality,KwaZulu-Natal,complete,['Supply of goods'],"[{'industry': 'Supply of goods', 'score': 1.0, 'reasons': [""text fuzzy-matches 'supply and delivery' (similarity 1.00)""]}]",False,,0,ZAR,2026-08-21T11:00:00Z,,,2026-07-19T00:00:00Z
ocds-9t57fa-162810,34256-1T,Ethekwini Metropolitan Municipality,KwaZulu-Natal,complete,['Supply of goods'],"[{'industry': 'Supply of goods', 'score': 1.0, 'reasons': [""text fuzzy-matches 'supply and delivery' (similarity 1.00)""]}]",False,,0,ZAR,2026-08-21T11:00:00Z,,,2026-07-19T00:00:00Z
ocds-9t57fa-162802,31691-7C,Ethekwini Metropolitan Municipality,KwaZulu-Natal,complete,['Supply of goods'],"[{'industry': 'Supply of goods', 'score': 1.0, 'reasons': [""text fuzzy-matches 'supply and delivery' (similarity 1.00)""]}]",False,,0,ZAR,2026-09-04T11:00:00Z,,,2026-07-19T00:00:00Z
ocds-9t57fa-162794,TECH/02/2026-27,Thabazimbi Local Municipality,Limpopo,complete,['Water & sanitation'],"[{'industry': 'Water & sanitation', 'score': 1.0, 'reasons': [""text fuzzy-matches 'wastewater' (similarity 1.00)""]}]",False,,0,ZAR,2026-08-11T12:00:00Z,,,2026-07-18T00:00:00Z
ocds-9t57fa-162795,.TECH/01/2026-27.,Thabazimbi Local Municipality,Limpopo,complete,['Construction & civil'],"[{'industry': 'Construction & civil', 'score': 2.0, 'reasons': [""category field contains 'construction'"", ""text fuzzy-matches 'bridge' (similarity 1.00)""]}]",False,,0,ZAR,2026-08-11T12:00:00Z,,,2026-07-18T00:00:00Z
ocds-9t57fa-162783,DPWFS (T) 004/2026,Free State - Public Works,Free State,complete,"['Security services', 'ICT & telecommunications']","[{'industry': 'Security services', 'score': 1.97, 'reasons': [""category field contains 'security services'"", ""text fuzzy-matches 'security services' (similarity 0.97)""]}, {'industry': 'ICT & telecommunications', 'score': 0.85, 'reasons': [""text fuzzy-matches 'cabling infrastructure' (similarity 0.85)""]}]",False,,0,ZAR,2026-08-17T11:00:00Z,,,2026-07-18T00:00:00Z
ocds-9t57fa-162632,BSM 127/26,Stellenbosch Municipality,Western Cape,complete,['Other / uncategorised'],"[{'industry': 'Other / uncategorised', 'score': 0.0, 'reasons': []}]",False,,0,ZAR,2026-08-17T12:00:00Z,,,2026-07-18T00:00:00Z
ocds-9t57fa-162787,DPWFS (EOI) 001/2026 (B),Free State - Public Works,Free State,complete,"['Construction & civil', 'ICT & telecommunications']","[{'industry': 'Construction & civil', 'score': 1.0, 'reasons': [""text fuzzy-matches 'construction' (similarity 1.00)""]}, {'industry': 'ICT & telecommunications', 'score': 0.85, 'reasons': [""text fuzzy-matches 'cabling infrastructure' (similarity 0.85)""]}]",False,,0,ZAR,2026-08-21T11:00:00Z,,,2026-07-18T00:00:00Z
ocds-9t57fa-162788,DPWFS (EOI) 001/2026 (C),Free State - Public Works,Free State,complete,['Construction & civil'],"[{'industry': 'Construction & civil', 'score': 1.0, 'reasons': [""text fuzzy-matches 'construction' (similarity 1.00)""]}]",False,,0,ZAR,2026-08-21T11:00:00Z,,,2026-07-18T00:00:00Z
ocds-9t57fa-162789,DPWFS (EOI) 001/2026 (D),Free State - Public Works,Free State,complete,"['Electrical', 'Construction & civil']","[{'industry': 'Electrical', 'score': 1.0, 'reasons': [""text fuzzy-matches 'electrical' (similarity 1.00)""]}, {'industry': 'Construction & civil', 'score': 1.0, 'reasons': [""text fuzzy-matches 'construction' (similarity 1.00)""]}]",False,,0,ZAR,2026-08-21T11:00:00Z,,,2026-07-18T00:00:00Z
ocds-9t57fa-162790,DPWFS (EOI) 001/2026 (E),Free State - Public Works,Free State,complete,"['Construction & civil', 'Mechanical & HVAC']","[{'industry': 'Construction & civil', 'score': 1.0, 'reasons': [""text fuzzy-matches 'construction' (similarity 1.00)""]}, {'industry': 'Mechanical & HVAC', 'score': 1.0, 'reasons': [""text fuzzy-matches 'mechanical' (similarity 1.00)""]}]",False,,0,ZAR,2026-08-21T11:00:00Z,,,2026-07-18T00:00:00Z
ocds-9t57fa-162791,DPWFS (EOI) 001/2026 (F),Free State - Public Works,Free State,complete,['Construction & civil'],"[{'industry': 'Construction & civil', 'score': 1.0, 'reasons': [""text fuzzy-matches 'construction' (similarity 1.00)""]}]",False,,0,ZAR,2026-08-21T11:00:00Z,,,2026-07-18T00:00:00Z
ocds-9t57fa-162792,DPWFS (EOI) 001/2026 (H),Free State - Public Works,Free State,complete,['Construction & civil'],"[{'industry': 'Construction & civil', 'score': 1.0, 'reasons': [""text fuzzy-matches 'construction' (similarity 1.00)""]}]",False,,0,ZAR,2026-08-21T11:00:00Z,,,2026-07-18T00:00:00Z
ocds-9t57fa-162784,DPWFS (T) 005/2026,Free State - Public Works,Free State,complete,"['Electrical', 'Construction & civil', 'ICT & telecommunications']","[{'industry': 'Electrical', 'score': 2.0, 'reasons': [""category field contains 'electrical'"", ""text fuzzy-matches 'generator' (similarity 1.00)""]}, {'industry': 'Construction & civil', 'score': 1.0, 'reasons': [""text fuzzy-matches 'building' (similarity 1.00)""]}, {'industry': 'ICT & telecommunications', 'score': 0.85, 'reasons': [""text fuzzy-matches 'cabling infrastructure' (similarity 0.85)""]}]",False,,0,ZAR,2026-08-24T11:00:00Z,,,2026-07-18T00:00:00Z
ocds-9t57fa-162785,DPWFS (T) 006/2026,Free State - Public Works,Free State,complete,"['Electrical', 'Construction & civil', 'ICT & telecommunications']","[{'industry': 'Electrical', 'score': 2.0, 'reasons': [""category field contains 'electrical'"", ""text fuzzy-matches 'switchgear' (similarity 1.00)""]}, {'industry': 'Construction & civil', 'score': 1.0, 'reasons': [""text fuzzy-matches 'building' (similarity 1.00)""]}, {'industry': 'ICT & telecommunications', 'score': 0.85, 'reasons': [""text fuzzy-matches 'cabling infrastructure' (similarity 0.85)""]}]",False,,0,ZAR,2026-08-24T11:00:00Z,,,2026-07-18T00:00:00Z
ocds-9t57fa-165157,SIN-127,Council for Scientific and Industrial Research (CSIR),Gauteng,active,['Professional & consulting services'],"[{'industry': 'Professional & consulting services', 'score': 1.0, 'reasons': [""category field contains 'consulting'""]}]",False,,0,ZAR,2026-07-20T11:00:00Z,,26838930.0,2026-07-17T00:00:00Z
ocds-9t57fa-165160,SIN-139,Council for Scientific and Industrial Research (CSIR),Gauteng,active,['Professional & consulting services'],"[{'industry': 'Professional & consulting services', 'score': 1.0, 'reasons': [""category field contains 'consulting'""]}]",False,,0,ZAR,2026-07-20T11:00:00Z,,552000.0,2026-07-17T00:00:00Z
ocds-9t57fa-162735,PR10116909,Road Accident Fund,Gauteng,active,"['Professional & consulting services', 'Construction & civil']","[{'industry': 'Professional & consulting services', 'score': 1.0, 'reasons': [""category field contains 'consulting'""]}, {'industry': 'Construction & civil', 'score': 0.89, 'reasons': [""text fuzzy-matches 'roads' (similarity 0.89)""]}]",False,,0,ZAR,2026-07-23T15:00:00Z,,89540220.0,2026-07-17T00:00:00Z
ocds-9t57fa-167562,DXNW206318,ESKOM,North West,active,"['Electrical', 'Supply of goods']","[{'industry': 'Electrical', 'score': 1.0, 'reasons': [""category field contains 'electrical'""]}, {'industry': 'Supply of goods', 'score': 1.0, 'reasons': [""text fuzzy-matches 'supply and delivery' (similarity 1.00)""]}]",False,2026-09-18T00:00:00Z,0,ZAR,2026-07-27T16:00:00Z,,9472500.0,2026-07-17T00:00:00Z
ocds-9t57fa-162673,CCB2026/07/01,Castle Control Board,Western Cape,active,['Professional & consulting services'],"[{'industry': 'Professional & consulting services', 'score': 1.0, 'reasons': [""category field contains 'consulting'""]}]",False,,0,ZAR,2026-07-31T16:00:00Z,,59193772.0,2026-07-17T00:00:00Z
ocds-9t57fa-165155,SIN-098,Council for Scientific and Industrial Research (CSIR),Gauteng,complete,"['Construction & civil', 'Mechanical & HVAC']","[{'industry': 'Construction & civil', 'score': 0.94, 'reasons': [""text fuzzy-matches 'building' (similarity 0.94)""]}, {'industry': 'Mechanical & HVAC', 'score': 0.89, 'reasons': [""text fuzzy-matches 'pump' (similarity 0.89)""]}]",False,,0,ZAR,2026-07-20T11:00:00Z,,,2026-07-17T00:00:00Z
ocds-9t57fa-162748,RFQ17 2026-2027,National Film and Video Foundation of South Africa,Gauteng,complete,['Other / uncategorised'],"[{'industry': 'Other / uncategorised', 'score': 0.0, 'reasons': []}]",False,,0,ZAR,2026-07-21T11:00:00Z,,,2026-07-17T00:00:00Z
ocds-9t57fa-162705,NRWDI/COMM/2026-07,National Radioactive Waste Disposal Institute (NRWDI),North West,complete,['Other / uncategorised'],"[{'industry': 'Other / uncategorised', 'score': 0.0, 'reasons': []}]",False,,0,ZAR,2026-07-22T11:00:00Z,,,2026-07-17T00:00:00Z
ocds-9t57fa-162678,RFQ 080 2026/27,Special Investigation Unit,Eastern Cape,complete,['Other / uncategorised'],"[{'industry': 'Other / uncategorised', 'score': 0.0, 'reasons': []}]",False,,0,ZAR,2026-07-22T12:00:00Z,,,2026-07-17T00:00:00Z
ocds-9t57fa-162715,RFQ-112-389,Statistics South Africa,Gauteng,complete,['Other / uncategorised'],"[{'industry': 'Other / uncategorised', 'score': 0.0, 'reasons': []}]",False,,0,ZAR,2026-07-22T16:00:00Z,,,2026-07-17T00:00:00Z
ocds-9t57fa-162719,RFQ-1-1217-5,Statistics South Africa,Gauteng,complete,['Other / uncategorised'],"[{'industry': 'Other / uncategorised', 'score': 0.0, 'reasons': []}]",False,,0,ZAR,2026-07-22T16:00:00Z,,,2026-07-17T00:00:00Z
ocds-9t57fa-162650,OLT2128200,ESKOM,Gauteng,complete,['Electrical'],"[{'industry': 'Electrical', 'score': 0.96, 'reasons': [""text fuzzy-matches 'transformer' (similarity 0.96)""]}]",False,,0,ZAR,2026-07-23T10:00:00Z,,,2026-07-17T00:00:00Z
ocds-9t57fa-162714,PRR00319,Council on Higher Education,Gauteng,complete,['Electrical'],"[{'industry': 'Electrical', 'score': 2.0, 'reasons': [""category field contains 'electrical'"", ""text fuzzy-matches 'electrical' (similarity 1.00)""]}]",False,,0,ZAR,2026-07-23T11:00:00Z,,,2026-07-17T00:00:00Z
ocds-9t57fa-162733,NRWDI/HR/2026-05,National Radioactive Waste Disposal Institute (NRWDI),North West,complete,"['Professional & consulting services', 'Cleaning & facilities']","[{'industry': 'Professional & consulting services', 'score': 1.0, 'reasons': [""category field contains 'consulting'""]}, {'industry': 'Cleaning & facilities', 'score': 0.86, 'reasons': [""text fuzzy-matches 'cleaning services' (similarity 0.86)""]}]",False,,0,ZAR,2026-07-23T11:00:00Z,,,2026-07-17T00:00:00Z
ocds-9t57fa-162749,RFQ20 2026-2027 ,National Film and Video Foundation of South Africa,Gauteng,complete,['Professional & consulting services'],"[{'industry': 'Professional & consulting services', 'score': 1.0, 'reasons': [""category field contains 'consulting'""]}]",False,,0,ZAR,2026-07-23T11:00:00Z,,,2026-07-17T00:00:00Z
ocds-9t57fa-162579,RFQ42/05/2026,Enoch Mgijima Local Municipality,Eastern Cape,complete,['Supply of goods'],"[{'industry': 'Supply of goods', 'score': 1.0, 'reasons': [""text fuzzy-matches 'supply and delivery' (similarity 1.00)""]}]",False,,0,ZAR,2026-07-23T12:00:00Z,,,2026-07-17T00:00:00Z
ocds-9t57fa-162740,RFQ202627/27,Kwa-Zulu Natal - Trade and Investment KwaZulu-Natal,KwaZulu-Natal,complete,"['ICT & telecommunications', 'Supply of goods']","[{'industry': 'ICT & telecommunications', 'score': 1.0, 'reasons': [""text fuzzy-matches 'server' (similarity 1.00)""]}, {'industry': 'Supply of goods', 'score': 1.0, 'reasons': [""text fuzzy-matches 'supply and delivery' (similarity 1.00)""]}]",False,,0,ZAR,2026-07-23T12:00:00Z,,,2026-07-17T00:00:00Z
ocds-9t57fa-162774,JGDM2026/27-RFQ-01,Joe Gqabi District Municipality,Eastern Cape,complete,['Supply of goods'],"[{'industry': 'Supply of goods', 'score': 1.0, 'reasons': [""text fuzzy-matches 'supply and delivery' (similarity 1.00)""]}]",False,,0,ZAR,2026-07-23T12:00:00Z,,,2026-07-17T00:00:00Z
ocds-9t57fa-162730,RFQ 202035,The South African Bureau of Standards (SABS),Gauteng,complete,['Professional & consulting services'],"[{'industry': 'Professional & consulting services', 'score': 1.0, 'reasons': [""category field contains 'consulting'""]}]",False,,0,ZAR,2026-07-23T15:00:00Z,,,2026-07-17T00:00:00Z
ocds-9t57fa-162662,RFQ/009/2026/27,BRAND RSA,Gauteng,complete,['Professional & consulting services'],"[{'industry': 'Professional & consulting services', 'score': 1.0, 'reasons': [""category field contains 'consulting'""]}]",False,,0,ZAR,2026-07-23T16:00:00Z,,,2026-07-17T00:00:00Z
ocds-9t57fa-162626,COM89/2026,Mbombela Local Municipality,Mpumalanga,complete,['Transport & logistics'],"[{'industry': 'Transport & logistics', 'score': 1.0, 'reasons': [""text fuzzy-matches 'transport' (similarity 1.00)""]}]",False,,0,ZAR,2026-07-24T11:00:00Z,,,2026-07-17T00:00:00Z
ocds-9t57fa-162658,RFQ2026-27-33,The South African Qualifications Authority (SAQA),Gauteng,complete,"['ICT & telecommunications', 'Professional & consulting services']","[{'industry': 'ICT & telecommunications', 'score': 1.0, 'reasons': [""text fuzzy-matches 'software' (similarity 1.00)""]}, {'industry': 'Professional & consulting services', 'score': 1.0, 'reasons': [""text fuzzy-matches 'professional services' (similarity 1.00)""]}]",False,,0,ZAR,2026-07-24T11:00:00Z,,,2026-07-17T00:00:00Z
ocds-9t57fa-162661,6000080601,Johannesburg Water,Gauteng,complete,['Supply of goods'],"[{'industry': 'Supply of goods', 'score': 0.97, 'reasons': [""text fuzzy-matches 'supply and delivery' (similarity 0.97)""]}]",False,,0,ZAR,2026-07-24T12:00:00Z,,,2026-07-17T00:00:00Z
ocds-9t57fa-162668,IYM07/07/2026Q,Inxuba Yethemba Local Municipality,Eastern Cape,complete,['Supply of goods'],"[{'industry': 'Supply of goods', 'score': 2.0, 'reasons': [""category field contains 'stationery'"", ""text fuzzy-matches 'supply and delivery' (similarity 1.00)""]}]",False,,0,ZAR,2026-07-24T12:00:00Z,,,2026-07-17T00:00:00Z
ocds-9t57fa-162670,IYM06/07/2026Q,Inxuba Yethemba Local Municipality,Eastern Cape,complete,['Supply of goods'],"[{'industry': 'Supply of goods', 'score': 1.0, 'reasons': [""text fuzzy-matches 'supply and delivery' (similarity 1.00)""]}]",False,,0,ZAR,2026-07-24T12:00:00Z,,,2026-07-17T00:00:00Z
ocds-9t57fa-162680,RFQ202627/26,Kwa-Zulu Natal - Trade and Investment KwaZulu-Natal,KwaZulu-Natal,complete,['Other / uncategorised'],"[{'industry': 'Other / uncategorised', 'score': 0.0, 'reasons': []}]",False,,0,ZAR,2026-07-24T12:00:00Z,,,2026-07-17T00:00:00Z
ocds-9t57fa-162688,RFQ202627-17,Kwa-Zulu Natal - Trade and Investment KwaZulu-Natal,KwaZulu-Natal,complete,['Other / uncategorised'],"[{'industry': 'Other / uncategorised', 'score': 0.0, 'reasons': []}]",False,,0,ZAR,2026-07-24T12:00:00Z,,,2026-07-17T00:00:00Z
ocds-9t57fa-162742,RFQ2026/27/21,Ports Regulator of South Africa,KwaZulu-Natal,complete,['Professional & consulting services'],"[{'industry': 'Professional & consulting services', 'score': 1.0, 'reasons': [""category field contains 'consulting'""]}]",False,,0,ZAR,2026-07-24T12:00:00Z,,,2026-07-17T00:00:00Z
ocds-9t57fa-162643,VIM01REQ007481,Agricultural Research Council,Northern Cape,complete,"['Construction & civil', 'Agriculture']","[{'industry': 'Construction & civil', 'score': 1.0, 'reasons': [""category field contains 'construction'""]}, {'industry': 'Agriculture', 'score': 1.0, 'reasons': [""text fuzzy-matches 'irrigation' (similarity 1.00)""]}]",False,,0,ZAR,2026-07-27T11:00:00Z,,,2026-07-17T00:00:00Z
ocds-9t57fa-162656,5-2-1-1-2026-2027-049,National - Department of Agriculture,Gauteng,complete,['Agriculture'],"[{'industry': 'Agriculture', 'score': 1.0, 'reasons': [""text fuzzy-matches 'agriculture' (similarity 1.00)""]}]",False,,0,ZAR,2026-07-27T11:00:00Z,,,2026-07-17T00:00:00Z
ocds-9t57fa-162657,5/2/1/1/(2025-2026) 563,National - Department of Agriculture,National,complete,['Supply of goods'],"[{'industry': 'Supply of goods', 'score': 0.97, 'reasons': [""text fuzzy-matches 'supply and delivery' (similarity 0.97)""]}]",False,,0,ZAR,2026-07-27T11:00:00Z,,,2026-07-17T00:00:00Z
ocds-9t57fa-162659,RFQ NHC/2026/27/009b,National Heritage Council of South Africa,National,complete,['Professional & consulting services'],"[{'industry': 'Professional & consulting services', 'score': 1.0, 'reasons': [""category field contains 'consulting'""]}]",False,,0,ZAR,2026-07-27T11:00:00Z,,,2026-07-17T00:00:00Z
ocds-9t57fa-162711,VIM01REQ007184,Agricultural Research Council,Northern Cape,complete,['Security services'],"[{'industry': 'Security services', 'score': 1.0, 'reasons': [""category field contains 'security services'""]}]",False,,0,ZAR,2026-07-27T12:00:00Z,,,2026-07-17T00:00:00Z
ocds-9t57fa-162711,VIM01REQ007184,Agricultural Research Council,Northern Cape,complete,['Security services'],"[{'industry': 'Security services', 'score': 1.0, 'reasons': [""category field contains 'security services'""]}]",False,,0,ZAR,2026-07-27T12:00:00Z,,,2026-07-17T00:00:00Z
ocds-9t57fa-161089,DBN26/07/01,Public Works,National,complete,['Supply of goods'],"[{'industry': 'Supply of goods', 'score': 1.0, 'reasons': [""text fuzzy-matches 'supply and delivery' (similarity 1.00)""]}]",False,,0,ZAR,2026-07-28T11:00:00Z,,,2026-07-17T00:00:00Z
ocds-9t57fa-162642,LPT/QUT014/2026,Limpopo - Provincial Treasury,Limpopo,complete,['Cleaning & facilities'],"[{'industry': 'Cleaning & facilities', 'score': 0.91, 'reasons': [""text fuzzy-matches 'hygiene services' (similarity 0.91)""]}]",False,,0,ZAR,2026-07-28T11:00:00Z,,,2026-07-17T00:00:00Z
ocds-9t57fa-162703,RFQ  2026-07-16-0002308-44101703,South African Local Government Association,National,complete,"['Construction & civil', 'Supply of goods']","[{'industry': 'Construction & civil', 'score': 1.0, 'reasons': [""text fuzzy-matches 'building' (similarity 1.00)""]}, {'industry': 'Supply of goods', 'score': 1.0, 'reasons': [""text fuzzy-matches 'supply and delivery' (similarity 1.00)""]}]",False,,0,ZAR,2026-07-28T11:00:00Z,,,2026-07-17T00:00:00Z
ocds-9t57fa-162651,RFQ-COR-26-27-098,"Manufacturing, Engineering and Related Services SETA (merSETA)",Gauteng,complete,['Professional & consulting services'],"[{'industry': 'Professional & consulting services', 'score': 1.0, 'reasons': [""category field contains 'consulting'""]}]",False,,0,ZAR,2026-07-28T12:00:00Z,,,2026-07-17T00:00:00Z
ocds-9t57fa-162677,Q 2026/014,Cape Winelands District Municipality,Western Cape,complete,['Professional & consulting services'],"[{'industry': 'Professional & consulting services', 'score': 1.0, 'reasons': [""category field contains 'consulting'""]}]",False,,0,ZAR,2026-07-29T11:00:00Z,,,2026-07-17T00:00:00Z
ocds-9t57fa-162681,Q 2026/015,Cape Winelands District Municipality,Western Cape,complete,['Supply of goods'],"[{'industry': 'Supply of goods', 'score': 0.97, 'reasons': [""text fuzzy-matches 'supply and delivery' (similarity 0.97)""]}]",False,,0,ZAR,2026-07-29T11:00:00Z,,,2026-07-17T00:00:00Z
ocds-9t57fa-162682,Q 2026/033,Cape Winelands District Municipality,Western Cape,complete,['Supply of goods'],"[{'industry': 'Supply of goods', 'score': 1.0, 'reasons': [""text fuzzy-matches 'supply and delivery' (similarity 1.00)""]}]",False,,0,ZAR,2026-07-29T11:00:00Z,,,2026-07-17T00:00:00Z
ocds-9t57fa-162683,Q 2026/037,Cape Winelands District Municipality,Western Cape,complete,['Other / uncategorised'],"[{'industry': 'Other / uncategorised', 'score': 0.0, 'reasons': []}]",False,,0,ZAR,2026-07-29T11:00:00Z,,,2026-07-17T00:00:00Z
ocds-9t57fa-162684,Q 2026/042,Cape Winelands District Municipality,Western Cape,complete,['Other / uncategorised'],"[{'industry': 'Other / uncategorised', 'score': 0.0, 'reasons': []}]",False,,0,ZAR,2026-07-29T11:00:00Z,,,2026-07-17T00:00:00Z
ocds-9t57fa-162685,Q 2026/050,Cape Winelands District Municipality,Western Cape,complete,['Other / uncategorised'],"[{'industry': 'Other / uncategorised', 'score': 0.0, 'reasons': []}]",False,,0,ZAR,2026-07-29T11:00:00Z,,,2026-07-17T00:00:00Z
ocds-9t57fa-162728,RFQ 202032,The South African Bureau of Standards (SABS),Gauteng,complete,['Construction & civil'],"[{'industry': 'Construction & civil', 'score': 1.0, 'reasons': [""category field contains 'building'""]}]",False,,0,ZAR,2026-07-29T11:00:00Z,,,2026-07-17T00:00:00Z
ocds-9t57fa-162732,Q02-2026,Overberg District Municipality,Western Cape,complete,['Security services'],"[{'industry': 'Security services', 'score': 2.0, 'reasons': [""category field contains 'security services'"", ""text fuzzy-matches 'access control' (similarity 1.00)""]}]",False,,0,ZAR,2026-07-29T12:00:00Z,,,2026-07-17T00:00:00Z
ocds-9t57fa-162743,RFQJW119TN26,Johannesburg Water,Gauteng,complete,['Other / uncategorised'],"[{'industry': 'Other / uncategorised', 'score': 0.0, 'reasons': []}]",False,,0,ZAR,2026-07-29T16:00:00Z,,,2026-07-17T00:00:00Z
ocds-9t57fa-162718,ARC/01/01/2026,Agricultural Research Council,Gauteng,complete,"['Construction & civil', 'Agriculture']","[{'industry': 'Construction & civil', 'score': 2.0, 'reasons': [""category field contains 'construction'"", ""text fuzzy-matches 'building' (similarity 1.00)""]}, {'industry': 'Agriculture', 'score': 0.87, 'reasons': [""text fuzzy-matches 'agriculture' (similarity 0.87)""]}]",False,,0,ZAR,2026-07-30T11:00:00Z,,,2026-07-17T00:00:00Z
ocds-9t57fa-162745,T40-07-26,Industrial Development Corporation of South Africa Limited,National,complete,['Professional & consulting services'],"[{'industry': 'Professional & consulting services', 'score': 1.0, 'reasons': [""category field contains 'consulting'""]}]",False,,0,ZAR,2026-07-30T11:00:00Z,,,2026-07-17T00:00:00Z
ocds-9t57fa-162782,RFQ/OBP0119/2026/27,Onderstepoort Biological Products Limited,Gauteng,complete,"['Security services', 'Cleaning & facilities']","[{'industry': 'Security services', 'score': 1.0, 'reasons': [""category field contains 'security services'""]}, {'industry': 'Cleaning & facilities', 'score': 1.0, 'reasons': [""text fuzzy-matches 'cleaning services' (similarity 1.00)""]}]",False,,0,ZAR,2026-07-30T11:00:00Z,,,2026-07-17T00:00:00Z
ocds-9t57fa-162692,KZNGFA- RFQ 2026 – 09,KZN Growth Fund Trust,KwaZulu-Natal,complete,['Professional & consulting services'],"[{'industry': 'Professional & consulting services', 'score': 1.0, 'reasons': [""category field contains 'consulting'""]}]",False,,0,ZAR,2026-07-30T12:00:00Z,,,2026-07-17T00:00:00Z
ocds-9t57fa-162674,RFQ/OBP119/2026/27,Onderstepoort Biological Products Limited,Gauteng,complete,"['Security services', 'Cleaning & facilities']","[{'industry': 'Security services', 'score': 1.0, 'reasons': [""category field contains 'security services'""]}, {'industry': 'Cleaning & facilities', 'score': 1.0, 'reasons': [""text fuzzy-matches 'cleaning services' (similarity 1.00)""]}]",False,,0,ZAR,2026-07-30T15:00:00Z,,,2026-07-17T00:00:00Z
ocds-9t57fa-162676,RFQ/OBP120/2026/27,Onderstepoort Biological Products Limited,Gauteng,complete,['Construction & civil'],"[{'industry': 'Construction & civil', 'score': 1.0, 'reasons': [""category field contains 'building'""]}]",False,,0,ZAR,2026-07-30T15:00:00Z,,,2026-07-17T00:00:00Z
ocds-9t57fa-162649,T38-06-2026,Industrial Development Corporation of South Africa Limited,National,complete,['Construction & civil'],"[{'industry': 'Construction & civil', 'score': 1.0, 'reasons': [""category field contains 'building'""]}]",False,,0,ZAR,2026-07-31T11:00:00Z,,,2026-07-17T00:00:00Z
ocds-9t57fa-162581, FIRSTAID3/TRAINING/10364731/2,Passenger Rail Agency of South Africa,Gauteng,active,['Other / uncategorised'],"[{'industry': 'Other / uncategorised', 'score': 0.0, 'reasons': []}]",False,,0,ZAR,2026-07-23T12:00:00Z,,699200.0,2026-07-16T00:00:00Z
ocds-9t57fa-162515,iLABS/RFQ 2026/27:96,National Research Foundation,Gauteng,complete,"['Professional & consulting services', 'Supply of goods']","[{'industry': 'Professional & consulting services', 'score': 1.0, 'reasons': [""category field contains 'consulting'""]}, {'industry': 'Supply of goods', 'score': 1.0, 'reasons': [""text fuzzy-matches 'supply and delivery' (similarity 1.00)""]}]",False,,0,ZAR,2026-07-20T11:00:00Z,,,2026-07-16T00:00:00Z
ocds-9t57fa-162517,iLABS/RFQ 2026/27:97,National Research Foundation,Western Cape,complete,"['Professional & consulting services', 'Supply of goods']","[{'industry': 'Professional & consulting services', 'score': 1.0, 'reasons': [""category field contains 'consulting'""]}, {'industry': 'Supply of goods', 'score': 1.0, 'reasons': [""text fuzzy-matches 'supply and delivery' (similarity 1.00)""]}]",False,,0,ZAR,2026-07-20T11:00:00Z,,,2026-07-16T00:00:00Z
ocds-9t57fa-162616,ID-3278753(C),Public Works,National,complete,['Electrical'],"[{'industry': 'Electrical', 'score': 1.0, 'reasons': [""text fuzzy-matches 'generator' (similarity 1.00)""]}]",False,,0,ZAR,2026-07-20T11:00:00Z,,,2026-07-16T00:00:00Z
ocds-9t57fa-162540,NOTICE TO CANCEL TO RE-ADVERTISE RFQ 02/06/2026,Oudtshoorn Municipality,Western Cape,complete,"['ICT & telecommunications', 'Supply of goods']","[{'industry': 'ICT & telecommunications', 'score': 1.0, 'reasons': [""text fuzzy-matches 'server' (similarity 1.00)""]}, {'industry': 'Supply of goods', 'score': 1.0, 'reasons': [""text fuzzy-matches 'supply and delivery' (similarity 1.00)""]}]",False,,0,ZAR,2026-07-20T16:30:00Z,,,2026-07-16T00:00:00Z
ocds-9t57fa-162521,iLABS/RFQ 2026/27:98,National Research Foundation,Gauteng,complete,"['Professional & consulting services', 'Supply of goods']","[{'industry': 'Professional & consulting services', 'score': 1.0, 'reasons': [""category field contains 'consulting'""]}, {'industry': 'Supply of goods', 'score': 0.86, 'reasons': [""text fuzzy-matches 'supply and delivery' (similarity 0.86)""]}]",False,,0,ZAR,2026-07-21T11:00:00Z,,,2026-07-16T00:00:00Z
ocds-9t57fa-162591,ID: 3251040 ID: 3250808 ID: 3229414,Public Works,National,complete,"['Construction & civil', 'Mechanical & HVAC']","[{'industry': 'Construction & civil', 'score': 1.0, 'reasons': [""text fuzzy-matches 'building' (similarity 1.00)""]}, {'industry': 'Mechanical & HVAC', 'score': 1.0, 'reasons': [""category field contains 'air conditioning'""]}]",False,,0,ZAR,2026-07-21T11:00:00Z,,,2026-07-16T00:00:00Z
ocds-9t57fa-162610,SAF-RFQ-0200 Annual Siemens Simcenter X Advanced -,South African Nuclear Energy Corporation Limited,North West,complete,['Other / uncategorised'],"[{'industry': 'Other / uncategorised', 'score': 0.0, 'reasons': []}]",False,,0,ZAR,2026-07-21T12:00:00Z,,,2026-07-16T00:00:00Z
ocds-9t57fa-162550,RQ-112522,Statistics South Africa,Gauteng,complete,['Supply of goods'],"[{'industry': 'Supply of goods', 'score': 1.0, 'reasons': [""category field contains 'stationery'""]}]",False,,0,ZAR,2026-07-21T16:00:00Z,,,2026-07-16T00:00:00Z
ocds-9t57fa-162582,POS9824B,Technology Innovation Agency,National,complete,['Other / uncategorised'],"[{'industry': 'Other / uncategorised', 'score': 0.0, 'reasons': []}]",False,,0,ZAR,2026-07-21T17:00:00Z,,,2026-07-16T00:00:00Z
ocds-9t57fa-162604,NRWDI/IVAAL/2026-06,National Radioactive Waste Disposal Institute (NRWDI),North West,complete,['Supply of goods'],"[{'industry': 'Supply of goods', 'score': 1.0, 'reasons': [""text fuzzy-matches 'supply and delivery' (similarity 1.00)""]}]",False,,0,ZAR,2026-07-21T17:00:00Z,,,2026-07-16T00:00:00Z
ocds-9t57fa-162518,RAF/2026/00044,Road Accident Fund,National,complete,['Other / uncategorised'],"[{'industry': 'Other / uncategorised', 'score': 0.0, 'reasons': []}]",False,,0,ZAR,2026-07-22T11:00:00Z,,,2026-07-16T00:00:00Z
ocds-9t57fa-162538,PR10117104,Road Accident Fund,Northern Cape,complete,"['Construction & civil', 'Water & sanitation']","[{'industry': 'Construction & civil', 'score': 0.89, 'reasons': [""text fuzzy-matches 'roads' (similarity 0.89)""]}, {'industry': 'Water & sanitation', 'score': 0.86, 'reasons': [""text fuzzy-matches 'water treatment' (similarity 0.86)""]}]",False,,0,ZAR,2026-07-22T11:00:00Z,,,2026-07-16T00:00:00Z
ocds-9t57fa-162567,E2002GXMPGRO Cancellation,ESKOM,Mpumalanga,complete,['Other / uncategorised'],"[{'industry': 'Other / uncategorised', 'score': 0.0, 'reasons': []}]",False,,0,ZAR,2026-07-22T11:00:00Z,,,2026-07-16T00:00:00Z
ocds-9t57fa-162512,RFQ/ICT/26/27/097,"Manufacturing, Engineering and Related Services SETA (merSETA)",Gauteng,complete,['Professional & consulting services'],"[{'industry': 'Professional & consulting services', 'score': 1.0, 'reasons': [""category field contains 'consulting'""]}]",False,,0,ZAR,2026-07-22T12:00:00Z,,,2026-07-16T00:00:00Z
ocds-9t57fa-162583,H004L2707RFQ00092,Border Management Authority,National,complete,['Other / uncategorised'],"[{'industry': 'Other / uncategorised', 'score': 0.0, 'reasons': []}]",False,,0,ZAR,2026-07-23T11:00:00Z,,,2026-07-16T00:00:00Z
ocds-9t57fa-162595,ATNS/RFQ0017/BS/25/26/Container,Air Traffic and Navigation Services Company Limited,Gauteng,complete,['Security services'],"[{'industry': 'Security services', 'score': 1.0, 'reasons': [""category field contains 'security services'""]}]",False,,0,ZAR,2026-07-23T11:00:00Z,,,2026-07-16T00:00:00Z
ocds-9t57fa-162534,RFQJW61BZ2026 -Structural Steel Material,Johannesburg Water,Gauteng,complete,['Construction & civil'],"[{'industry': 'Construction & civil', 'score': 0.95, 'reasons': [""text fuzzy-matches 'structural' (similarity 0.95)""]}]",False,,0,ZAR,2026-07-23T12:00:00Z,,,2026-07-16T00:00:00Z
ocds-9t57fa-162535,10370588,Passenger Rail Agency of South Africa,National,complete,['Transport & logistics'],"[{'industry': 'Transport & logistics', 'score': 1.0, 'reasons': [""category field contains 'transport'""]}]",False,,0,ZAR,2026-07-23T12:00:00Z,,,2026-07-16T00:00:00Z
ocds-9t57fa-162571,17-2025-2026,Ulundi Local Municipality,KwaZulu-Natal,complete,['Construction & civil'],"[{'industry': 'Construction & civil', 'score': 1.0, 'reasons': [""category field contains 'construction'""]}]",False,,0,ZAR,2026-07-23T12:00:00Z,,,2026-07-16T00:00:00Z
ocds-9t57fa-162557,RFQJW037TN26 (JULY-RE-ADVERT),Johannesburg Water,Gauteng,complete,['Other / uncategorised'],"[{'industry': 'Other / uncategorised', 'score': 0.0, 'reasons': []}]",False,,0,ZAR,2026-07-23T16:00:00Z,,,2026-07-16T00:00:00Z
ocds-9t57fa-162601,RFQJW121TN26,Johannesburg Water,Gauteng,complete,['Other / uncategorised'],"[{'industry': 'Other / uncategorised', 'score': 0.0, 'reasons': []}]",False,,0,ZAR,2026-07-23T16:00:00Z,,,2026-07-16T00:00:00Z
ocds-9t57fa-162598,RFQ NO: 27/2026 - 2027,Alexkor Limited,Northern Cape,complete,['Other / uncategorised'],"[{'industry': 'Other / uncategorised', 'score': 0.0, 'reasons': []}]",False,,0,ZAR,2026-07-24T10:00:00Z,,,2026-07-16T00:00:00Z
ocds-9t57fa-162542,SMQ02-26-27,Swellendam Municipality,Western Cape,complete,['Professional & consulting services'],"[{'industry': 'Professional & consulting services', 'score': 1.0, 'reasons': [""text fuzzy-matches 'land surveying' (similarity 1.00)""]}]",False,,0,ZAR,2026-07-24T11:00:00Z,,,2026-07-16T00:00:00Z
ocds-9t57fa-162609,RFQ NHC/2026/27/0013,National Heritage Council of South Africa,National,complete,['Professional & consulting services'],"[{'industry': 'Professional & consulting services', 'score': 1.0, 'reasons': [""category field contains 'consulting'""]}]",False,,0,ZAR,2026-07-24T11:00:00Z,,,2026-07-16T00:00:00Z
ocds-9t57fa-162564,ASA 04/07/2026,Agrément South Africa,National,complete,['Other / uncategorised'],"[{'industry': 'Other / uncategorised', 'score': 0.0, 'reasons': []}]",False,,0,ZAR,2026-07-24T12:00:00Z,,,2026-07-16T00:00:00Z
ocds-9t57fa-162572,ASA 03/07/2026,Agrément South Africa,National,complete,['Professional & consulting services'],"[{'industry': 'Professional & consulting services', 'score': 1.0, 'reasons': [""category field contains 'consulting'""]}]",False,,0,ZAR,2026-07-27T11:00:00Z,,,2026-07-16T00:00:00Z
ocds-9t57fa-162575,1758,South African Maritime Safety Authority,Gauteng,complete,['Other / uncategorised'],"[{'industry': 'Other / uncategorised', 'score': 0.0, 'reasons': []}]",False,,0,ZAR,2026-07-27T11:00:00Z,,,2026-07-16T00:00:00Z
ocds-9t57fa-162529,GENERAL NOTICE,Transnet National Ports Authority,Western Cape,complete,['Other / uncategorised'],"[{'industry': 'Other / uncategorised', 'score': 0.0, 'reasons': []}]",False,,0,ZAR,2026-07-27T16:00:00Z,,,2026-07-16T00:00:00Z
ocds-9t57fa-162577,Q01-01-2026-27,City of Tshwane,Gauteng,complete,['Professional & consulting services'],"[{'industry': 'Professional & consulting services', 'score': 1.0, 'reasons': [""category field contains 'consulting'""]}]",False,,0,ZAR,2026-07-28T10:00:00Z,,,2026-07-16T00:00:00Z
ocds-9t57fa-162590,RE-ADVERTISED RFQ 02/06/2026,Oudtshoorn Municipality,Western Cape,complete,"['ICT & telecommunications', 'Supply of goods']","[{'industry': 'ICT & telecommunications', 'score': 1.0, 'reasons': [""text fuzzy-matches 'server' (similarity 1.00)""]}, {'industry': 'Supply of goods', 'score': 1.0, 'reasons': [""text fuzzy-matches 'supply and delivery' (similarity 1.00)""]}]",False,,0,ZAR,2026-07-28T12:00:00Z,,,2026-07-16T00:00:00Z
ocds-9t57fa-162559,RFQ-KZN.M16JULY092,KwaZulu-Natal Museum,KwaZulu-Natal,complete,['Supply of goods'],"[{'industry': 'Supply of goods', 'score': 1.0, 'reasons': [""text fuzzy-matches 'supply and delivery' (similarity 1.00)""]}]",False,,0,ZAR,2026-07-28T16:00:00Z,,,2026-07-16T00:00:00Z
ocds-9t57fa-162365,NNRNTNRFQ-01-2026,National Nuclear Regulator,National,complete,['Other / uncategorised'],"[{'industry': 'Other / uncategorised', 'score': 0.0, 'reasons': []}]",False,,0,ZAR,2026-07-29T11:00:00Z,,,2026-07-16T00:00:00Z
ocds-9t57fa-162573,Q03-2026-27,City of Tshwane,Gauteng,complete,"['Professional & consulting services', 'ICT & telecommunications']","[{'industry': 'Professional & consulting services', 'score': 1.0, 'reasons': [""category field contains 'consulting'""]}, {'industry': 'ICT & telecommunications', 'score': 0.98, 'reasons': [""text fuzzy-matches 'information technology' (similarity 0.98)""]}]",False,,0,ZAR,2026-07-30T10:00:00Z,,,2026-07-16T00:00:00Z
ocds-9t57fa-162524,POS9878,Technology Innovation Agency,Gauteng,complete,['Professional & consulting services'],"[{'industry': 'Professional & consulting services', 'score': 1.0, 'reasons': [""category field contains 'consulting'""]}]",False,,0,ZAR,2026-07-30T11:00:00Z,,,2026-07-16T00:00:00Z
ocds-9t57fa-162560,MBTCSCM107/2026,Mandela Bay Theatre Complex,Eastern Cape,complete,['Professional & consulting services'],"[{'industry': 'Professional & consulting services', 'score': 1.0, 'reasons': [""category field contains 'consulting'""]}]",False,,0,ZAR,2026-07-30T11:00:00Z,,,2026-07-16T00:00:00Z
ocds-9t57fa-162510,LM 2026/0054,Luthuli museum,KwaZulu-Natal,complete,['Other / uncategorised'],"[{'industry': 'Other / uncategorised', 'score': 0.0, 'reasons': []}]",False,,0,ZAR,2026-07-30T13:00:00Z,,,2026-07-16T00:00:00Z
ocds-9t57fa-162556,NW381/COMMSERV01/2026/2027,Ratlou Local Municipality,North West,complete,['Other / uncategorised'],"[{'industry': 'Other / uncategorised', 'score': 0.0, 'reasons': []}]",False,,0,ZAR,2026-07-31T11:00:00Z,,,2026-07-16T00:00:00Z
ocds-9t57fa-162586,CS&TM: 01/26/27,North West - Department of Community Safety and Transport Management,North West,complete,"['Security services', 'Transport & logistics']","[{'industry': 'Security services', 'score': 1.0, 'reasons': [""text fuzzy-matches 'security services' (similarity 1.00)""]}, {'industry': 'Transport & logistics', 'score': 1.0, 'reasons': [""text fuzzy-matches 'transport' (similarity 1.00)""]}]",False,,0,ZAR,2026-07-31T11:00:00Z,,,2026-07-16T00:00:00Z
ocds-9t57fa-162446,POT0000BM4 - TEST,Justice & Constitutional Development,National,active,['Professional & consulting services'],"[{'industry': 'Professional & consulting services', 'score': 1.0, 'reasons': [""category field contains 'consulting'""]}]",False,2026-03-25T00:00:00Z,0,ZAR,2026-07-16T11:00:00Z,,8400000.0,2026-07-15T00:00:00Z
ocds-9t57fa-163512,SIN-126,Council for Scientific and Industrial Research (CSIR),Gauteng,active,['Other / uncategorised'],"[{'industry': 'Other / uncategorised', 'score': 0.0, 'reasons': []}]",False,,0,ZAR,2026-07-16T11:00:00Z,,35740157.0,2026-07-15T00:00:00Z
ocds-9t57fa-163514,SIN-129,Council for Scientific and Industrial Research (CSIR),Gauteng,active,['ICT & telecommunications'],"[{'industry': 'ICT & telecommunications', 'score': 0.92, 'reasons': [""text fuzzy-matches 'server' (similarity 0.92)""]}]",False,,0,ZAR,2026-07-16T11:00:00Z,,2431426.0,2026-07-15T00:00:00Z
ocds-9t57fa-163520,SSP-137,Council for Scientific and Industrial Research (CSIR),Gauteng,active,['Professional & consulting services'],"[{'industry': 'Professional & consulting services', 'score': 1.0, 'reasons': [""category field contains 'consulting'""]}]",False,,0,ZAR,2026-07-16T11:00:00Z,,23124695.0,2026-07-15T00:00:00Z
ocds-9t57fa-163523,SSP-158,Council for Scientific and Industrial Research (CSIR),Gauteng,active,['Other / uncategorised'],"[{'industry': 'Other / uncategorised', 'score': 0.0, 'reasons': []}]",False,,0,ZAR,2026-07-16T11:00:00Z,,4052636.0,2026-07-15T00:00:00Z
ocds-9t57fa-163524,SSP-154,Council for Scientific and Industrial Research (CSIR),Gauteng,active,['Other / uncategorised'],"[{'industry': 'Other / uncategorised', 'score': 0.0, 'reasons': []}]",False,,0,ZAR,2026-07-16T11:00:00Z,,1461696.0,2026-07-15T00:00:00Z
ocds-9t57fa-165174,SSP-159,Council for Scientific and Industrial Research (CSIR),Gauteng,active,['Other / uncategorised'],"[{'industry': 'Other / uncategorised', 'score': 0.0, 'reasons': []}]",False,,0,ZAR,2026-07-16T11:00:00Z,,460069.0,2026-07-15T00:00:00Z
ocds-9t57fa-163562,SCD3703/2026,Overstrand Municipality,Western Cape,active,['Construction & civil'],"[{'industry': 'Construction & civil', 'score': 2.0, 'reasons': [""category field contains 'construction'"", ""text fuzzy-matches 'construction' (similarity 1.00)""]}]",False,,0,ZAR,2026-07-20T11:00:00Z,,64771363.0,2026-07-15T00:00:00Z
ocds-9t57fa-163793,WD574,Water and Sanitation,National,active,['Other / uncategorised'],"[{'industry': 'Other / uncategorised', 'score': 0.0, 'reasons': []}]",False,,0,ZAR,2026-07-20T11:00:00Z,,58355945.0,2026-07-15T00:00:00Z
ocds-9t57fa-164602,SS 2026/65210/1027/013 ,South African National Roads Agency Soc Limited (SANRAL),KwaZulu-Natal,active,['Other / uncategorised'],"[{'industry': 'Other / uncategorised', 'score': 0.0, 'reasons': []}]",False,,0,ZAR,2026-07-20T11:00:00Z,,575250.0,2026-07-15T00:00:00Z
ocds-9t57fa-166228,POU00005SD,Justice & Constitutional Development,Gauteng,active,['Other / uncategorised'],"[{'industry': 'Other / uncategorised', 'score': 0.0, 'reasons': []}]",False,,0,ZAR,2026-07-20T16:00:00Z,,3354000.0,2026-07-15T00:00:00Z
ocds-9t57fa-162394,RFQ 166-2026,South African Diamond and Precious Metals Regulator,Gauteng,complete,['Supply of goods'],"[{'industry': 'Supply of goods', 'score': 0.97, 'reasons': [""text fuzzy-matches 'supply and delivery' (similarity 0.97)""]}]",False,,0,ZAR,2026-07-16T11:00:00Z,,,2026-07-15T00:00:00Z
ocds-9t57fa-162443,04/117/26/GAU-Train Operation,Passenger Rail Agency of South Africa,Gauteng,complete,['Other / uncategorised'],"[{'industry': 'Other / uncategorised', 'score': 0.0, 'reasons': []}]",False,,0,ZAR,2026-07-20T10:00:00Z,,,2026-07-15T00:00:00Z
ocds-9t57fa-162458,LM 2026/0056,Luthuli museum,KwaZulu-Natal,complete,['Supply of goods'],"[{'industry': 'Supply of goods', 'score': 1.0, 'reasons': [""text fuzzy-matches 'supply and delivery' (similarity 1.00)""]}]",False,,0,ZAR,2026-07-20T10:00:00Z,,,2026-07-15T00:00:00Z
ocds-9t57fa-162413,ECR/RISK/06/07/2026,Passenger Rail Agency of South Africa,Eastern Cape,complete,['Other / uncategorised'],"[{'industry': 'Other / uncategorised', 'score': 0.0, 'reasons': []}]",False,,0,ZAR,2026-07-20T12:00:00Z,,,2026-07-15T00:00:00Z
ocds-9t57fa-162476,IDT-WC REGION – 15 JULY 2026,Independent Development Trust,National,complete,['Other / uncategorised'],"[{'industry': 'Other / uncategorised', 'score': 0.0, 'reasons': []}]",False,,0,ZAR,2026-07-20T12:00:00Z,,,2026-07-15T00:00:00Z
ocds-9t57fa-162441,RQ-112609,Statistics South Africa,Gauteng,complete,['Other / uncategorised'],"[{'industry': 'Other / uncategorised', 'score': 0.0, 'reasons': []}]",False,,0,ZAR,2026-07-20T16:00:00Z,,,2026-07-15T00:00:00Z
ocds-9t57fa-162444,RQ-112608,Statistics South Africa,Gauteng,complete,['Other / uncategorised'],"[{'industry': 'Other / uncategorised', 'score': 0.0, 'reasons': []}]",False,,0,ZAR,2026-07-20T16:00:00Z,,,2026-07-15T00:00:00Z
ocds-9t57fa-162410,RFQ22-06-2026,Cross-Border Road Transport Agency,Gauteng,complete,['Other / uncategorised'],"[{'industry': 'Other / uncategorised', 'score': 0.0, 'reasons': []}]",False,,0,ZAR,2026-07-21T11:00:00Z,,,2026-07-15T00:00:00Z
ocds-9t57fa-162494,RFQ AM18/2026/27,Limpopo - Legislature,Limpopo,complete,['Other / uncategorised'],"[{'industry': 'Other / uncategorised', 'score': 0.0, 'reasons': []}]",False,,0,ZAR,2026-07-21T11:00:00Z,,,2026-07-15T00:00:00Z
ocds-9t57fa-162495,RFQ AM018/2026/27,Limpopo - Legislature,Limpopo,complete,['Other / uncategorised'],"[{'industry': 'Other / uncategorised', 'score': 0.0, 'reasons': []}]",False,,0,ZAR,2026-07-21T11:00:00Z,,,2026-07-15T00:00:00Z
ocds-9t57fa-162474,RFQ202627/24,Kwa-Zulu Natal - Trade and Investment KwaZulu-Natal,KwaZulu-Natal,complete,['Other / uncategorised'],"[{'industry': 'Other / uncategorised', 'score': 0.0, 'reasons': []}]",False,,0,ZAR,2026-07-21T12:00:00Z,,,2026-07-15T00:00:00Z
ocds-9t57fa-162372,E2168GXMPKUSREGRET,ESKOM,Mpumalanga,complete,['Other / uncategorised'],"[{'industry': 'Other / uncategorised', 'score': 0.0, 'reasons': []}]",False,,0,ZAR,2026-07-22T10:00:00Z,,,2026-07-15T00:00:00Z
ocds-9t57fa-162374,E2380GXMPKUSREGRET,ESKOM,Mpumalanga,complete,['Electrical'],"[{'industry': 'Electrical', 'score': 1.0, 'reasons': [""text fuzzy-matches 'switchgear' (similarity 1.00)""]}]",False,,0,ZAR,2026-07-22T10:00:00Z,,,2026-07-15T00:00:00Z
ocds-9t57fa-162392,RFP 06-07-2026 ,Cross-Border Road Transport Agency,Gauteng,complete,"['Transport & logistics', 'Construction & civil']","[{'industry': 'Transport & logistics', 'score': 1.0, 'reasons': [""text fuzzy-matches 'transport' (similarity 1.00)""]}, {'industry': 'Construction & civil', 'score': 0.89, 'reasons': [""text fuzzy-matches 'roads' (similarity 0.89)""]}]",False,,0,ZAR,2026-07-22T11:00:00Z,,,2026-07-15T00:00:00Z
ocds-9t57fa-162433,RFQ2216.,Mine Health and Safety Council,Gauteng,complete,['ICT & telecommunications'],"[{'industry': 'ICT & telecommunications', 'score': 0.88, 'reasons': [""text fuzzy-matches 'telecommunications' (similarity 0.88)""]}]",False,,0,ZAR,2026-07-22T11:00:00Z,,,2026-07-15T00:00:00Z
ocds-9t57fa-162461,DQP 50/2026 LG,Kwazulu Natal - Cooperative Governance and Traditional Affairs,KwaZulu-Natal,complete,['Professional & consulting services'],"[{'industry': 'Professional & consulting services', 'score': 1.0, 'reasons': [""category field contains 'consulting'""]}]",False,,0,ZAR,2026-07-22T11:00:00Z,,,2026-07-15T00:00:00Z
ocds-9t57fa-162469,RFQ0001252,Marine Living Resources Fund,Western Cape,complete,['Professional & consulting services'],"[{'industry': 'Professional & consulting services', 'score': 1.0, 'reasons': [""category field contains 'consulting'""]}]",False,,0,ZAR,2026-07-22T11:00:00Z,,,2026-07-15T00:00:00Z
ocds-9t57fa-162384,RFQ2026/27/002,Kgatelopele Local Municipality,Northern Cape,complete,"['Electrical', 'Supply of goods']","[{'industry': 'Electrical', 'score': 1.0, 'reasons': [""category field contains 'electrical'""]}, {'industry': 'Supply of goods', 'score': 1.0, 'reasons': [""text fuzzy-matches 'supply and delivery' (similarity 1.00)""]}]",False,,0,ZAR,2026-07-22T12:00:00Z,,,2026-07-15T00:00:00Z
ocds-9t57fa-162448,RFQJW120TN26,Johannesburg Water,Gauteng,complete,['Other / uncategorised'],"[{'industry': 'Other / uncategorised', 'score': 0.0, 'reasons': []}]",False,,0,ZAR,2026-07-22T12:00:00Z,,,2026-07-15T00:00:00Z
ocds-9t57fa-162462,6000080596,Johannesburg Water,Gauteng,complete,['Supply of goods'],"[{'industry': 'Supply of goods', 'score': 0.97, 'reasons': [""text fuzzy-matches 'supply and delivery' (similarity 0.97)""]}]",False,,0,ZAR,2026-07-22T12:00:00Z,,,2026-07-15T00:00:00Z
ocds-9t57fa-162467,RFQ202627/22,Kwa-Zulu Natal - Trade and Investment KwaZulu-Natal,KwaZulu-Natal,complete,['ICT & telecommunications'],"[{'industry': 'ICT & telecommunications', 'score': 2.0, 'reasons': [""category field contains 'telecommunications'"", ""text fuzzy-matches 'software' (similarity 1.00)""]}]",False,,0,ZAR,2026-07-22T12:00:00Z,,,2026-07-15T00:00:00Z
ocds-9t57fa-162470,RFQ202627/23,Kwa-Zulu Natal - Trade and Investment KwaZulu-Natal,KwaZulu-Natal,complete,['Other / uncategorised'],"[{'industry': 'Other / uncategorised', 'score': 0.0, 'reasons': []}]",False,,0,ZAR,2026-07-22T12:00:00Z,,,2026-07-15T00:00:00Z
ocds-9t57fa-162473,6000080597,Johannesburg Water,Gauteng,complete,['Supply of goods'],"[{'industry': 'Supply of goods', 'score': 0.97, 'reasons': [""text fuzzy-matches 'supply and delivery' (similarity 0.97)""]}]",False,,0,ZAR,2026-07-22T12:00:00Z,,,2026-07-15T00:00:00Z
ocds-9t57fa-162484,6000080598,Johannesburg Water,Gauteng,complete,['Supply of goods'],"[{'industry': 'Supply of goods', 'score': 0.97, 'reasons': [""text fuzzy-matches 'supply and delivery' (similarity 0.97)""]}]",False,,0,ZAR,2026-07-22T12:00:00Z,,,2026-07-15T00:00:00Z
ocds-9t57fa-162481,SLM RFQ 44/2026,Siyathemba Local Municipality,Northern Cape,complete,['Supply of goods'],"[{'industry': 'Supply of goods', 'score': 1.0, 'reasons': [""text fuzzy-matches 'supply and delivery' (similarity 1.00)""]}]",False,,0,ZAR,2026-07-22T16:00:00Z,,,2026-07-15T00:00:00Z
ocds-9t57fa-162483,RFQJW034TN26 (JULY-RE-ADVERT),Johannesburg Water,Gauteng,complete,['Other / uncategorised'],"[{'industry': 'Other / uncategorised', 'score': 0.0, 'reasons': []}]",False,,0,ZAR,2026-07-22T16:00:00Z,,,2026-07-15T00:00:00Z
ocds-9t57fa-162544,RFQJW092TN26 (2),Johannesburg Water,Gauteng,complete,['Other / uncategorised'],"[{'industry': 'Other / uncategorised', 'score': 0.0, 'reasons': []}]",False,,0,ZAR,2026-07-22T16:00:00Z,,,2026-07-15T00:00:00Z
ocds-9t57fa-162440,RFQ NUMBER: DMP/09/26/GAU-HCM,Passenger Rail Agency of South Africa,Gauteng,complete,['Other / uncategorised'],"[{'industry': 'Other / uncategorised', 'score': 0.0, 'reasons': []}]",False,,0,ZAR,2026-07-23T10:00:00Z,,,2026-07-15T00:00:00Z
ocds-9t57fa-162468,5/2/1/1/2026-2027/151,National - Department of Agriculture,National,complete,['Professional & consulting services'],"[{'industry': 'Professional & consulting services', 'score': 1.0, 'reasons': [""text fuzzy-matches 'advisory' (similarity 1.00)""]}]",False,,0,ZAR,2026-07-23T11:00:00Z,,,2026-07-15T00:00:00Z
ocds-9t57fa-162477,OTP-26/27-159,Eastern Cape - Officer of the Premier,Eastern Cape,complete,['Other / uncategorised'],"[{'industry': 'Other / uncategorised', 'score': 0.0, 'reasons': []}]",False,,0,ZAR,2026-07-23T11:00:00Z,,,2026-07-15T00:00:00Z
ocds-9t57fa-162478,5/2/1/1/2026-2027/142,National - Department of Agriculture,National,complete,['Supply of goods'],"[{'industry': 'Supply of goods', 'score': 0.97, 'reasons': [""text fuzzy-matches 'supply and delivery' (similarity 0.97)""]}]",False,,0,ZAR,2026-07-23T11:00:00Z,,,2026-07-15T00:00:00Z
ocds-9t57fa-162489,GEP RFQ-16-2026,Gauteng - Gauteng Enterprise Propeller,Gauteng,complete,['ICT & telecommunications'],"[{'industry': 'ICT & telecommunications', 'score': 1.0, 'reasons': [""text fuzzy-matches 'ict' (similarity 1.00)""]}]",False,,0,ZAR,2026-07-23T11:00:00Z,,,2026-07-15T00:00:00Z
ocds-9t57fa-162490,GEP RFQ-17-2026,Gauteng - Gauteng Enterprise Propeller,Gauteng,complete,['ICT & telecommunications'],"[{'industry': 'ICT & telecommunications', 'score': 1.0, 'reasons': [""text fuzzy-matches 'ict' (similarity 1.00)""]}]",False,,0,ZAR,2026-07-23T11:00:00Z,,,2026-07-15T00:00:00Z
ocds-9t57fa-162382,15-2025-2026,Ulundi Local Municipality,KwaZulu-Natal,complete,['Supply of goods'],"[{'industry': 'Supply of goods', 'score': 1.0, 'reasons': [""text fuzzy-matches 'supply and delivery' (similarity 1.00)""]}]",False,,0,ZAR,2026-07-23T12:00:00Z,,,2026-07-15T00:00:00Z
ocds-9t57fa-162390,RFQJW0081DM26 ,Johannesburg Water,Gauteng,complete,['Water & sanitation'],"[{'industry': 'Water & sanitation', 'score': 1.0, 'reasons': [""category field contains 'sewer'""]}]",False,,0,ZAR,2026-07-23T12:00:00Z,,,2026-07-15T00:00:00Z
ocds-9t57fa-162438,RFQ/VDM/TECH/10/07/2026/01,Vhembe District Municipality,Limpopo,complete,['Other / uncategorised'],"[{'industry': 'Other / uncategorised', 'score': 0.0, 'reasons': []}]",False,,0,ZAR,2026-07-23T12:00:00Z,,,2026-07-15T00:00:00Z
ocds-9t57fa-162439,RFQ/VDM/CORP/19/06/2026/01,Vhembe District Municipality,Limpopo,complete,['Other / uncategorised'],"[{'industry': 'Other / uncategorised', 'score': 0.0, 'reasons': []}]",False,,0,ZAR,2026-07-23T12:00:00Z,,,2026-07-15T00:00:00Z
ocds-9t57fa-162464,Re 16-2025-2026,Ulundi Local Municipality,KwaZulu-Natal,complete,['Supply of goods'],"[{'industry': 'Supply of goods', 'score': 1.0, 'reasons': [""text fuzzy-matches 'supply and delivery' (similarity 1.00)""]}]",False,,0,ZAR,2026-07-23T12:00:00Z,,,2026-07-15T00:00:00Z
ocds-9t57fa-162406,RFQ-MICT-37-2025,"Media, Information and Communication Technologies Sector Education and training Authority (MICT SETA)",National,complete,['Supply of goods'],"[{'industry': 'Supply of goods', 'score': 1.0, 'reasons': [""text fuzzy-matches 'supply and delivery' (similarity 1.00)""]}]",False,,0,ZAR,2026-07-24T11:00:00Z,,,2026-07-15T00:00:00Z
ocds-9t57fa-162449,Iziko RFQ Advancement: 15 July 2026,Iziko Museums of Cape Town,Western Cape,complete,['Other / uncategorised'],"[{'industry': 'Other / uncategorised', 'score': 0.0, 'reasons': []}]",False,,0,ZAR,2026-07-24T11:00:00Z,,,2026-07-15T00:00:00Z
ocds-9t57fa-162485,Iziko RFQ ADV - Catering: 08 August 2026,Iziko Museums of Cape Town,Western Cape,complete,['Supply of goods'],"[{'industry': 'Supply of goods', 'score': 1.0, 'reasons': [""text fuzzy-matches 'supply and delivery' (similarity 1.00)""]}]",False,,0,ZAR,2026-07-24T11:00:00Z,,,2026-07-15T00:00:00Z
ocds-9t57fa-162496,RFQ AM019/2026/27,Limpopo - Legislature,Limpopo,complete,['Transport & logistics'],"[{'industry': 'Transport & logistics', 'score': 1.0, 'reasons': [""category field contains 'transport'""]}]",False,,0,ZAR,2026-07-24T11:00:00Z,,,2026-07-15T00:00:00Z
ocds-9t57fa-162500,'RFQ 023/26,National Regulator for Compulsory Specifications,Free State,complete,['Supply of goods'],"[{'industry': 'Supply of goods', 'score': 1.0, 'reasons': [""text fuzzy-matches 'supply and delivery' (similarity 1.00)""]}]",False,,0,ZAR,2026-07-24T11:00:00Z,,,2026-07-15T00:00:00Z
ocds-9t57fa-162404,RFQJW60BZ2026 ,Johannesburg Water,Gauteng,complete,['Other / uncategorised'],"[{'industry': 'Other / uncategorised', 'score': 0.0, 'reasons': []}]",False,,0,ZAR,2026-07-24T12:00:00Z,,,2026-07-15T00:00:00Z
ocds-9t57fa-162385,RFQ 26/27/54 - LM,South African Post Office Limited,Mpumalanga,complete,['Other / uncategorised'],"[{'industry': 'Other / uncategorised', 'score': 0.0, 'reasons': []}]",False,,0,ZAR,2026-07-27T11:00:00Z,,,2026-07-15T00:00:00Z
ocds-9t57fa-162491,EDET G0551,Limpopo - Economic Development Environment & Tourism,Limpopo,complete,['Electrical'],"[{'industry': 'Electrical', 'score': 1.96, 'reasons': [""category field contains 'electrical'"", ""text fuzzy-matches 'transformer' (similarity 0.96)""]}]",False,,0,ZAR,2026-07-27T11:00:00Z,,,2026-07-15T00:00:00Z
ocds-9t57fa-166606,National Treasury Transversal RT15-2021-1076279229,ESKOM,National,complete,['ICT & telecommunications'],"[{'industry': 'ICT & telecommunications', 'score': 1.0, 'reasons': [""category field contains 'telecommunications'""]}]",False,,0,ZAR,2026-07-27T11:00:00Z,,,2026-07-15T00:00:00Z
ocds-9t57fa-162431,RFQ 219090,Commission for Conciliation Mediation & Arbitration,Gauteng,complete,['ICT & telecommunications'],"[{'industry': 'ICT & telecommunications', 'score': 1.0, 'reasons': [""text fuzzy-matches 'information technology' (similarity 1.00)""]}]",False,,0,ZAR,2026-07-27T16:00:00Z,,,2026-07-15T00:00:00Z
ocds-9t57fa-162408,RFQ: GSM051/2026,South African Airways (Pty) Limited,National,complete,['Other / uncategorised'],"[{'industry': 'Other / uncategorised', 'score': 0.0, 'reasons': []}]",False,,0,ZAR,2026-07-28T16:00:00Z,,,2026-07-15T00:00:00Z
ocds-9t57fa-162454,ATNS/FAGG/RFQ04/2025/26_PPE_Re_Advert,Air Traffic and Navigation Services Company Limited,Western Cape,complete,['Supply of goods'],"[{'industry': 'Supply of goods', 'score': 1.0, 'reasons': [""text fuzzy-matches 'supply and delivery' (similarity 1.00)""]}]",False,,0,ZAR,2026-07-29T11:00:00Z,,,2026-07-15T00:00:00Z
ocds-9t57fa-162397,NHBRC RFQ01/07,National Home Builders Registration Council,Gauteng,complete,['Other / uncategorised'],"[{'industry': 'Other / uncategorised', 'score': 0.0, 'reasons': []}]",False,,0,ZAR,2026-07-30T11:00:00Z,,,2026-07-15T00:00:00Z
ocds-9t57fa-162426,WTE–0536 CS,Water and Sanitation,Western Cape,complete,"['Construction & civil', 'Supply of goods', 'Mining & resources']","[{'industry': 'Construction & civil', 'score': 2.0, 'reasons': [""category field contains 'construction'"", ""text fuzzy-matches 'construction' (similarity 1.00)""]}, {'industry': 'Supply of goods', 'score': 1.0, 'reasons': [""text fuzzy-matches 'supply and delivery' (similarity 1.00)""]}, {'industry': 'Mining & resources', 'score': 0.86, 'reasons': [""text fuzzy-matches 'mine rehabilitation' (similarity 0.86)""]}]",False,,0,ZAR,2026-07-30T11:00:00Z,,,2026-07-15T00:00:00Z
ocds-9t57fa-162466,IZIKO R&E & C&D RFQ SCISSOR LIFT 2026/07/15,Iziko Museums of Cape Town,Western Cape,complete,['Other / uncategorised'],"[{'industry': 'Other / uncategorised', 'score': 0.0, 'reasons': []}]",False,,0,ZAR,2026-07-30T11:00:00Z,,,2026-07-15T00:00:00Z
ocds-9t57fa-162480,BM01/26/27,Blouberg Municipality,Limpopo,complete,['Other / uncategorised'],"[{'industry': 'Other / uncategorised', 'score': 0.0, 'reasons': []}]",False,,0,ZAR,2026-07-30T11:00:00Z,,,2026-07-15T00:00:00Z
ocds-9t57fa-162379,TE/2026/07/2844/8588/RFQ,Transnet SOC Ltd,Free State,complete,['Professional & consulting services'],"[{'industry': 'Professional & consulting services', 'score': 1.0, 'reasons': [""category field contains 'consulting'""]}]",False,,0,ZAR,2026-07-30T16:00:00Z,,,2026-07-15T00:00:00Z
ocds-9t57fa-162493,E1532GXMPKUSr,ESKOM,Mpumalanga,complete,['Other / uncategorised'],"[{'industry': 'Other / uncategorised', 'score': 0.0, 'reasons': []}]",False,,0,ZAR,2026-07-31T10:00:00Z,,,2026-07-15T00:00:00Z
ocds-9t57fa-162435,CTT26846,PetroSA,Western Cape,complete,['Professional & consulting services'],"[{'industry': 'Professional & consulting services', 'score': 1.0, 'reasons': [""category field contains 'consulting'""]}]",False,,0,ZAR,2026-07-31T12:00:00Z,,,2026-07-15T00:00:00Z
ocds-9t57fa-162465,Q01-2026,Overberg District Municipality,Western Cape,complete,['Other / uncategorised'],"[{'industry': 'Other / uncategorised', 'score': 0.0, 'reasons': []}]",False,,0,ZAR,2026-07-31T12:00:00Z,,,2026-07-15T00:00:00Z
ocds-9t57fa-162430,RFQ 10417763 RR,Rand Water,Gauteng,complete,['Other / uncategorised'],"[{'industry': 'Other / uncategorised', 'score': 0.0, 'reasons': []}]",False,,0,ZAR,2026-08-03T16:00:00Z,,,2026-07-15T00:00:00Z
ocds-9t57fa-162432,RFQ 10417841 RR,Rand Water,Gauteng,complete,['Other / uncategorised'],"[{'industry': 'Other / uncategorised', 'score': 0.0, 'reasons': []}]",False,,0,ZAR,2026-08-03T16:00:00Z,,,2026-07-15T00:00:00Z
ocds-9t57fa-162486,E1726TSSERI,ESKOM,Gauteng,complete,['Supply of goods'],"[{'industry': 'Supply of goods', 'score': 1.0, 'reasons': [""text fuzzy-matches 'supply and delivery' (similarity 1.00)""]}]",False,,0,ZAR,2026-08-05T10:00:00Z,,,2026-07-15T00:00:00Z
ocds-9t57fa-162487,E1750DXWCR1,ESKOM,Western Cape,complete,['Mechanical & HVAC'],"[{'industry': 'Mechanical & HVAC', 'score': 1.0, 'reasons': [""category field contains 'air conditioning'""]}]",False,,0,ZAR,2026-08-05T10:00:00Z,,,2026-07-15T00:00:00Z
ocds-9t57fa-165830,RFQ2488,Mine Health and Safety Council,Gauteng,active,"['Transport & logistics', 'Construction & civil']","[{'industry': 'Transport & logistics', 'score': 1.0, 'reasons': [""category field contains 'transport'""]}, {'industry': 'Construction & civil', 'score': 0.87, 'reasons': [""text fuzzy-matches 'construction' (similarity 0.87)""]}]",False,,0,ZAR,2026-07-17T11:00:00Z,,103500.0,2026-07-14T00:00:00Z
ocds-9t57fa-168751,1000,South African Revenue Service,Gauteng,active,['Construction & civil'],"[{'industry': 'Construction & civil', 'score': 0.94, 'reasons': [""text fuzzy-matches 'building' (similarity 0.94)""]}]",False,2028-11-30T00:00:00Z,0,ZAR,2026-07-20T11:00:00Z,,1765255188.0,2026-07-14T00:00:00Z
ocds-9t57fa-167751,BRQ 39/2026-27,Correctional Services,Western Cape,active,['Supply of goods'],"[{'industry': 'Supply of goods', 'score': 1.0, 'reasons': [""text fuzzy-matches 'supply and delivery' (similarity 1.00)""]}]",False,,0,ZAR,2026-07-28T11:00:00Z,,2802320.0,2026-07-14T00:00:00Z
ocds-9t57fa-162272,RFQ2026-007-008,National Lotteries Commission,Western Cape,complete,['Other / uncategorised'],"[{'industry': 'Other / uncategorised', 'score': 0.0, 'reasons': []}]",False,,0,ZAR,2026-07-16T11:00:00Z,,,2026-07-14T00:00:00Z
ocds-9t57fa-162295,RFQ2026-007-009,National Lotteries Commission,Western Cape,complete,['Other / uncategorised'],"[{'industry': 'Other / uncategorised', 'score': 0.0, 'reasons': []}]",False,,0,ZAR,2026-07-16T11:00:00Z,,,2026-07-14T00:00:00Z
ocds-9t57fa-162316,E045L2707RFQ00085,Border Management Authority,Mpumalanga,complete,['Supply of goods'],"[{'industry': 'Supply of goods', 'score': 1.0, 'reasons': [""text fuzzy-matches 'supply and delivery' (similarity 1.00)""]}]",False,,0,ZAR,2026-07-16T11:00:00Z,,,2026-07-14T00:00:00Z
ocds-9t57fa-162241,TPT/2026/07/0778/8623/RFQ PPA 161623,Transnet SOC Ltd,KwaZulu-Natal,complete,['Other / uncategorised'],"[{'industry': 'Other / uncategorised', 'score': 0.0, 'reasons': []}]",False,,0,ZAR,2026-07-16T13:00:00Z,,,2026-07-14T00:00:00Z
ocds-9t57fa-162274,RFQSP0027-26,South African Airways (Pty) Limited,Gauteng,complete,['Professional & consulting services'],"[{'industry': 'Professional & consulting services', 'score': 1.0, 'reasons': [""category field contains 'consulting'""]}]",False,,0,ZAR,2026-07-17T11:00:00Z,,,2026-07-14T00:00:00Z
ocds-9t57fa-162310,RFQ037/2026,Artscape,Western Cape,complete,"['Electrical', 'Supply of goods']","[{'industry': 'Electrical', 'score': 1.0, 'reasons': [""category field contains 'electrical'""]}, {'industry': 'Supply of goods', 'score': 1.0, 'reasons': [""text fuzzy-matches 'supply and delivery' (similarity 1.00)""]}]",False,,0,ZAR,2026-07-17T11:00:00Z,,,2026-07-14T00:00:00Z
ocds-9t57fa-162312,RFQ038/2026,Artscape,Western Cape,complete,['Supply of goods'],"[{'industry': 'Supply of goods', 'score': 1.0, 'reasons': [""text fuzzy-matches 'supply and delivery' (similarity 1.00)""]}]",False,,0,ZAR,2026-07-17T11:00:00Z,,,2026-07-14T00:00:00Z
ocds-9t57fa-162260,JTC0001/2026-27,City Council of Johannesburg,Gauteng,complete,['Professional & consulting services'],"[{'industry': 'Professional & consulting services', 'score': 1.0, 'reasons': [""category field contains 'consulting'""]}]",False,,0,ZAR,2026-07-20T10:00:00Z,,,2026-07-14T00:00:00Z
ocds-9t57fa-162266,IM1422026,Tourism,Eastern Cape,complete,['Professional & consulting services'],"[{'industry': 'Professional & consulting services', 'score': 1.0, 'reasons': [""category field contains 'consulting'""]}]",False,,0,ZAR,2026-07-20T11:00:00Z,,,2026-07-14T00:00:00Z
ocds-9t57fa-162323,NRWDI/FAC/2026-03,National Radioactive Waste Disposal Institute (NRWDI),North West,complete,['Transport & logistics'],"[{'industry': 'Transport & logistics', 'score': 0.86, 'reasons': [""text fuzzy-matches 'transport' (similarity 0.86)""]}]",False,,0,ZAR,2026-07-20T11:00:00Z,,,2026-07-14T00:00:00Z
ocds-9t57fa-162270,RFQ01/07/2026,Enoch Mgijima Local Municipality,Eastern Cape,complete,['Professional & consulting services'],"[{'industry': 'Professional & consulting services', 'score': 1.0, 'reasons': [""category field contains 'consulting'""]}]",False,,0,ZAR,2026-07-20T12:00:00Z,,,2026-07-14T00:00:00Z
ocds-9t57fa-162287,RFQ/737/077/2026,South African Forestry Company Limited,Mpumalanga,complete,['ICT & telecommunications'],"[{'industry': 'ICT & telecommunications', 'score': 0.89, 'reasons': [""text fuzzy-matches 'fibre' (similarity 0.89)""]}]",False,,0,ZAR,2026-07-20T12:00:00Z,,,2026-07-14T00:00:00Z
ocds-9t57fa-162342,6000080594,Johannesburg Water,Gauteng,complete,['Supply of goods'],"[{'industry': 'Supply of goods', 'score': 0.86, 'reasons': [""text fuzzy-matches 'supply and delivery' (similarity 0.86)""]}]",False,,0,ZAR,2026-07-20T12:00:00Z,,,2026-07-14T00:00:00Z
ocds-9t57fa-162345,RFQ/202/079/2026,South African Forestry Company Limited,Mpumalanga,complete,['Transport & logistics'],"[{'industry': 'Transport & logistics', 'score': 2.0, 'reasons': [""category field contains 'transport'"", ""text fuzzy-matches 'transport' (similarity 1.00)""]}]",False,,0,ZAR,2026-07-20T12:00:00Z,,,2026-07-14T00:00:00Z
ocds-9t57fa-162347,RFQ/202/080/2026,South African Forestry Company Limited,Mpumalanga,complete,['Transport & logistics'],"[{'industry': 'Transport & logistics', 'score': 2.0, 'reasons': [""category field contains 'transport'"", ""text fuzzy-matches 'transport' (similarity 1.00)""]}]",False,,0,ZAR,2026-07-20T12:00:00Z,,,2026-07-14T00:00:00Z
ocds-9t57fa-162348,RFQ/202/081/2026,South African Forestry Company Limited,Mpumalanga,complete,['Transport & logistics'],"[{'industry': 'Transport & logistics', 'score': 2.0, 'reasons': [""category field contains 'transport'"", ""text fuzzy-matches 'transport' (similarity 1.00)""]}]",False,,0,ZAR,2026-07-20T12:00:00Z,,,2026-07-14T00:00:00Z
ocds-9t57fa-162301,10372466 10372465,Passenger Rail Agency of South Africa,Gauteng,complete,['Professional & consulting services'],"[{'industry': 'Professional & consulting services', 'score': 1.0, 'reasons': [""category field contains 'consulting'""]}]",False,,0,ZAR,2026-07-20T23:30:00Z,,,2026-07-14T00:00:00Z
ocds-9t57fa-162235,iLABS/RFQ 2026/27:89,National Research Foundation,Western Cape,complete,['Supply of goods'],"[{'industry': 'Supply of goods', 'score': 1.0, 'reasons': [""text fuzzy-matches 'supply and delivery' (similarity 1.00)""]}]",False,,0,ZAR,2026-07-21T11:00:00Z,,,2026-07-14T00:00:00Z
ocds-9t57fa-162337,RFQ0001251,Marine Living Resources Fund,Western Cape,complete,['Supply of goods'],"[{'industry': 'Supply of goods', 'score': 0.97, 'reasons': [""text fuzzy-matches 'supply and delivery' (similarity 0.97)""]}]",False,,0,ZAR,2026-07-21T11:00:00Z,,,2026-07-14T00:00:00Z
ocds-9t57fa-162284,RFQJW58BZ2026 -BESPOKE SAMPLING POINT SPARES,Johannesburg Water,Gauteng,complete,['Other / uncategorised'],"[{'industry': 'Other / uncategorised', 'score': 0.0, 'reasons': []}]",False,,0,ZAR,2026-07-21T12:00:00Z,,,2026-07-14T00:00:00Z
ocds-9t57fa-162296,6000080593,Johannesburg Water,Gauteng,complete,['Supply of goods'],"[{'industry': 'Supply of goods', 'score': 1.0, 'reasons': [""text fuzzy-matches 'supply and delivery' (similarity 1.00)""]}]",False,,0,ZAR,2026-07-21T12:00:00Z,,,2026-07-14T00:00:00Z
ocds-9t57fa-162298,RFQJW59ZZ26 ,Johannesburg Water,Gauteng,complete,['Other / uncategorised'],"[{'industry': 'Other / uncategorised', 'score': 0.0, 'reasons': []}]",False,,0,ZAR,2026-07-21T16:00:00Z,,,2026-07-14T00:00:00Z
ocds-9t57fa-162306,RFQJW72SC26 ,Johannesburg Water,Gauteng,complete,['Professional & consulting services'],"[{'industry': 'Professional & consulting services', 'score': 1.0, 'reasons': [""category field contains 'consulting'""]}]",False,,0,ZAR,2026-07-21T16:00:00Z,,,2026-07-14T00:00:00Z
ocds-9t57fa-162264,RFQ 10419459,Rand Water,Gauteng,complete,['Professional & consulting services'],"[{'industry': 'Professional & consulting services', 'score': 1.0, 'reasons': [""category field contains 'consulting'""]}]",False,,0,ZAR,2026-07-21T16:30:00Z,,,2026-07-14T00:00:00Z
ocds-9t57fa-162249,OVI01REQ003976,Agricultural Research Council,National,complete,['Other / uncategorised'],"[{'industry': 'Other / uncategorised', 'score': 0.0, 'reasons': []}]",False,,0,ZAR,2026-07-22T11:00:00Z,,,2026-07-14T00:00:00Z
ocds-9t57fa-162273,RFQ 005-2026/2027,Government Communications (GCIS),Gauteng,complete,['Other / uncategorised'],"[{'industry': 'Other / uncategorised', 'score': 0.0, 'reasons': []}]",False,,0,ZAR,2026-07-22T11:00:00Z,,,2026-07-14T00:00:00Z
ocds-9t57fa-162340,10116933 ,Road Accident Fund,KwaZulu-Natal,complete,"['Security services', 'Construction & civil', 'ICT & telecommunications']","[{'industry': 'Security services', 'score': 1.0, 'reasons': [""category field contains 'security services'""]}, {'industry': 'Construction & civil', 'score': 0.89, 'reasons': [""text fuzzy-matches 'roads' (similarity 0.89)""]}, {'industry': 'ICT & telecommunications', 'score': 0.89, 'reasons': [""text fuzzy-matches 'fibre' (similarity 0.89)""]}]",False,,0,ZAR,2026-07-22T11:00:00Z,,,2026-07-14T00:00:00Z
ocds-9t57fa-162255,ECR/F/03/07/2026,Passenger Rail Agency of South Africa,Eastern Cape,complete,['Other / uncategorised'],"[{'industry': 'Other / uncategorised', 'score': 0.0, 'reasons': []}]",False,,0,ZAR,2026-07-22T12:00:00Z,,,2026-07-14T00:00:00Z
ocds-9t57fa-162308,Iziko RFQ Advancement 14/07/2026,Iziko Museums of Cape Town,Western Cape,complete,['Professional & consulting services'],"[{'industry': 'Professional & consulting services', 'score': 1.0, 'reasons': [""category field contains 'consulting'""]}]",False,,0,ZAR,2026-07-23T11:00:00Z,,,2026-07-14T00:00:00Z
ocds-9t57fa-162314,RFQ 202031,The South African Bureau of Standards (SABS),Gauteng,complete,['Professional & consulting services'],"[{'industry': 'Professional & consulting services', 'score': 1.0, 'reasons': [""category field contains 'consulting'""]}]",False,,0,ZAR,2026-07-23T11:00:00Z,,,2026-07-14T00:00:00Z
ocds-9t57fa-162317,RFQJW028NS26-27,Johannesburg Water,Gauteng,complete,"['Electrical', 'Water & sanitation', 'Supply of goods']","[{'industry': 'Electrical', 'score': 1.0, 'reasons': [""category field contains 'electrical'""]}, {'industry': 'Water & sanitation', 'score': 1.0, 'reasons': [""text fuzzy-matches 'wastewater' (similarity 1.00)""]}, {'industry': 'Supply of goods', 'score': 1.0, 'reasons': [""text fuzzy-matches 'supply and delivery' (similarity 1.00)""]}]",False,,0,ZAR,2026-07-23T16:00:00Z,,,2026-07-14T00:00:00Z
ocds-9t57fa-162328,RFQJW030NS26-27,Johannesburg Water,Gauteng,complete,"['Electrical', 'ICT & telecommunications', 'Water & sanitation', 'Supply of goods']","[{'industry': 'Electrical', 'score': 1.0, 'reasons': [""category field contains 'electrical'""]}, {'industry': 'ICT & telecommunications', 'score': 1.0, 'reasons': [""text fuzzy-matches 'network' (similarity 1.00)""]}, {'industry': 'Water & sanitation', 'score': 1.0, 'reasons': [""text fuzzy-matches 'wastewater' (similarity 1.00)""]}, {'industry': 'Supply of goods', 'score': 0.97, 'reasons': [""text fuzzy-matches 'supply and delivery' (similarity 0.97)""]}]",False,,0,ZAR,2026-07-23T16:00:00Z,,,2026-07-14T00:00:00Z
ocds-9t57fa-162276,031/2026/EWSS/TRAINING/RFQ,Trans-Caledon Tunnel Authority,Gauteng,complete,['Professional & consulting services'],"[{'industry': 'Professional & consulting services', 'score': 1.0, 'reasons': [""text fuzzy-matches 'advisory' (similarity 1.00)""]}]",False,,0,ZAR,2026-07-24T11:00:00Z,,,2026-07-14T00:00:00Z
ocds-9t57fa-162265,RFQ/110/071/2026,South African Forestry Company Limited,Mpumalanga,complete,['Other / uncategorised'],"[{'industry': 'Other / uncategorised', 'score': 0.0, 'reasons': []}]",False,,0,ZAR,2026-07-27T12:00:00Z,,,2026-07-14T00:00:00Z
ocds-9t57fa-162325,RFQJW029NS26-27,Johannesburg Water,Gauteng,complete,['Electrical'],"[{'industry': 'Electrical', 'score': 1.0, 'reasons': [""category field contains 'electrical'""]}]",False,,0,ZAR,2026-07-27T16:00:00Z,,,2026-07-14T00:00:00Z
ocds-9t57fa-162336,RFQ0001250,Marine Living Resources Fund,Western Cape,complete,['Professional & consulting services'],"[{'industry': 'Professional & consulting services', 'score': 1.0, 'reasons': [""category field contains 'consulting'""]}]",False,,0,ZAR,2026-07-28T11:00:00Z,,,2026-07-14T00:00:00Z
ocds-9t57fa-162251,QUOTATION 8/2/27-2026 / MN142-2026,Bergrivier - WC Local Municipality,Western Cape,complete,"['Professional & consulting services', 'Supply of goods']","[{'industry': 'Professional & consulting services', 'score': 1.0, 'reasons': [""category field contains 'consulting'""]}, {'industry': 'Supply of goods', 'score': 1.0, 'reasons': [""text fuzzy-matches 'supply and delivery' (similarity 1.00)""]}]",False,,0,ZAR,2026-07-28T12:00:00Z,,,2026-07-14T00:00:00Z
ocds-9t57fa-162322,E3206GXMPMAJ,ESKOM,Mpumalanga,complete,['Supply of goods'],"[{'industry': 'Supply of goods', 'score': 0.97, 'reasons': [""text fuzzy-matches 'supply and delivery' (similarity 0.97)""]}]",False,,0,ZAR,2026-07-29T10:00:00Z,,,2026-07-14T00:00:00Z
ocds-9t57fa-162259,WTE1016CE,Water and Sanitation,Mpumalanga,complete,"['Construction & civil', 'Supply of goods']","[{'industry': 'Construction & civil', 'score': 2.0, 'reasons': [""category field contains 'construction'"", ""text fuzzy-matches 'construction' (similarity 1.00)""]}, {'industry': 'Supply of goods', 'score': 1.0, 'reasons': [""text fuzzy-matches 'supply and delivery' (similarity 1.00)""]}]",False,,0,ZAR,2026-07-29T11:00:00Z,,,2026-07-14T00:00:00Z
ocds-9t57fa-162343,RFQ 04/07/2026,Kwa-Zulu Natal - Ezemvelo KwaZulu-Natal Wildlife,KwaZulu-Natal,complete,['ICT & telecommunications'],"[{'industry': 'ICT & telecommunications', 'score': 0.89, 'reasons': [""text fuzzy-matches 'fibre' (similarity 0.89)""]}]",False,,0,ZAR,2026-07-29T11:00:00Z,,,2026-07-14T00:00:00Z
ocds-9t57fa-162344,RFQ 05/07/2026,Kwa-Zulu Natal - Ezemvelo KwaZulu-Natal Wildlife,KwaZulu-Natal,complete,['ICT & telecommunications'],"[{'industry': 'ICT & telecommunications', 'score': 0.89, 'reasons': [""text fuzzy-matches 'fibre' (similarity 0.89)""]}]",False,,0,ZAR,2026-07-29T11:00:00Z,,,2026-07-14T00:00:00Z
ocds-9t57fa-162313,RFQ 73106 - re-issue,Airports Company of South Africa Limited,Gauteng,complete,['Mining & resources'],"[{'industry': 'Mining & resources', 'score': 0.86, 'reasons': [""text fuzzy-matches 'mine rehabilitation' (similarity 0.86)""]}]",False,,0,ZAR,2026-07-29T12:00:00Z,,,2026-07-14T00:00:00Z
ocds-9t57fa-162338,RFQJW031NS26-27,Johannesburg Water,Gauteng,complete,['Construction & civil'],"[{'industry': 'Construction & civil', 'score': 2.0, 'reasons': [""category field contains 'construction'"", ""text fuzzy-matches 'construction' (similarity 1.00)""]}]",False,,0,ZAR,2026-07-29T16:00:00Z,,,2026-07-14T00:00:00Z
ocds-9t57fa-162238,AHT26885,PetroSA,Western Cape,complete,['Professional & consulting services'],"[{'industry': 'Professional & consulting services', 'score': 1.0, 'reasons': [""category field contains 'consulting'""]}]",False,,0,ZAR,2026-07-30T11:00:00Z,,,2026-07-14T00:00:00Z
ocds-9t57fa-162299,WTE-0540 CS,Water and Sanitation,Western Cape,complete,"['Construction & civil', 'Supply of goods']","[{'industry': 'Construction & civil', 'score': 2.0, 'reasons': [""category field contains 'construction'"", ""text fuzzy-matches 'construction' (similarity 1.00)""]}, {'industry': 'Supply of goods', 'score': 1.0, 'reasons': [""text fuzzy-matches 'supply and delivery' (similarity 1.00)""]}]",False,,0,ZAR,2026-07-30T11:00:00Z,,,2026-07-14T00:00:00Z
ocds-9t57fa-162247,6_2026,CASIDRA (SOC) Limited,Western Cape,complete,['Mechanical & HVAC'],"[{'industry': 'Mechanical & HVAC', 'score': 1.0, 'reasons': [""text fuzzy-matches 'mechanical' (similarity 1.00)""]}]",False,,0,ZAR,2026-07-30T12:00:00Z,,,2026-07-14T00:00:00Z
ocds-9t57fa-162300,E2349DXEAL- Tender Validity,ESKOM,Gauteng,complete,['Other / uncategorised'],"[{'industry': 'Other / uncategorised', 'score': 0.0, 'reasons': []}]",False,,0,ZAR,2026-07-30T16:00:00Z,,,2026-07-14T00:00:00Z
ocds-9t57fa-162174,CSIR RFP 3735/30/07/2026,Council for Scientific and Industrial Research (CSIR),National,complete,['Professional & consulting services'],"[{'industry': 'Professional & consulting services', 'score': 1.0, 'reasons': [""category field contains 'consulting'""]}]",False,,0,ZAR,2026-07-30T16:30:00Z,,,2026-07-14T00:00:00Z
ocds-9t57fa-162236,FBC B3/2026 R,False Bay TVET College,Western Cape,complete,"['ICT & telecommunications', 'Professional & consulting services']","[{'industry': 'ICT & telecommunications', 'score': 1.0, 'reasons': [""text fuzzy-matches 'network' (similarity 1.00)""]}, {'industry': 'Professional & consulting services', 'score': 1.0, 'reasons': [""category field contains 'consulting'""]}]",False,,0,ZAR,2026-07-31T11:00:00Z,,,2026-07-14T00:00:00Z
ocds-9t57fa-162263,E1949GXMPCAM1,ESKOM,Mpumalanga,complete,['Other / uncategorised'],"[{'industry': 'Other / uncategorised', 'score': 0.0, 'reasons': []}]",False,,0,ZAR,2026-07-31T11:00:00Z,,,2026-07-14T00:00:00Z
ocds-9t57fa-162275,Limmited Bidding,Mpumalanga - Agriculture Rural Development and Land Administration,Mpumalanga,complete,['Other / uncategorised'],"[{'industry': 'Other / uncategorised', 'score': 0.0, 'reasons': []}]",False,,0,ZAR,2026-07-31T11:00:00Z,,,2026-07-14T00:00:00Z
ocds-9t57fa-162341,T37/07/26,Industrial Development Corporation of South Africa Limited,National,complete,['Professional & consulting services'],"[{'industry': 'Professional & consulting services', 'score': 1.0, 'reasons': [""category field contains 'consulting'""]}]",False,,0,ZAR,2026-07-31T11:00:00Z,,,2026-07-14T00:00:00Z
ocds-9t57fa-162248,ECR/F/04/07/2026,Passenger Rail Agency of South Africa,Eastern Cape,complete,['Water & sanitation'],"[{'industry': 'Water & sanitation', 'score': 1.0, 'reasons': [""text fuzzy-matches 'sanitation' (similarity 1.00)""]}]",False,,0,ZAR,2026-07-31T12:00:00Z,,,2026-07-14T00:00:00Z
ocds-9t57fa-162368,RFQ 73107 - re-issue,Airports Company of South Africa Limited,Gauteng,complete,['Other / uncategorised'],"[{'industry': 'Other / uncategorised', 'score': 0.0, 'reasons': []}]",False,,0,ZAR,2026-07-31T12:00:00Z,,,2026-07-14T00:00:00Z
ocds-9t57fa-162294,AHT26887,PetroSA,Western Cape,complete,"['Professional & consulting services', 'ICT & telecommunications']","[{'industry': 'Professional & consulting services', 'score': 1.0, 'reasons': [""category field contains 'consulting'""]}, {'industry': 'ICT & telecommunications', 'score': 0.89, 'reasons': [""text fuzzy-matches 'fibre' (similarity 0.89)""]}]",False,,0,ZAR,2026-08-03T11:00:00Z,,,2026-07-14T00:00:00Z
ocds-9t57fa-162330,Tender 120/2025,JB Marks Local Municipality,North West,complete,['Construction & civil'],"[{'industry': 'Construction & civil', 'score': 2.0, 'reasons': [""category field contains 'construction'"", ""text fuzzy-matches 'building' (similarity 1.00)""]}]",False,,0,ZAR,2026-08-03T12:00:00Z,,,2026-07-14T00:00:00Z
ocds-9t57fa-162305,RFQ4661,National - Employment and Labour,National,complete,['Professional & consulting services'],"[{'industry': 'Professional & consulting services', 'score': 1.0, 'reasons': [""category field contains 'consulting'""]}]",False,,0,ZAR,2026-08-04T11:00:00Z,,,2026-07-14T00:00:00Z
ocds-9t57fa-162258,MEGA/2027/01 Re-advertisement,Mpumalanga - Mpumalanga Economic Growth Agency (MEGA),Mpumalanga,complete,['Professional & consulting services'],"[{'industry': 'Professional & consulting services', 'score': 0.86, 'reasons': [""text fuzzy-matches 'project management' (similarity 0.86)""]}]",False,,0,ZAR,2026-08-04T12:00:00Z,,,2026-07-14T00:00:00Z
ocds-9t57fa-163521,SSP-139,Council for Scientific and Industrial Research (CSIR),Gauteng,active,['Other / uncategorised'],"[{'industry': 'Other / uncategorised', 'score': 0.0, 'reasons': []}]",False,,0,ZAR,2026-07-14T11:00:00Z,,3024210.0,2026-07-13T00:00:00Z
ocds-9t57fa-165916,RFQ2480,Mine Health and Safety Council,Gauteng,active,['Construction & civil'],"[{'industry': 'Construction & civil', 'score': 1.0, 'reasons': [""text fuzzy-matches 'building' (similarity 1.00)""]}]",False,,0,ZAR,2026-07-14T11:00:00Z,,3312000.0,2026-07-13T00:00:00Z
ocds-9t57fa-162148,PR 10117136,Road Accident Fund,Gauteng,active,"['Professional & consulting services', 'Construction & civil']","[{'industry': 'Professional & consulting services', 'score': 1.0, 'reasons': [""category field contains 'consulting'""]}, {'industry': 'Construction & civil', 'score': 0.89, 'reasons': [""text fuzzy-matches 'roads' (similarity 0.89)""]}]",False,,0,ZAR,2026-07-15T11:00:00Z,,1725000.0,2026-07-13T00:00:00Z
ocds-9t57fa-168909,CGS-2026-015NM,Council for Geoscience,Gauteng,active,"['Professional & consulting services', 'Supply of goods']","[{'industry': 'Professional & consulting services', 'score': 1.0, 'reasons': [""category field contains 'consulting'""]}, {'industry': 'Supply of goods', 'score': 0.97, 'reasons': [""text fuzzy-matches 'supply and delivery' (similarity 0.97)""]}]",False,,0,ZAR,2026-07-24T11:00:00Z,,311632290.0,2026-07-13T00:00:00Z
ocds-9t57fa-163513,SIN-128,Council for Scientific and Industrial Research (CSIR),Gauteng,active,"['Construction & civil', 'Supply of goods']","[{'industry': 'Construction & civil', 'score': 1.0, 'reasons': [""text fuzzy-matches 'building' (similarity 1.00)""]}, {'industry': 'Supply of goods', 'score': 1.0, 'reasons': [""text fuzzy-matches 'supply and delivery' (similarity 1.00)""]}]",False,,0,ZAR,2026-07-13T11:00:00Z,,2200000.0,2026-07-12T00:00:00Z
ocds-9t57fa-163516,SSP-129,Council for Scientific and Industrial Research (CSIR),Gauteng,active,['Professional & consulting services'],"[{'industry': 'Professional & consulting services', 'score': 1.0, 'reasons': [""category field contains 'consulting'""]}]",False,,0,ZAR,2026-07-13T11:00:00Z,,69882625.0,2026-07-12T00:00:00Z
ocds-9t57fa-162128,Re-Advert: ISC01REQ003521,Agricultural Research Council,Gauteng,complete,['Other / uncategorised'],"[{'industry': 'Other / uncategorised', 'score': 0.0, 'reasons': []}]",False,,0,ZAR,2026-07-22T11:00:00Z,,,2026-07-12T00:00:00Z
ocds-9t57fa-162131,SCMU8-26/27-0105,Eastern Cape - Agriculture,Eastern Cape,complete,"['Professional & consulting services', 'ICT & telecommunications']","[{'industry': 'Professional & consulting services', 'score': 2.0, 'reasons': [""category field contains 'consulting'"", ""text fuzzy-matches 'professional services' (similarity 1.00)""]}, {'industry': 'ICT & telecommunications', 'score': 1.0, 'reasons': [""text fuzzy-matches 'server' (similarity 1.00)""]}]",False,,0,ZAR,2026-07-31T11:00:00Z,,,2026-07-12T00:00:00Z
ocds-9t57fa-162130,SCMU8-26/27-0102,Eastern Cape - Agriculture,Eastern Cape,complete,['Construction & civil'],"[{'industry': 'Construction & civil', 'score': 2.0, 'reasons': [""category field contains 'construction'"", ""text fuzzy-matches 'construction' (similarity 1.00)""]}]",False,,0,ZAR,2026-08-03T11:00:00Z,,,2026-07-12T00:00:00Z
ocds-9t57fa-162123,SAHPRA/2026/ELECTRONIC SIGNATURE SOLUTION/ RFB002,SOUTH AFRICAN HEALTH PRODUCTS REGULATORY AUTHORITY,National,complete,['Other / uncategorised'],"[{'industry': 'Other / uncategorised', 'score': 0.0, 'reasons': []}]",False,,0,ZAR,2026-08-04T11:00:00Z,,,2026-07-12T00:00:00Z
ocds-9t57fa-162110,2421,Mine Health and Safety Council,Mpumalanga,complete,['Transport & logistics'],"[{'industry': 'Transport & logistics', 'score': 1.0, 'reasons': [""category field contains 'transport'""]}]",False,,0,ZAR,2026-07-16T11:00:00Z,,,2026-07-11T00:00:00Z
ocds-9t57fa-162112,RFQ-ID012634,DENEL (Pty) Ltd,Gauteng,complete,['Construction & civil'],"[{'industry': 'Construction & civil', 'score': 1.0, 'reasons': [""category field contains 'construction'""]}]",False,,0,ZAR,2026-07-17T11:00:00Z,,,2026-07-11T00:00:00Z
ocds-9t57fa-162113,RFQ-ID012635,DENEL (Pty) Ltd,Gauteng,complete,['Professional & consulting services'],"[{'industry': 'Professional & consulting services', 'score': 1.0, 'reasons': [""category field contains 'consulting'""]}]",False,,0,ZAR,2026-07-20T11:00:00Z,,,2026-07-11T00:00:00Z
ocds-9t57fa-162118,WTE1023CE,Water and Sanitation,Eastern Cape,complete,"['Construction & civil', 'Supply of goods']","[{'industry': 'Construction & civil', 'score': 1.0, 'reasons': [""category field contains 'building'""]}, {'industry': 'Supply of goods', 'score': 1.0, 'reasons': [""text fuzzy-matches 'supply and delivery' (similarity 1.00)""]}]",False,,0,ZAR,2026-07-24T11:00:00Z,,,2026-07-11T00:00:00Z
ocds-9t57fa-162119,WTE1024CE,Water and Sanitation,Eastern Cape,complete,"['Construction & civil', 'Supply of goods']","[{'industry': 'Construction & civil', 'score': 1.0, 'reasons': [""category field contains 'construction'""]}, {'industry': 'Supply of goods', 'score': 1.0, 'reasons': [""text fuzzy-matches 'supply and delivery' (similarity 1.00)""]}]",False,,0,ZAR,2026-07-24T11:00:00Z,,,2026-07-11T00:00:00Z
ocds-9t57fa-162120,WTE1025CE,Water and Sanitation,Eastern Cape,complete,"['Water & sanitation', 'Supply of goods', 'Construction & civil']","[{'industry': 'Water & sanitation', 'score': 1.0, 'reasons': [""category field contains 'sewer'""]}, {'industry': 'Supply of goods', 'score': 1.0, 'reasons': [""text fuzzy-matches 'supply and delivery' (similarity 1.00)""]}, {'industry': 'Construction & civil', 'score': 0.89, 'reasons': [""text fuzzy-matches 'roads' (similarity 0.89)""]}]",False,,0,ZAR,2026-07-24T11:00:00Z,,,2026-07-11T00:00:00Z
ocds-9t57fa-162116,WTE1021CE,Water and Sanitation,Eastern Cape,complete,['Supply of goods'],"[{'industry': 'Supply of goods', 'score': 1.0, 'reasons': [""text fuzzy-matches 'supply and delivery' (similarity 1.00)""]}]",False,,0,ZAR,2026-07-28T11:00:00Z,,,2026-07-11T00:00:00Z
ocds-9t57fa-162117,WTE1022CE,Water and Sanitation,Eastern Cape,complete,"['Construction & civil', 'Supply of goods']","[{'industry': 'Construction & civil', 'score': 2.0, 'reasons': [""category field contains 'building'"", ""text fuzzy-matches 'construction' (similarity 1.00)""]}, {'industry': 'Supply of goods', 'score': 1.0, 'reasons': [""text fuzzy-matches 'supply and delivery' (similarity 1.00)""]}]",False,,0,ZAR,2026-07-28T11:00:00Z,,,2026-07-11T00:00:00Z
ocds-9t57fa-162114,RFB 14/2026/2027,Small Enterprise Development and Finance Agency,Gauteng,complete,['ICT & telecommunications'],"[{'industry': 'ICT & telecommunications', 'score': 1.0, 'reasons': [""text fuzzy-matches 'network' (similarity 1.00)""]}]",False,,0,ZAR,2026-08-11T12:00:00Z,,,2026-07-11T00:00:00Z
ocds-9t57fa-161914,17S/2026/27,City of Cape Town,Western Cape,complete,['Other / uncategorised'],"[{'industry': 'Other / uncategorised', 'score': 0.0, 'reasons': []}]",False,,0,ZAR,2026-08-13T10:00:00Z,,,2026-07-11T00:00:00Z
ocds-9t57fa-165890,Dev2026-030,National Treasury,National,active,['Professional & consulting services'],"[{'industry': 'Professional & consulting services', 'score': 1.0, 'reasons': [""category field contains 'consulting'""]}]",False,,0,ZAR,2026-07-16T11:00:00Z,,46474730.0,2026-07-10T00:00:00Z
ocds-9t57fa-166247,REQ4556,South African Weather Service,Gauteng,active,['Other / uncategorised'],"[{'industry': 'Other / uncategorised', 'score': 0.0, 'reasons': []}]",False,2029-07-31T00:00:00Z,0,ZAR,2026-07-16T11:00:00Z,,156401035.0,2026-07-10T00:00:00Z
ocds-9t57fa-162072,NCCQ65,National Consumer Commission,Gauteng,active,['ICT & telecommunications'],"[{'industry': 'ICT & telecommunications', 'score': 1.0, 'reasons': [""text fuzzy-matches 'network' (similarity 1.00)""]}]",False,,0,ZAR,2026-07-22T13:00:00Z,,68995320.0,2026-07-10T00:00:00Z
ocds-9t57fa-164612,DHA12-2026,Home Affairs,National,active,['Professional & consulting services'],"[{'industry': 'Professional & consulting services', 'score': 1.0, 'reasons': [""category field contains 'consulting'""]}]",False,2027-03-31T00:00:00Z,0,ZAR,2026-07-24T11:00:00Z,,31060000.0,2026-07-10T00:00:00Z
ocds-9t57fa-165281,Deviation 002-2026-27,Government Technical Advisory Centre (GTAC),Gauteng,active,"['Professional & consulting services', 'Construction & civil']","[{'industry': 'Professional & consulting services', 'score': 1.0, 'reasons': [""category field contains 'consulting'""]}, {'industry': 'Construction & civil', 'score': 0.89, 'reasons': [""text fuzzy-matches 'roads' (similarity 0.89)""]}]",False,2026-12-31T00:00:00Z,0,ZAR,2026-08-07T11:00:00Z,,16100000.0,2026-07-10T00:00:00Z
ocds-9t57fa-161943,RFQ2026/154-1,Gauteng – Community Education and Training College,Gauteng,complete,['ICT & telecommunications'],"[{'industry': 'ICT & telecommunications', 'score': 0.89, 'reasons': [""text fuzzy-matches 'fibre' (similarity 0.89)""]}]",False,,0,ZAR,2026-07-13T10:00:00Z,,,2026-07-10T00:00:00Z
ocds-9t57fa-161939,RFQ2026/152-1,Gauteng – Community Education and Training College,Gauteng,complete,['Other / uncategorised'],"[{'industry': 'Other / uncategorised', 'score': 0.0, 'reasons': []}]",False,,0,ZAR,2026-07-13T11:00:00Z,,,2026-07-10T00:00:00Z
ocds-9t57fa-161942,RFQ2026/153-1,Gauteng – Community Education and Training College,Gauteng,complete,['Other / uncategorised'],"[{'industry': 'Other / uncategorised', 'score': 0.0, 'reasons': []}]",False,,0,ZAR,2026-07-13T11:00:00Z,,,2026-07-10T00:00:00Z
ocds-9t57fa-162109,RFQ 14-2026,Postbank SOC,Gauteng,complete,['Other / uncategorised'],"[{'industry': 'Other / uncategorised', 'score': 0.0, 'reasons': []}]",False,,0,ZAR,2026-07-15T11:00:00Z,,,2026-07-10T00:00:00Z
ocds-9t57fa-162014,RSR/FRANKING MACHINE,Railway Safety Regulator,Gauteng,complete,['Professional & consulting services'],"[{'industry': 'Professional & consulting services', 'score': 1.0, 'reasons': [""category field contains 'consulting'""]}]",False,,0,ZAR,2026-07-15T15:00:00Z,,,2026-07-10T00:00:00Z
ocds-9t57fa-162066,RFQ/SASSETA/2627105,Safety and Security Sector Education and Training Authority (Sasseta),Gauteng,complete,['Professional & consulting services'],"[{'industry': 'Professional & consulting services', 'score': 1.0, 'reasons': [""category field contains 'consulting'""]}]",False,,0,ZAR,2026-07-15T15:00:00Z,,,2026-07-10T00:00:00Z
ocds-9t57fa-161924,ZNQ 28/26/27,Kwazulu Natal - Public Works (Head Office),KwaZulu-Natal,complete,['Professional & consulting services'],"[{'industry': 'Professional & consulting services', 'score': 1.0, 'reasons': [""category field contains 'consulting'""]}]",False,,0,ZAR,2026-07-16T11:00:00Z,,,2026-07-10T00:00:00Z
ocds-9t57fa-162043,PR10117015,Road Accident Fund,Gauteng,complete,['Construction & civil'],"[{'industry': 'Construction & civil', 'score': 0.89, 'reasons': [""text fuzzy-matches 'roads' (similarity 0.89)""]}]",False,,0,ZAR,2026-07-16T11:00:00Z,,,2026-07-10T00:00:00Z
ocds-9t57fa-162055,2436,Mine Health and Safety Council,Gauteng,complete,"['ICT & telecommunications', 'Water & sanitation']","[{'industry': 'ICT & telecommunications', 'score': 1.0, 'reasons': [""text fuzzy-matches 'ict' (similarity 1.00)""]}, {'industry': 'Water & sanitation', 'score': 0.91, 'reasons': [""text fuzzy-matches 'sanitation' (similarity 0.91)""]}]",False,,0,ZAR,2026-07-16T11:00:00Z,,,2026-07-10T00:00:00Z
ocds-9t57fa-162058,REQ0006149,South African National Accreditation System,Gauteng,complete,['Professional & consulting services'],"[{'industry': 'Professional & consulting services', 'score': 1.0, 'reasons': [""category field contains 'consulting'""]}]",False,,0,ZAR,2026-07-16T11:00:00Z,,,2026-07-10T00:00:00Z
ocds-9t57fa-161938,AEI01REQ000690,Agricultural Research Council,National,complete,['Professional & consulting services'],"[{'industry': 'Professional & consulting services', 'score': 1.0, 'reasons': [""category field contains 'consulting'""]}]",False,,0,ZAR,2026-07-17T11:00:00Z,,,2026-07-10T00:00:00Z
ocds-9t57fa-162025,OVI012607RFQ00000039,Agricultural Research Council,Gauteng,complete,['Other / uncategorised'],"[{'industry': 'Other / uncategorised', 'score': 0.0, 'reasons': []}]",False,,0,ZAR,2026-07-17T11:00:00Z,,,2026-07-10T00:00:00Z
ocds-9t57fa-161926,T55.25.26,Swartland Municipality,Western Cape,complete,['Supply of goods'],"[{'industry': 'Supply of goods', 'score': 1.0, 'reasons': [""text fuzzy-matches 'supply and delivery' (similarity 1.00)""]}]",False,,0,ZAR,2026-07-17T12:00:00Z,,,2026-07-10T00:00:00Z
ocds-9t57fa-161928,T56.25.26,Swartland Municipality,Western Cape,complete,['Supply of goods'],"[{'industry': 'Supply of goods', 'score': 1.0, 'reasons': [""text fuzzy-matches 'supply and delivery' (similarity 1.00)""]}]",False,,0,ZAR,2026-07-17T12:00:00Z,,,2026-07-10T00:00:00Z
ocds-9t57fa-162033,RFQ2026/27/19,Ports Regulator of South Africa,KwaZulu-Natal,complete,['ICT & telecommunications'],"[{'industry': 'ICT & telecommunications', 'score': 1.0, 'reasons': [""text fuzzy-matches 'software' (similarity 1.00)""]}]",False,,0,ZAR,2026-07-17T12:00:00Z,,,2026-07-10T00:00:00Z
ocds-9t57fa-162038,6000080587R,Johannesburg Water,Gauteng,complete,['Supply of goods'],"[{'industry': 'Supply of goods', 'score': 1.0, 'reasons': [""text fuzzy-matches 'supply and delivery' (similarity 1.00)""]}]",False,,0,ZAR,2026-07-17T12:00:00Z,,,2026-07-10T00:00:00Z
ocds-9t57fa-162101,RFQ 53157 Re-issue,Airports Company of South Africa,Gauteng,complete,['Other / uncategorised'],"[{'industry': 'Other / uncategorised', 'score': 0.0, 'reasons': []}]",False,,0,ZAR,2026-07-17T12:00:00Z,,,2026-07-10T00:00:00Z
ocds-9t57fa-161966,EWSETA/RFQ/020/2026-27,Energy and Water Sector Education and Training Authority,Gauteng,complete,['Other / uncategorised'],"[{'industry': 'Other / uncategorised', 'score': 0.0, 'reasons': []}]",False,,0,ZAR,2026-07-17T13:00:00Z,,,2026-07-10T00:00:00Z
ocds-9t57fa-161964,RFQJW012NS26-27,Johannesburg Water,Gauteng,complete,['ICT & telecommunications'],"[{'industry': 'ICT & telecommunications', 'score': 1.0, 'reasons': [""text fuzzy-matches 'software' (similarity 1.00)""]}]",False,,0,ZAR,2026-07-17T16:00:00Z,,,2026-07-10T00:00:00Z
ocds-9t57fa-161972,RFQJW013NS26-27,Johannesburg Water,Gauteng,complete,['Supply of goods'],"[{'industry': 'Supply of goods', 'score': 0.97, 'reasons': [""text fuzzy-matches 'supply and delivery' (similarity 0.97)""]}]",False,,0,ZAR,2026-07-17T16:00:00Z,,,2026-07-10T00:00:00Z
ocds-9t57fa-161983,RFQJW014NS26-27,Johannesburg Water,Gauteng,complete,['Other / uncategorised'],"[{'industry': 'Other / uncategorised', 'score': 0.0, 'reasons': []}]",False,,0,ZAR,2026-07-17T16:00:00Z,,,2026-07-10T00:00:00Z
ocds-9t57fa-161988,RFQJW015NS26-27,Johannesburg Water,Gauteng,complete,['Supply of goods'],"[{'industry': 'Supply of goods', 'score': 1.0, 'reasons': [""text fuzzy-matches 'supply and delivery' (similarity 1.00)""]}]",False,,0,ZAR,2026-07-17T16:00:00Z,,,2026-07-10T00:00:00Z
ocds-9t57fa-162023,RFQJW017NS26-27,Johannesburg Water,Gauteng,complete,"['ICT & telecommunications', 'Supply of goods']","[{'industry': 'ICT & telecommunications', 'score': 1.0, 'reasons': [""text fuzzy-matches 'network' (similarity 1.00)""]}, {'industry': 'Supply of goods', 'score': 1.0, 'reasons': [""text fuzzy-matches 'supply and delivery' (similarity 1.00)""]}]",False,,0,ZAR,2026-07-17T16:00:00Z,,,2026-07-10T00:00:00Z
ocds-9t57fa-162052,RFQ PFMA,Land and Agricultural Development Bank of South Africa,National,complete,['Other / uncategorised'],"[{'industry': 'Other / uncategorised', 'score': 0.0, 'reasons': []}]",False,,0,ZAR,2026-07-17T16:00:00Z,,,2026-07-10T00:00:00Z
ocds-9t57fa-162053,RFQJW70SC26 ,Johannesburg Water,Gauteng,complete,['Professional & consulting services'],"[{'industry': 'Professional & consulting services', 'score': 1.0, 'reasons': [""category field contains 'consulting'""]}]",False,,0,ZAR,2026-07-17T16:00:00Z,,,2026-07-10T00:00:00Z
ocds-9t57fa-162064,20260706_RFQ_CFOPROGRAMME_SY,Perishable Products Export Control Board,Western Cape,complete,['Other / uncategorised'],"[{'industry': 'Other / uncategorised', 'score': 0.0, 'reasons': []}]",False,,0,ZAR,2026-07-17T16:00:00Z,,,2026-07-10T00:00:00Z
ocds-9t57fa-161947,RFQ108/1/26/27,Limpopo - Public Works,Limpopo,complete,['Other / uncategorised'],"[{'industry': 'Other / uncategorised', 'score': 0.0, 'reasons': []}]",False,,0,ZAR,2026-07-20T11:00:00Z,,,2026-07-10T00:00:00Z
ocds-9t57fa-161976,DFFEQ 93 WEIGHING BALANCE ,"National - Environment, Forestry and Fisheries",Western Cape,complete,['Supply of goods'],"[{'industry': 'Supply of goods', 'score': 0.97, 'reasons': [""text fuzzy-matches 'supply and delivery' (similarity 0.97)""]}]",False,,0,ZAR,2026-07-20T11:00:00Z,,,2026-07-10T00:00:00Z
ocds-9t57fa-162004,67 AM (26/27),"National - Environment, Forestry and Fisheries",National,complete,['Other / uncategorised'],"[{'industry': 'Other / uncategorised', 'score': 0.0, 'reasons': []}]",False,,0,ZAR,2026-07-20T11:00:00Z,,,2026-07-10T00:00:00Z
ocds-9t57fa-162060,MKRIQ10/2026/27,Moses Kotane Institute,KwaZulu-Natal,complete,['Professional & consulting services'],"[{'industry': 'Professional & consulting services', 'score': 1.0, 'reasons': [""category field contains 'consulting'""]}]",False,,0,ZAR,2026-07-20T11:00:00Z,,,2026-07-10T00:00:00Z
ocds-9t57fa-162078,MKRIQ24/2026/27,Moses Kotane Institute,KwaZulu-Natal,complete,['Professional & consulting services'],"[{'industry': 'Professional & consulting services', 'score': 1.0, 'reasons': [""category field contains 'consulting'""]}]",False,,0,ZAR,2026-07-20T11:00:00Z,,,2026-07-10T00:00:00Z
ocds-9t57fa-162100,PHC/EVACHAIRS/2026,The Playhouse Company,KwaZulu-Natal,complete,['Other / uncategorised'],"[{'industry': 'Other / uncategorised', 'score': 0.0, 'reasons': []}]",False,,0,ZAR,2026-07-20T11:00:00Z,,,2026-07-10T00:00:00Z
ocds-9t57fa-161969,366901,DENEL (Pty) Ltd,Gauteng,complete,['Mechanical & HVAC'],"[{'industry': 'Mechanical & HVAC', 'score': 0.86, 'reasons': [""text fuzzy-matches 'pump' (similarity 0.86)""]}]",False,,0,ZAR,2026-07-20T12:00:00Z,,,2026-07-10T00:00:00Z
ocds-9t57fa-161996,RFQJW016NS26-27,Johannesburg Water,Gauteng,complete,['ICT & telecommunications'],"[{'industry': 'ICT & telecommunications', 'score': 1.0, 'reasons': [""text fuzzy-matches 'server' (similarity 1.00)""]}]",False,,0,ZAR,2026-07-20T16:00:00Z,,,2026-07-10T00:00:00Z
ocds-9t57fa-162037,RFQJW020NS26-27,Johannesburg Water,Gauteng,complete,['Supply of goods'],"[{'industry': 'Supply of goods', 'score': 0.97, 'reasons': [""text fuzzy-matches 'supply and delivery' (similarity 0.97)""]}]",False,,0,ZAR,2026-07-20T16:00:00Z,,,2026-07-10T00:00:00Z
ocds-9t57fa-162041,RFQJW021NS26-27,Johannesburg Water,Gauteng,complete,['Supply of goods'],"[{'industry': 'Supply of goods', 'score': 0.89, 'reasons': [""text fuzzy-matches 'supply and delivery' (similarity 0.89)""]}]",False,,0,ZAR,2026-07-20T16:00:00Z,,,2026-07-10T00:00:00Z
ocds-9t57fa-162000,DFFEQ 94 PM-200 ball mill Repairs,"National - Environment, Forestry and Fisheries",Western Cape,complete,['Other / uncategorised'],"[{'industry': 'Other / uncategorised', 'score': 0.0, 'reasons': []}]",False,,0,ZAR,2026-07-21T11:00:00Z,,,2026-07-10T00:00:00Z
ocds-9t57fa-162081,REQUEST FOR OFFER/KZN/SCRAPPED FURNITURE/JULY/2026,South African Broadcasting Corporation Limited,KwaZulu-Natal,complete,['Other / uncategorised'],"[{'industry': 'Other / uncategorised', 'score': 0.0, 'reasons': []}]",False,,0,ZAR,2026-07-21T12:00:00Z,,,2026-07-10T00:00:00Z
ocds-9t57fa-162085,REQUESTFOR OFFER/LIMP/WOODEN SHELVES/JULY/2026/LOG,South African Broadcasting Corporation Limited,Limpopo,complete,['Other / uncategorised'],"[{'industry': 'Other / uncategorised', 'score': 0.0, 'reasons': []}]",False,,0,ZAR,2026-07-21T12:00:00Z,,,2026-07-10T00:00:00Z
ocds-9t57fa-162001,RFQ 4483b,South African Weather Service,Gauteng,complete,"['Electrical', 'Mechanical & HVAC']","[{'industry': 'Electrical', 'score': 1.0, 'reasons': [""text fuzzy-matches 'electrical' (similarity 1.00)""]}, {'industry': 'Mechanical & HVAC', 'score': 1.0, 'reasons': [""category field contains 'air conditioning'""]}]",False,,0,ZAR,2026-07-23T11:00:00Z,,,2026-07-10T00:00:00Z
ocds-9t57fa-162007,DFFEQ 96   80 FREEZER REPAIR,"National - Environment, Forestry and Fisheries",Western Cape,complete,['Supply of goods'],"[{'industry': 'Supply of goods', 'score': 0.97, 'reasons': [""text fuzzy-matches 'supply and delivery' (similarity 0.97)""]}]",False,,0,ZAR,2026-07-23T11:00:00Z,,,2026-07-10T00:00:00Z
ocds-9t57fa-161982,T 2026/017,Cape Winelands District Municipality,Western Cape,complete,['Supply of goods'],"[{'industry': 'Supply of goods', 'score': 1.0, 'reasons': [""text fuzzy-matches 'supply and delivery' (similarity 1.00)""]}]",False,,0,ZAR,2026-07-24T11:00:00Z,,,2026-07-10T00:00:00Z
ocds-9t57fa-161986,RFQ 202020,The South African Bureau of Standards (SABS),Eastern Cape,complete,['Other / uncategorised'],"[{'industry': 'Other / uncategorised', 'score': 0.0, 'reasons': []}]",False,,0,ZAR,2026-07-24T11:00:00Z,,,2026-07-10T00:00:00Z
ocds-9t57fa-162002,RFQ: AGR0003/26,Gauteng - Agriculture and Rural Development,Gauteng,complete,['Professional & consulting services'],"[{'industry': 'Professional & consulting services', 'score': 1.0, 'reasons': [""category field contains 'consulting'""]}]",False,,0,ZAR,2026-07-24T11:00:00Z,,,2026-07-10T00:00:00Z
ocds-9t57fa-162077,RFP/2021/001450,Public Service Sector Education and Training Authority,Gauteng,complete,['Professional & consulting services'],"[{'industry': 'Professional & consulting services', 'score': 1.0, 'reasons': [""category field contains 'consulting'""]}]",False,,0,ZAR,2026-07-24T11:00:00Z,,,2026-07-10T00:00:00Z
ocds-9t57fa-162098,RFQ/MCB/2026,The Playhouse Company,KwaZulu-Natal,complete,['Electrical'],"[{'industry': 'Electrical', 'score': 2.0, 'reasons': [""category field contains 'electrical'"", ""text fuzzy-matches 'electrical' (similarity 1.00)""]}]",False,,0,ZAR,2026-07-24T11:00:00Z,,,2026-07-10T00:00:00Z
ocds-9t57fa-161923,KSIA8282/2026/RFP,Airports Company of South Africa,KwaZulu-Natal,complete,['Cleaning & facilities'],"[{'industry': 'Cleaning & facilities', 'score': 1.0, 'reasons': [""text fuzzy-matches 'hygiene services' (similarity 1.00)""]}]",False,,0,ZAR,2026-07-24T12:00:00Z,,,2026-07-10T00:00:00Z
ocds-9t57fa-162663,DSM 01/27,Stellenbosch Municipality,Western Cape,active,"['Professional & consulting services', 'Water & sanitation']","[{'industry': 'Professional & consulting services', 'score': 1.0, 'reasons': [""category field contains 'consulting'""]}, {'industry': 'Water & sanitation', 'score': 1.0, 'reasons': [""text fuzzy-matches 'wastewater' (similarity 1.00)""]}]",False,,0,ZAR,2026-07-10T08:00:00Z,,51308250.0,2026-07-09T00:00:00Z
ocds-9t57fa-163526,SSP-146,Council for Scientific and Industrial Research (CSIR),KwaZulu-Natal,active,['Other / uncategorised'],"[{'industry': 'Other / uncategorised', 'score': 0.0, 'reasons': []}]",False,,0,ZAR,2026-07-10T11:00:00Z,,17481374.0,2026-07-09T00:00:00Z
ocds-9t57fa-163534,RFQ/MR/VIDEO/ COMMS/036/2026-2027,South African Civil Aviation Authority,Gauteng,active,"['ICT & telecommunications', 'Professional & consulting services']","[{'industry': 'ICT & telecommunications', 'score': 1.0, 'reasons': [""category field contains 'ict'""]}, {'industry': 'Professional & consulting services', 'score': 1.0, 'reasons': [""category field contains 'consulting'""]}]",False,,0,ZAR,2026-07-14T11:00:00Z,,150000.0,2026-07-09T00:00:00Z
ocds-9t57fa-161778,PR10116994,Road Accident Fund,Gauteng,active,"['Security services', 'Construction & civil']","[{'industry': 'Security services', 'score': 1.0, 'reasons': [""category field contains 'security services'""]}, {'industry': 'Construction & civil', 'score': 0.89, 'reasons': [""text fuzzy-matches 'roads' (similarity 0.89)""]}]",False,,0,ZAR,2026-07-15T11:00:00Z,,1479740.0,2026-07-09T00:00:00Z
ocds-9t57fa-161778,PR10116994,Road Accident Fund,Gauteng,active,"['Security services', 'Construction & civil']","[{'industry': 'Security services', 'score': 1.0, 'reasons': [""category field contains 'security services'""]}, {'industry': 'Construction & civil', 'score': 0.89, 'reasons': [""text fuzzy-matches 'roads' (similarity 0.89)""]}]",False,,0,ZAR,2026-07-15T11:00:00Z,,1479740.0,2026-07-09T00:00:00Z
ocds-9t57fa-162393,EX 17/2026,South African Revenue Service,Northern Cape,active,['Water & sanitation'],"[{'industry': 'Water & sanitation', 'score': 1.0, 'reasons': [""category field contains 'sewer'""]}]",False,0001-01-01T00:00:00Z,0,ZAR,2026-07-09T11:00:00Z,,114574550.0,2026-07-08T00:00:00Z
ocds-9t57fa-162395,EX 18/2026,South African Revenue Service,Northern Cape,active,['Water & sanitation'],"[{'industry': 'Water & sanitation', 'score': 1.0, 'reasons': [""category field contains 'sewer'""]}]",False,2027-01-31T00:00:00Z,0,ZAR,2026-07-09T11:00:00Z,,70000000.0,2026-07-08T00:00:00Z
ocds-9t57fa-163506,SIN-080,Council for Scientific and Industrial Research (CSIR),Gauteng,active,['Professional & consulting services'],"[{'industry': 'Professional & consulting services', 'score': 1.0, 'reasons': [""category field contains 'consulting'""]}]",False,,0,ZAR,2026-07-09T11:00:00Z,,13747873.0,2026-07-08T00:00:00Z
ocds-9t57fa-163508,SIN-084,Council for Scientific and Industrial Research (CSIR),Western Cape,active,['Other / uncategorised'],"[{'industry': 'Other / uncategorised', 'score': 0.0, 'reasons': []}]",False,,0,ZAR,2026-07-09T11:00:00Z,,69652982.0,2026-07-08T00:00:00Z
ocds-9t57fa-163529,SSP-142,Council for Scientific and Industrial Research (CSIR),Gauteng,active,['ICT & telecommunications'],"[{'industry': 'ICT & telecommunications', 'score': 1.0, 'reasons': [""text fuzzy-matches 'software' (similarity 1.00)""]}]",False,,0,ZAR,2026-07-09T11:00:00Z,,4677993.0,2026-07-08T00:00:00Z
ocds-9t57fa-163531,EMP 65,Council for Scientific and Industrial Research (CSIR),Gauteng,active,['Supply of goods'],"[{'industry': 'Supply of goods', 'score': 1.0, 'reasons': [""text fuzzy-matches 'supply and delivery' (similarity 1.00)""]}]",False,,0,ZAR,2026-07-09T11:00:00Z,,293020.0,2026-07-08T00:00:00Z
ocds-9t57fa-161835,TXCENTRALTAP001,Eskom National Transmission Company of South Africa,Gauteng,active,"['Electrical', 'Construction & civil', 'Mechanical & HVAC']","[{'industry': 'Electrical', 'score': 1.0, 'reasons': [""category field contains 'electrical'""]}, {'industry': 'Construction & civil', 'score': 1.0, 'reasons': [""text fuzzy-matches 'building' (similarity 1.00)""]}, {'industry': 'Mechanical & HVAC', 'score': 0.89, 'reasons': [""text fuzzy-matches 'hvac' (similarity 0.89)""]}]",False,2026-04-22T00:00:00Z,0,ZAR,2026-07-09T14:00:00Z,,243611620.0,2026-07-08T00:00:00Z
ocds-9t57fa-162962,SCD3662(A)/2025,Overstrand Municipality,Western Cape,active,['Other / uncategorised'],"[{'industry': 'Other / uncategorised', 'score': 0.0, 'reasons': []}]",False,,0,ZAR,2026-07-15T11:00:00Z,,6500000.0,2026-07-08T00:00:00Z
ocds-9t57fa-163845,POU00004XZ,Justice & Constitutional Development,Northern Cape,active,['Transport & logistics'],"[{'industry': 'Transport & logistics', 'score': 1.0, 'reasons': [""category field contains 'transport'""]}]",False,,0,ZAR,2026-07-15T11:00:00Z,,58379386.0,2026-07-08T00:00:00Z
ocds-9t57fa-161673,PR10116982 ,Road Accident Fund,Gauteng,active,"['Security services', 'Cleaning & facilities', 'Construction & civil']","[{'industry': 'Security services', 'score': 1.0, 'reasons': [""category field contains 'security services'""]}, {'industry': 'Cleaning & facilities', 'score': 1.0, 'reasons': [""text fuzzy-matches 'cleaning services' (similarity 1.00)""]}, {'industry': 'Construction & civil', 'score': 0.89, 'reasons': [""text fuzzy-matches 'roads' (similarity 0.89)""]}]",False,,0,ZAR,2026-07-16T11:00:00Z,,74757552.0,2026-07-08T00:00:00Z
ocds-9t57fa-169201,Dev 06 / 2026,Gauteng - Co-operative Governance & Traditional Affairs (COGTA),National,active,['Professional & consulting services'],"[{'industry': 'Professional & consulting services', 'score': 1.0, 'reasons': [""category field contains 'consulting'""]}]",False,,0,ZAR,2026-07-21T11:00:00Z,,49910.0,2026-07-08T00:00:00Z
ocds-9t57fa-163522,SSP-141,Council for Scientific and Industrial Research (CSIR),Gauteng,complete,['Professional & consulting services'],"[{'industry': 'Professional & consulting services', 'score': 1.0, 'reasons': [""category field contains 'consulting'""]}]",False,,0,ZAR,2026-07-09T11:00:00Z,,,2026-07-08T00:00:00Z
ocds-9t57fa-161569,RFQ0003262,Mining Qualifications Authority,Gauteng,complete,['Professional & consulting services'],"[{'industry': 'Professional & consulting services', 'score': 1.0, 'reasons': [""category field contains 'consulting'""]}]",False,,0,ZAR,2026-07-10T11:00:00Z,,,2026-07-08T00:00:00Z
ocds-9t57fa-161713,TPT/2026/07/0754/8361/RFQ,Transnet SOC Ltd,KwaZulu-Natal,complete,['Supply of goods'],"[{'industry': 'Supply of goods', 'score': 1.0, 'reasons': [""text fuzzy-matches 'supply and delivery' (similarity 1.00)""]}]",False,,0,ZAR,2026-07-10T13:00:00Z,,,2026-07-08T00:00:00Z
ocds-9t57fa-161713,TPT/2026/07/0754/8361/RFQ,Transnet SOC Ltd,KwaZulu-Natal,complete,['Supply of goods'],"[{'industry': 'Supply of goods', 'score': 1.0, 'reasons': [""text fuzzy-matches 'supply and delivery' (similarity 1.00)""]}]",False,,0,ZAR,2026-07-10T13:00:00Z,,,2026-07-08T00:00:00Z
ocds-9t57fa-163530,SSP-140,Council for Scientific and Industrial Research (CSIR),Gauteng,active,['Professional & consulting services'],"[{'industry': 'Professional & consulting services', 'score': 1.0, 'reasons': [""category field contains 'consulting'""]}]",False,,0,ZAR,2026-07-08T11:00:00Z,,43061175.0,2026-07-07T00:00:00Z
ocds-9t57fa-161510,00100221094OR,Medical Research Council of South Africa,Western Cape,active,['Professional & consulting services'],"[{'industry': 'Professional & consulting services', 'score': 1.0, 'reasons': [""category field contains 'consulting'""]}]",False,,0,ZAR,2026-07-10T10:00:00Z,,368000.0,2026-07-07T00:00:00Z
ocds-9t57fa-161512,RFQ BB 43/2026,South Cape TVET College,Western Cape,active,"['Professional & consulting services', 'Construction & civil']","[{'industry': 'Professional & consulting services', 'score': 1.0, 'reasons': [""category field contains 'consulting'""]}, {'industry': 'Construction & civil', 'score': 0.94, 'reasons': [""text fuzzy-matches 'building' (similarity 0.94)""]}]",False,,0,ZAR,2026-07-10T11:00:00Z,,1640000.0,2026-07-07T00:00:00Z
ocds-9t57fa-162455,WD572,Water and Sanitation,National,active,"['Construction & civil', 'Transport & logistics']","[{'industry': 'Construction & civil', 'score': 1.0, 'reasons': [""text fuzzy-matches 'building' (similarity 1.00)""]}, {'industry': 'Transport & logistics', 'score': 1.0, 'reasons': [""text fuzzy-matches 'logistics' (similarity 1.00)""]}]",False,,0,ZAR,2026-07-10T11:00:00Z,,43523730.0,2026-07-07T00:00:00Z
ocds-9t57fa-163896,RFQ/MICT/36/2026 - DEVIATION,"Media, Information and Communication Technologies Sector Education and training Authority (MICT SETA)",Gauteng,active,['Other / uncategorised'],"[{'industry': 'Other / uncategorised', 'score': 0.0, 'reasons': []}]",False,,0,ZAR,2026-07-13T11:00:00Z,,1999800.0,2026-07-07T00:00:00Z
ocds-9t57fa-163091,Deviation 003-2026-27,Government Technical Advisory Centre (GTAC),Gauteng,active,"['Professional & consulting services', 'Construction & civil']","[{'industry': 'Professional & consulting services', 'score': 1.0, 'reasons': [""category field contains 'consulting'""]}, {'industry': 'Construction & civil', 'score': 0.89, 'reasons': [""text fuzzy-matches 'roads' (similarity 0.89)""]}]",False,2026-12-31T00:00:00Z,0,ZAR,2026-07-15T16:00:00Z,,128711030.0,2026-07-07T00:00:00Z
ocds-9t57fa-161505,26 / 27 / 11 / 06 / S,Kwazulu Natal - Public Works (Head Office),KwaZulu-Natal,active,['Other / uncategorised'],"[{'industry': 'Other / uncategorised', 'score': 0.0, 'reasons': []}]",False,,0,ZAR,2026-07-21T11:00:00Z,,1260020.0,2026-07-07T00:00:00Z
ocds-9t57fa-161542,E2758GXMPKEN - Cancellation ,ESKOM,Mpumalanga,complete,['Transport & logistics'],"[{'industry': 'Transport & logistics', 'score': 1.0, 'reasons': [""category field contains 'transport'""]}]",False,,0,ZAR,2026-07-08T11:00:00Z,,,2026-07-07T00:00:00Z
ocds-9t57fa-161456,H004L2706RFQ00065,Border Management Authority,Gauteng,complete,['Other / uncategorised'],"[{'industry': 'Other / uncategorised', 'score': 0.0, 'reasons': []}]",False,,0,ZAR,2026-07-09T11:00:00Z,,,2026-07-07T00:00:00Z
ocds-9t57fa-161499,H004L2707RFQ00086,Border Management Authority,Gauteng,complete,['Supply of goods'],"[{'industry': 'Supply of goods', 'score': 1.0, 'reasons': [""text fuzzy-matches 'supply and delivery' (similarity 1.00)""]}]",False,,0,ZAR,2026-07-09T11:00:00Z,,,2026-07-07T00:00:00Z
ocds-9t57fa-161587,RFQ2026-007-006 ,National Lotteries Commission,Limpopo,complete,['Other / uncategorised'],"[{'industry': 'Other / uncategorised', 'score': 0.0, 'reasons': []}]",False,,0,ZAR,2026-07-10T11:00:00Z,,,2026-07-07T00:00:00Z
ocds-9t57fa-161609,RFQ/SAEON/EGAGASINI/PUBLICATION/76/2026 B2,National Research Foundation,Western Cape,complete,['Other / uncategorised'],"[{'industry': 'Other / uncategorised', 'score': 0.0, 'reasons': []}]",False,,0,ZAR,2026-07-10T11:00:00Z,,,2026-07-07T00:00:00Z
ocds-9t57fa-161513,RFQ/MICT/36/2026,"Media, Information and Communication Technologies Sector Education and training Authority (MICT SETA)",Gauteng,complete,['Other / uncategorised'],"[{'industry': 'Other / uncategorised', 'score': 0.0, 'reasons': []}]",False,,0,ZAR,2026-07-13T11:00:00Z,,,2026-07-07T00:00:00Z
ocds-9t57fa-165229,REQ0000001860,Public Protector South Africa,Northern Cape,complete,['Supply of goods'],"[{'industry': 'Supply of goods', 'score': 1.97, 'reasons': [""category field contains 'stationery'"", ""text fuzzy-matches 'supply and delivery' (similarity 0.97)""]}]",False,,0,ZAR,2026-07-13T11:00:00Z,,,2026-07-07T00:00:00Z
ocds-9t57fa-161493,JDAHR/PM-TRAINING/07/2026,Johannesburg Development Agency,Gauteng,complete,['Other / uncategorised'],"[{'industry': 'Other / uncategorised', 'score': 0.0, 'reasons': []}]",False,,0,ZAR,2026-07-13T12:00:00Z,,,2026-07-07T00:00:00Z
ocds-9t57fa-161494,RE-ISSUE 12257,Broadband Infraco SOC,National,complete,"['ICT & telecommunications', 'Supply of goods']","[{'industry': 'ICT & telecommunications', 'score': 1.0, 'reasons': [""category field contains 'telecommunications'""]}, {'industry': 'Supply of goods', 'score': 0.97, 'reasons': [""text fuzzy-matches 'supply and delivery' (similarity 0.97)""]}]",False,,0,ZAR,2026-07-13T12:00:00Z,,,2026-07-07T00:00:00Z
ocds-9t57fa-161557,RFQ2026/27/17,Ports Regulator of South Africa,KwaZulu-Natal,complete,"['Professional & consulting services', 'Transport & logistics']","[{'industry': 'Professional & consulting services', 'score': 1.0, 'reasons': [""category field contains 'consulting'""]}, {'industry': 'Transport & logistics', 'score': 1.0, 'reasons': [""text fuzzy-matches 'transport' (similarity 1.00)""]}]",False,,0,ZAR,2026-07-13T12:00:00Z,,,2026-07-07T00:00:00Z
ocds-9t57fa-161448,RFQ-112582,Statistics South Africa,Gauteng,complete,['Other / uncategorised'],"[{'industry': 'Other / uncategorised', 'score': 0.0, 'reasons': []}]",False,,0,ZAR,2026-07-13T16:00:00Z,,,2026-07-07T00:00:00Z
ocds-9t57fa-161449,RFQ-112583,Statistics South Africa,Gauteng,complete,['Other / uncategorised'],"[{'industry': 'Other / uncategorised', 'score': 0.0, 'reasons': []}]",False,,0,ZAR,2026-07-13T16:00:00Z,,,2026-07-07T00:00:00Z
ocds-9t57fa-161450,RFQ-112585,Statistics South Africa,Gauteng,complete,['Other / uncategorised'],"[{'industry': 'Other / uncategorised', 'score': 0.0, 'reasons': []}]",False,,0,ZAR,2026-07-13T16:00:00Z,,,2026-07-07T00:00:00Z
ocds-9t57fa-161451,RFQ-112586,Statistics South Africa,Gauteng,complete,['Other / uncategorised'],"[{'industry': 'Other / uncategorised', 'score': 0.0, 'reasons': []}]",False,,0,ZAR,2026-07-13T16:00:00Z,,,2026-07-07T00:00:00Z
ocds-9t57fa-161454,RFQ-112584,Statistics South Africa,Gauteng,complete,['Other / uncategorised'],"[{'industry': 'Other / uncategorised', 'score': 0.0, 'reasons': []}]",False,,0,ZAR,2026-07-13T16:00:00Z,,,2026-07-07T00:00:00Z
ocds-9t57fa-161454,RFQ-112584,Statistics South Africa,Gauteng,complete,['Other / uncategorised'],"[{'industry': 'Other / uncategorised', 'score': 0.0, 'reasons': []}]",False,,0,ZAR,2026-07-13T16:00:00Z,,,2026-07-07T00:00:00Z
ocds-9t57fa-161637,RFQ/CMS/CORP/06/07/2026 ,Council for Medical Schemes,Gauteng,complete,"['Professional & consulting services', 'ICT & telecommunications']","[{'industry': 'Professional & consulting services', 'score': 1.0, 'reasons': [""category field contains 'consulting'""]}, {'industry': 'ICT & telecommunications', 'score': 0.89, 'reasons': [""text fuzzy-matches 'fibre' (similarity 0.89)""]}]",False,,0,ZAR,2026-07-14T00:00:00Z,,,2026-07-07T00:00:00Z
ocds-9t57fa-161444,RFQ 202011,The South African Bureau of Standards (SABS),Gauteng,complete,['Professional & consulting services'],"[{'industry': 'Professional & consulting services', 'score': 1.0, 'reasons': [""category field contains 'consulting'""]}]",False,,0,ZAR,2026-07-14T11:00:00Z,,,2026-07-07T00:00:00Z
ocds-9t57fa-161461,MKRIQ09/2026/27/R,Moses Kotane Institute,KwaZulu-Natal,complete,['Other / uncategorised'],"[{'industry': 'Other / uncategorised', 'score': 0.0, 'reasons': []}]",False,,0,ZAR,2026-07-14T11:00:00Z,,,2026-07-07T00:00:00Z
ocds-9t57fa-161480,MPKRI11440GX Regret Letter,ESKOM,Mpumalanga,complete,['Supply of goods'],"[{'industry': 'Supply of goods', 'score': 1.0, 'reasons': [""text fuzzy-matches 'supply and delivery' (similarity 1.00)""]}]",False,,0,ZAR,2026-07-14T11:00:00Z,,,2026-07-07T00:00:00Z
ocds-9t57fa-161491,MPKRI11435GX Regret Letter,ESKOM,Mpumalanga,complete,['Supply of goods'],"[{'industry': 'Supply of goods', 'score': 1.0, 'reasons': [""text fuzzy-matches 'supply and delivery' (similarity 1.00)""]}]",False,,0,ZAR,2026-07-14T11:00:00Z,,,2026-07-07T00:00:00Z
ocds-9t57fa-161502,SAST/RFQ/2026- 2027/341,The South African State Theatre,Gauteng,complete,['Other / uncategorised'],"[{'industry': 'Other / uncategorised', 'score': 0.0, 'reasons': []}]",False,,0,ZAR,2026-07-14T11:00:00Z,,,2026-07-07T00:00:00Z
ocds-9t57fa-161536,RFQ 26-27-48/MM,South African Post Office Limited,National,complete,['Other / uncategorised'],"[{'industry': 'Other / uncategorised', 'score': 0.0, 'reasons': []}]",False,,0,ZAR,2026-07-14T11:00:00Z,,,2026-07-07T00:00:00Z
ocds-9t57fa-161549,INF012604RFQ12,Agricultural Research Council,Eastern Cape,complete,['Supply of goods'],"[{'industry': 'Supply of goods', 'score': 0.86, 'reasons': [""text fuzzy-matches 'supply and delivery' (similarity 0.86)""]}]",False,,0,ZAR,2026-07-14T11:00:00Z,,,2026-07-07T00:00:00Z
ocds-9t57fa-161553,INF012604RFQ13,Agricultural Research Council,Eastern Cape,complete,['Supply of goods'],"[{'industry': 'Supply of goods', 'score': 0.89, 'reasons': [""text fuzzy-matches 'supply and delivery' (similarity 0.89)""]}]",False,,0,ZAR,2026-07-14T11:00:00Z,,,2026-07-07T00:00:00Z
ocds-9t57fa-161576,IM1242026,Tourism,Gauteng,complete,['Other / uncategorised'],"[{'industry': 'Other / uncategorised', 'score': 0.0, 'reasons': []}]",False,,0,ZAR,2026-07-14T11:00:00Z,,,2026-07-07T00:00:00Z
ocds-9t57fa-161592,RFQ  Number 4519/26,South African Weather Service,Western Cape,complete,['Supply of goods'],"[{'industry': 'Supply of goods', 'score': 1.0, 'reasons': [""text fuzzy-matches 'supply and delivery' (similarity 1.00)""]}]",False,,0,ZAR,2026-07-14T11:00:00Z,,,2026-07-07T00:00:00Z
ocds-9t57fa-161593,RFQ0001239,Marine Living Resources Fund,Western Cape,complete,['Other / uncategorised'],"[{'industry': 'Other / uncategorised', 'score': 0.0, 'reasons': []}]",False,,0,ZAR,2026-07-14T11:00:00Z,,,2026-07-07T00:00:00Z
ocds-9t57fa-161619,RFQ 10/2026,Postbank SOC,Gauteng,complete,['ICT & telecommunications'],"[{'industry': 'ICT & telecommunications', 'score': 1.0, 'reasons': [""text fuzzy-matches 'software' (similarity 1.00)""]}]",False,,0,ZAR,2026-07-14T11:00:00Z,,,2026-07-07T00:00:00Z
ocds-9t57fa-161639,00100221503,Medical Research Council of South Africa,Western Cape,complete,"['Professional & consulting services', 'Health & medical']","[{'industry': 'Professional & consulting services', 'score': 1.0, 'reasons': [""category field contains 'consulting'""]}, {'industry': 'Health & medical', 'score': 1.0, 'reasons': [""text fuzzy-matches 'medical' (similarity 1.00)""]}]",False,,0,ZAR,2026-07-14T11:00:00Z,,,2026-07-07T00:00:00Z
ocds-9t57fa-162409,RFQ0001217,Marine Living Resources Fund,Western Cape,complete,['Other / uncategorised'],"[{'industry': 'Other / uncategorised', 'score': 0.0, 'reasons': []}]",False,,0,ZAR,2026-07-14T11:00:00Z,,,2026-07-07T00:00:00Z
ocds-9t57fa-161556,RFQ-112513,Statistics South Africa,Gauteng,complete,['Supply of goods'],"[{'industry': 'Supply of goods', 'score': 1.0, 'reasons': [""category field contains 'stationery'""]}]",False,,0,ZAR,2026-07-14T16:00:00Z,,,2026-07-07T00:00:00Z
ocds-9t57fa-161560,RFQ-112-340,Statistics South Africa,Gauteng,complete,['Supply of goods'],"[{'industry': 'Supply of goods', 'score': 1.0, 'reasons': [""category field contains 'stationery'""]}]",False,,0,ZAR,2026-07-14T16:00:00Z,,,2026-07-07T00:00:00Z
ocds-9t57fa-161445,RNS 13,Water and Sanitation,Eastern Cape,complete,['Supply of goods'],"[{'industry': 'Supply of goods', 'score': 1.0, 'reasons': [""text fuzzy-matches 'supply and delivery' (similarity 1.00)""]}]",False,,0,ZAR,2026-07-15T11:00:00Z,,,2026-07-07T00:00:00Z
ocds-9t57fa-161447,BHM 03,Water and Sanitation,Eastern Cape,complete,"['Electrical', 'Supply of goods']","[{'industry': 'Electrical', 'score': 1.0, 'reasons': [""category field contains 'electrical'""]}, {'industry': 'Supply of goods', 'score': 1.0, 'reasons': [""text fuzzy-matches 'supply and delivery' (similarity 1.00)""]}]",False,,0,ZAR,2026-07-15T11:00:00Z,,,2026-07-07T00:00:00Z
ocds-9t57fa-161470,DFFEQ 79 RETURN OF RELIEF CARGO,"National - Environment, Forestry and Fisheries",Western Cape,complete,['Other / uncategorised'],"[{'industry': 'Other / uncategorised', 'score': 0.0, 'reasons': []}]",False,,0,ZAR,2026-07-15T11:00:00Z,,,2026-07-07T00:00:00Z
ocds-9t57fa-161506,RFQ NHC/2026/27/008b,National Heritage Council of South Africa,National,complete,['Professional & consulting services'],"[{'industry': 'Professional & consulting services', 'score': 1.98, 'reasons': [""category field contains 'consulting'"", ""text fuzzy-matches 'professional services' (similarity 0.98)""]}]",False,,0,ZAR,2026-07-15T11:00:00Z,,,2026-07-07T00:00:00Z
ocds-9t57fa-161516,ZNQ 02 – 2026/2027 UGU,Kwazulu Natal - Public Works (Head Office),KwaZulu-Natal,complete,['Water & sanitation'],"[{'industry': 'Water & sanitation', 'score': 0.94, 'reasons': [""text fuzzy-matches 'borehole' (similarity 0.94)""]}]",False,,0,ZAR,2026-07-15T11:00:00Z,,,2026-07-07T00:00:00Z
ocds-9t57fa-161518,ZNQ 03 – 2026/2027 UGU,Kwazulu Natal - Public Works (Head Office),KwaZulu-Natal,complete,"['Mining & resources', 'Water & sanitation']","[{'industry': 'Mining & resources', 'score': 1.0, 'reasons': [""text fuzzy-matches 'drilling' (similarity 1.00)""]}, {'industry': 'Water & sanitation', 'score': 0.94, 'reasons': [""text fuzzy-matches 'borehole' (similarity 0.94)""]}]",False,,0,ZAR,2026-07-15T11:00:00Z,,,2026-07-07T00:00:00Z
ocds-9t57fa-161520,ZNQ 05 – 2026/2027 UGU,Kwazulu Natal - Public Works (Head Office),KwaZulu-Natal,complete,['Mechanical & HVAC'],"[{'industry': 'Mechanical & HVAC', 'score': 0.89, 'reasons': [""text fuzzy-matches 'pump' (similarity 0.89)""]}]",False,,0,ZAR,2026-07-15T11:00:00Z,,,2026-07-07T00:00:00Z
ocds-9t57fa-161570,NSG/SCM0150420,National School of Government,Gauteng,complete,['Other / uncategorised'],"[{'industry': 'Other / uncategorised', 'score': 0.0, 'reasons': []}]",False,,0,ZAR,2026-07-15T11:00:00Z,,,2026-07-07T00:00:00Z
ocds-9t57fa-161585,'RFQ 033-26,National Regulator for Compulsory Specifications,Gauteng,complete,['Other / uncategorised'],"[{'industry': 'Other / uncategorised', 'score': 0.0, 'reasons': []}]",False,,0,ZAR,2026-07-15T11:00:00Z,,,2026-07-07T00:00:00Z
ocds-9t57fa-161515,RFQ NUMBER: DMP/07/26/GAU-HCM,Passenger Rail Agency of South Africa,Gauteng,complete,['Other / uncategorised'],"[{'industry': 'Other / uncategorised', 'score': 0.0, 'reasons': []}]",False,,0,ZAR,2026-07-16T10:00:00Z,,,2026-07-07T00:00:00Z
ocds-9t57fa-161517,RFQ NUMBER: DMP/06/26/GAU-HCM,Passenger Rail Agency of South Africa,Gauteng,complete,['Other / uncategorised'],"[{'industry': 'Other / uncategorised', 'score': 0.0, 'reasons': []}]",False,,0,ZAR,2026-07-16T10:00:00Z,,,2026-07-07T00:00:00Z
ocds-9t57fa-161452,WTE-0534 CS,Water and Sanitation,Western Cape,complete,"['Construction & civil', 'Supply of goods']","[{'industry': 'Construction & civil', 'score': 1.0, 'reasons': [""text fuzzy-matches 'construction' (similarity 1.00)""]}, {'industry': 'Supply of goods', 'score': 1.0, 'reasons': [""text fuzzy-matches 'supply and delivery' (similarity 1.00)""]}]",False,,0,ZAR,2026-07-16T11:00:00Z,,,2026-07-07T00:00:00Z
ocds-9t57fa-161471,DFFEQ 80 CLEANING MATERIAL,"National - Environment, Forestry and Fisheries",Western Cape,complete,['Supply of goods'],"[{'industry': 'Supply of goods', 'score': 0.97, 'reasons': [""text fuzzy-matches 'supply and delivery' (similarity 0.97)""]}]",False,,0,ZAR,2026-07-16T11:00:00Z,,,2026-07-07T00:00:00Z
ocds-9t57fa-161578,RFQ Submeters ,iSimangaliso Wetland Park,KwaZulu-Natal,complete,['Electrical'],"[{'industry': 'Electrical', 'score': 1.0, 'reasons': [""category field contains 'electrical'""]}]",False,,0,ZAR,2026-07-16T12:00:00Z,,,2026-07-07T00:00:00Z
ocds-9t57fa-161597,THE IDT EXECUTIVE’s LAPTOPS – 07 JULY 2026,Independent Development Trust,National,complete,['Other / uncategorised'],"[{'industry': 'Other / uncategorised', 'score': 0.0, 'reasons': []}]",False,,0,ZAR,2026-07-16T12:00:00Z,,,2026-07-07T00:00:00Z
ocds-9t57fa-161464,GENERAL NOTICE: INTENTION TO CONCLUDE A WAYLEAVE A,Transnet National Ports Authority,Western Cape,complete,['Other / uncategorised'],"[{'industry': 'Other / uncategorised', 'score': 0.0, 'reasons': []}]",False,,0,ZAR,2026-07-16T17:00:00Z,,,2026-07-07T00:00:00Z
ocds-9t57fa-161635,RFQ: AGR0008/26,Gauteng - Agriculture and Rural Development,Gauteng,complete,['Professional & consulting services'],"[{'industry': 'Professional & consulting services', 'score': 0.98, 'reasons': [""text fuzzy-matches 'professional services' (similarity 0.98)""]}]",False,,0,ZAR,2026-07-17T11:00:00Z,,,2026-07-07T00:00:00Z
ocds-9t57fa-161636,RQN00000218622,Commission for Conciliation Mediation & Arbitration,Gauteng,complete,['Other / uncategorised'],"[{'industry': 'Other / uncategorised', 'score': 0.0, 'reasons': []}]",False,,0,ZAR,2026-07-17T16:00:00Z,,,2026-07-07T00:00:00Z
ocds-9t57fa-161423,SCMA 05/06/03R,The Presidency,Gauteng,complete,['Other / uncategorised'],"[{'industry': 'Other / uncategorised', 'score': 0.0, 'reasons': []}]",False,,0,ZAR,2026-07-17T18:00:00Z,,,2026-07-07T00:00:00Z
ocds-9t57fa-161462,RFQ QCTO 10/2026,Quality Council for Trades and Occupations,Gauteng,complete,"['ICT & telecommunications', 'Professional & consulting services']","[{'industry': 'ICT & telecommunications', 'score': 1.0, 'reasons': [""text fuzzy-matches 'network' (similarity 1.00)""]}, {'industry': 'Professional & consulting services', 'score': 1.0, 'reasons': [""category field contains 'consulting'""]}]",False,,0,ZAR,2026-07-20T11:00:00Z,,,2026-07-07T00:00:00Z
ocds-9t57fa-161472,CTT26854,PetroSA,Western Cape,complete,"['Professional & consulting services', 'ICT & telecommunications']","[{'industry': 'Professional & consulting services', 'score': 1.0, 'reasons': [""category field contains 'consulting'""]}, {'industry': 'ICT & telecommunications', 'score': 0.89, 'reasons': [""text fuzzy-matches 'fibre' (similarity 0.89)""]}]",False,,0,ZAR,2026-07-20T11:00:00Z,,,2026-07-07T00:00:00Z
ocds-9t57fa-161441,KZNGFA RFQ 2026-08,KZN Growth Fund Trust,KwaZulu-Natal,complete,['Supply of goods'],"[{'industry': 'Supply of goods', 'score': 1.0, 'reasons': [""text fuzzy-matches 'supply and delivery' (similarity 1.00)""]}]",False,,0,ZAR,2026-07-20T12:00:00Z,,,2026-07-07T00:00:00Z
ocds-9t57fa-161634,KZNGFA- RFQ 2026 - 07,KZN Growth Fund Trust,KwaZulu-Natal,complete,['Other / uncategorised'],"[{'industry': 'Other / uncategorised', 'score': 0.0, 'reasons': []}]",False,,0,ZAR,2026-07-20T12:00:00Z,,,2026-07-07T00:00:00Z
ocds-9t57fa-161574,Q02-2026-27,City of Tshwane,Gauteng,complete,['Other / uncategorised'],"[{'industry': 'Other / uncategorised', 'score': 0.0, 'reasons': []}]",False,,0,ZAR,2026-07-21T10:00:00Z,,,2026-07-07T00:00:00Z
ocds-9t57fa-161615,RFB 3248-2026 [ERP NO 438010],State Information Technology Agency,Gauteng,complete,['ICT & telecommunications'],"[{'industry': 'ICT & telecommunications', 'score': 1.0, 'reasons': [""text fuzzy-matches 'software' (similarity 1.00)""]}]",False,,0,ZAR,2026-07-21T11:00:00Z,,,2026-07-07T00:00:00Z
ocds-9t57fa-161568,152/2026,Kouga Municipality,Eastern Cape,complete,['Professional & consulting services'],"[{'industry': 'Professional & consulting services', 'score': 1.0, 'reasons': [""category field contains 'consulting'""]}]",False,,0,ZAR,2026-07-21T12:00:00Z,,,2026-07-07T00:00:00Z
ocds-9t57fa-161459,RFI/ICT/BI-AIData/2026/05,Perishable Products Export Control Board,Western Cape,complete,"['Professional & consulting services', 'Electrical', 'Agriculture']","[{'industry': 'Professional & consulting services', 'score': 1.0, 'reasons': [""category field contains 'consulting'""]}, {'industry': 'Electrical', 'score': 0.9, 'reasons': [""text fuzzy-matches 'transformer' (similarity 0.90)""]}, {'industry': 'Agriculture', 'score': 0.87, 'reasons': [""text fuzzy-matches 'agriculture' (similarity 0.87)""]}]",False,,0,ZAR,2026-07-21T16:00:00Z,,,2026-07-07T00:00:00Z
ocds-9t57fa-161511,ATNS/RFQ/12/2025/_HOIST Maintenance Re-Advert,Air Traffic and Navigation Services Company Limited,Western Cape,complete,['Other / uncategorised'],"[{'industry': 'Other / uncategorised', 'score': 0.0, 'reasons': []}]",False,,0,ZAR,2026-07-22T11:00:00Z,,,2026-07-07T00:00:00Z
ocds-9t57fa-161530,HSRC/07/33978,Human Sciences Research Council,KwaZulu-Natal,complete,['Security services'],"[{'industry': 'Security services', 'score': 1.0, 'reasons': [""text fuzzy-matches 'surveillance' (similarity 1.00)""]}]",False,,0,ZAR,2026-07-22T16:00:00Z,,,2026-07-07T00:00:00Z
ocds-9t57fa-161631,E1457GXMPDUVR,ESKOM,Mpumalanga,complete,['Other / uncategorised'],"[{'industry': 'Other / uncategorised', 'score': 0.0, 'reasons': []}]",False,,0,ZAR,2026-07-23T10:00:00Z,,,2026-07-07T00:00:00Z
ocds-9t57fa-163511,SIN-109,Council for Scientific and Industrial Research (CSIR),Gauteng,active,['Electrical'],"[{'industry': 'Electrical', 'score': 0.95, 'reasons': [""text fuzzy-matches 'generator' (similarity 0.95)""]}]",False,,0,ZAR,2026-07-06T11:00:00Z,,3574015.0,2026-07-05T00:00:00Z
ocds-9t57fa-163519,SSP-135,Council for Scientific and Industrial Research (CSIR),Gauteng,active,['Other / uncategorised'],"[{'industry': 'Other / uncategorised', 'score': 0.0, 'reasons': []}]",False,,0,ZAR,2026-07-06T11:00:00Z,,756746.0,2026-07-05T00:00:00Z
ocds-9t57fa-163525,SSP-147,Council for Scientific and Industrial Research (CSIR),Gauteng,active,['Other / uncategorised'],"[{'industry': 'Other / uncategorised', 'score': 0.0, 'reasons': []}]",False,,0,ZAR,2026-07-06T11:00:00Z,,14726211.0,2026-07-05T00:00:00Z
ocds-9t57fa-161283,ISC01REQ003521,Agricultural Research Council,Gauteng,complete,['Supply of goods'],"[{'industry': 'Supply of goods', 'score': 1.0, 'reasons': [""text fuzzy-matches 'supply and delivery' (similarity 1.00)""]}]",False,,0,ZAR,2026-07-10T12:00:00Z,,,2026-07-05T00:00:00Z
ocds-9t57fa-161280,EFQ035/2026,Artscape,Western Cape,complete,"['Professional & consulting services', 'Health & medical']","[{'industry': 'Professional & consulting services', 'score': 1.0, 'reasons': [""category field contains 'consulting'""]}, {'industry': 'Health & medical', 'score': 1.0, 'reasons': [""text fuzzy-matches 'medical' (similarity 1.00)""]}]",False,,0,ZAR,2026-07-06T13:00:00Z,,,2026-07-04T00:00:00Z
ocds-9t57fa-161279,RFQ070 AM (26/27),"National - Environment, Forestry and Fisheries",Gauteng,complete,['Supply of goods'],"[{'industry': 'Supply of goods', 'score': 1.0, 'reasons': [""text fuzzy-matches 'supply and delivery' (similarity 1.00)""]}]",False,,0,ZAR,2026-07-07T11:00:00Z,,,2026-07-04T00:00:00Z
ocds-9t57fa-161281,RFQ036/2026,Artscape,Western Cape,complete,['Security services'],"[{'industry': 'Security services', 'score': 2.0, 'reasons': [""category field contains 'security services'"", ""text fuzzy-matches 'security services' (similarity 1.00)""]}]",False,,0,ZAR,2026-07-07T11:00:00Z,,,2026-07-04T00:00:00Z
ocds-9t57fa-161812,EX 13/2026,South African Revenue Service,National,active,['Other / uncategorised'],"[{'industry': 'Other / uncategorised', 'score': 0.0, 'reasons': []}]",False,2027-07-08T00:00:00Z,0,ZAR,2026-07-06T11:00:00Z,,140519027.0,2026-07-03T00:00:00Z
ocds-9t57fa-162452,WD569,Water and Sanitation,National,active,['ICT & telecommunications'],"[{'industry': 'ICT & telecommunications', 'score': 1.0, 'reasons': [""text fuzzy-matches 'software' (similarity 1.00)""]}]",False,,0,ZAR,2026-07-06T11:00:00Z,,4220530.0,2026-07-03T00:00:00Z
ocds-9t57fa-162821,DEV2026-28,South African National Biodiversity Institute,Gauteng,active,['Professional & consulting services'],"[{'industry': 'Professional & consulting services', 'score': 0.98, 'reasons': [""text fuzzy-matches 'professional services' (similarity 0.98)""]}]",False,,0,ZAR,2026-07-06T11:00:00Z,,7236950.0,2026-07-03T00:00:00Z
ocds-9t57fa-163693,DEV2026-29,South African National Biodiversity Institute,Western Cape,active,['Other / uncategorised'],"[{'industry': 'Other / uncategorised', 'score': 0.0, 'reasons': []}]",False,,0,ZAR,2026-07-06T11:00:00Z,,17402950.0,2026-07-03T00:00:00Z
ocds-9t57fa-163695,DEV2026-28A,South African National Biodiversity Institute,Limpopo,active,['Professional & consulting services'],"[{'industry': 'Professional & consulting services', 'score': 1.98, 'reasons': [""category field contains 'consulting'"", ""text fuzzy-matches 'professional services' (similarity 0.98)""]}]",False,,0,ZAR,2026-07-06T11:00:00Z,,377200.0,2026-07-03T00:00:00Z
ocds-9t57fa-165191,CSIR EV - 2026 - 010,Council for Scientific and Industrial Research (CSIR),Gauteng,active,['Professional & consulting services'],"[{'industry': 'Professional & consulting services', 'score': 1.0, 'reasons': [""category field contains 'consulting'""]}]",False,,0,ZAR,2026-07-06T11:00:00Z,,85918.0,2026-07-03T00:00:00Z
ocds-9t57fa-162245,ANGM00018,Amatola Water Board,Eastern Cape,active,['Other / uncategorised'],"[{'industry': 'Other / uncategorised', 'score': 0.0, 'reasons': []}]",False,,0,ZAR,2026-07-07T15:30:00Z,,5755717.0,2026-07-03T00:00:00Z
ocds-9t57fa-161214,PR10116945,Road Accident Fund,Gauteng,active,['Construction & civil'],"[{'industry': 'Construction & civil', 'score': 0.89, 'reasons': [""text fuzzy-matches 'roads' (similarity 0.89)""]}]",False,,0,ZAR,2026-07-09T11:00:00Z,,1535250.0,2026-07-03T00:00:00Z
ocds-9t57fa-166073,3600039622,South African Revenue Service,Gauteng,active,['Other / uncategorised'],"[{'industry': 'Other / uncategorised', 'score': 0.0, 'reasons': []}]",False,2027-08-17T00:00:00Z,0,ZAR,2026-07-09T11:00:00Z,,9500000.0,2026-07-03T00:00:00Z
ocds-9t57fa-163879,POU00004XL,Justice & Constitutional Development,Gauteng,active,['Other / uncategorised'],"[{'industry': 'Other / uncategorised', 'score': 0.0, 'reasons': []}]",False,,0,ZAR,2026-07-09T16:00:00Z,,1793100.0,2026-07-03T00:00:00Z
ocds-9t57fa-161088,Q 2026/049,Cape Winelands District Municipality,Western Cape,active,['Professional & consulting services'],"[{'industry': 'Professional & consulting services', 'score': 2.0, 'reasons': [""category field contains 'consulting'"", ""text fuzzy-matches 'advisory' (similarity 1.00)""]}]",False,,0,ZAR,2026-07-15T11:00:00Z,,2000000.0,2026-07-03T00:00:00Z
ocds-9t57fa-161099,Q6/2026/27,Cape Agulhas Municipality,Western Cape,active,['Supply of goods'],"[{'industry': 'Supply of goods', 'score': 0.89, 'reasons': [""text fuzzy-matches 'supply and delivery' (similarity 0.89)""]}]",False,2027-06-30T00:00:00Z,0,ZAR,2026-07-17T12:00:00Z,,24868750.0,2026-07-03T00:00:00Z
ocds-9t57fa-165839,RFQ2535,Mine Health and Safety Council,Gauteng,active,"['ICT & telecommunications', 'Construction & civil']","[{'industry': 'ICT & telecommunications', 'score': 1.0, 'reasons': [""text fuzzy-matches 'ict' (similarity 1.00)""]}, {'industry': 'Construction & civil', 'score': 0.87, 'reasons': [""text fuzzy-matches 'construction' (similarity 0.87)""]}]",False,,0,ZAR,2026-07-22T11:00:00Z,,2857750.0,2026-07-03T00:00:00Z
ocds-9t57fa-161101,SCMU12-26/27-0001,Eastern Cape - Provincial Treasury,Eastern Cape,active,['Security services'],"[{'industry': 'Security services', 'score': 2.0, 'reasons': [""category field contains 'security services'"", ""text fuzzy-matches 'security services' (similarity 1.00)""]}]",False,,0,ZAR,2026-07-24T11:00:00Z,,352074492.0,2026-07-03T00:00:00Z
ocds-9t57fa-161097,Q5/2026/27,Cape Agulhas Municipality,Western Cape,active,['Electrical'],"[{'industry': 'Electrical', 'score': 2.0, 'reasons': [""category field contains 'electrical'"", ""text fuzzy-matches 'switchgear' (similarity 1.00)""]}]",False,2026-08-31T00:00:00Z,0,ZAR,2026-07-24T12:00:00Z,,11701250.0,2026-07-03T00:00:00Z
ocds-9t57fa-161434,SIN-097,Council for Scientific and Industrial Research (CSIR),Gauteng,active,['Other / uncategorised'],"[{'industry': 'Other / uncategorised', 'score': 0.0, 'reasons': []}]",False,,0,ZAR,2026-07-03T11:00:00Z,,16638775.0,2026-07-02T00:00:00Z
ocds-9t57fa-162377,EX 15/2026,South African Revenue Service,Northern Cape,active,['Construction & civil'],"[{'industry': 'Construction & civil', 'score': 1.0, 'reasons': [""text fuzzy-matches 'building' (similarity 1.00)""]}]",False,2027-01-31T00:00:00Z,0,ZAR,2026-07-03T11:00:00Z,,2868474019.0,2026-07-02T00:00:00Z
ocds-9t57fa-164725,DEV 00097 WTE,Water and Sanitation,Gauteng,active,"['ICT & telecommunications', 'Construction & civil']","[{'industry': 'ICT & telecommunications', 'score': 1.0, 'reasons': [""text fuzzy-matches 'software' (similarity 1.00)""]}, {'industry': 'Construction & civil', 'score': 0.96, 'reasons': [""text fuzzy-matches 'construction' (similarity 0.96)""]}]",False,,0,ZAR,2026-07-03T11:00:00Z,,73236393.0,2026-07-02T00:00:00Z
ocds-9t57fa-161142,E1917NTCSAMWP,Eskom National Transmission Company of South Africa,Gauteng,active,"['Electrical', 'Construction & civil']","[{'industry': 'Electrical', 'score': 1.0, 'reasons': [""category field contains 'electrical'""]}, {'industry': 'Construction & civil', 'score': 1.0, 'reasons': [""text fuzzy-matches 'construction' (similarity 1.00)""]}]",False,,0,ZAR,2026-07-03T14:00:00Z,,9936080920.0,2026-07-02T00:00:00Z
ocds-9t57fa-161149,E1060NTCSAMWP,Eskom National Transmission Company of South Africa,Gauteng,active,['Electrical'],"[{'industry': 'Electrical', 'score': 2.0, 'reasons': [""category field contains 'electrical'"", ""text fuzzy-matches 'substation' (similarity 1.00)""]}]",False,2026-06-12T00:00:00Z,0,ZAR,2026-07-03T14:00:00Z,,41135200.0,2026-07-02T00:00:00Z
ocds-9t57fa-161157,E1009NTCSACEN,Eskom National Transmission Company of South Africa,Gauteng,active,['Electrical'],"[{'industry': 'Electrical', 'score': 1.91, 'reasons': [""category field contains 'electrical'"", ""text fuzzy-matches 'substation' (similarity 0.91)""]}]",False,2026-04-10T00:00:00Z,0,ZAR,2026-07-03T14:00:00Z,,41135202.0,2026-07-02T00:00:00Z
ocds-9t57fa-160994,PR10116854,Road Accident Fund,Gauteng,active,"['Health & medical', 'Supply of goods', 'Construction & civil']","[{'industry': 'Health & medical', 'score': 1.0, 'reasons': [""category field contains 'medical'""]}, {'industry': 'Supply of goods', 'score': 1.0, 'reasons': [""text fuzzy-matches 'supply and delivery' (similarity 1.00)""]}, {'industry': 'Construction & civil', 'score': 0.89, 'reasons': [""text fuzzy-matches 'roads' (similarity 0.89)""]}]",False,,0,ZAR,2026-07-08T11:00:00Z,,342923.0,2026-07-02T00:00:00Z
ocds-9t57fa-160994,PR10116854,Road Accident Fund,Gauteng,active,"['Health & medical', 'Supply of goods', 'Construction & civil']","[{'industry': 'Health & medical', 'score': 1.0, 'reasons': [""category field contains 'medical'""]}, {'industry': 'Supply of goods', 'score': 1.0, 'reasons': [""text fuzzy-matches 'supply and delivery' (similarity 1.00)""]}, {'industry': 'Construction & civil', 'score': 0.89, 'reasons': [""text fuzzy-matches 'roads' (similarity 0.89)""]}]",False,,0,ZAR,2026-07-08T11:00:00Z,,342923.0,2026-07-02T00:00:00Z
ocds-9t57fa-161971,PO0013532,Robben Island Museum,Western Cape,active,['Other / uncategorised'],"[{'industry': 'Other / uncategorised', 'score': 0.0, 'reasons': []}]",False,,0,ZAR,2026-07-02T11:00:00Z,,736344.0,2026-07-01T00:00:00Z
ocds-9t57fa-162389,EX 16/2026,South African Revenue Service,Northern Cape,active,['Water & sanitation'],"[{'industry': 'Water & sanitation', 'score': 1.0, 'reasons': [""category field contains 'sewer'""]}]",False,2027-01-31T00:00:00Z,0,ZAR,2026-07-02T11:00:00Z,,18483587.0,2026-07-01T00:00:00Z
ocds-9t57fa-163515,SSP-119,Council for Scientific and Industrial Research (CSIR),Western Cape,active,['Mechanical & HVAC'],"[{'industry': 'Mechanical & HVAC', 'score': 1.0, 'reasons': [""text fuzzy-matches 'hvac' (similarity 1.00)""]}]",False,,0,ZAR,2026-07-02T11:00:00Z,,7613598.0,2026-07-01T00:00:00Z
ocds-9t57fa-160995,E1829NTCSAMWP,Eskom National Transmission Company of South Africa,Gauteng,active,"['Electrical', 'Construction & civil']","[{'industry': 'Electrical', 'score': 1.0, 'reasons': [""category field contains 'electrical'""]}, {'industry': 'Construction & civil', 'score': 0.96, 'reasons': [""text fuzzy-matches 'construction' (similarity 0.96)""]}]",False,2027-06-14T00:00:00Z,0,ZAR,2026-07-02T15:00:00Z,,711731542.0,2026-07-01T00:00:00Z
ocds-9t57fa-162727,LBD 10/2026,Postbank SOC,Gauteng,active,['Professional & consulting services'],"[{'industry': 'Professional & consulting services', 'score': 1.0, 'reasons': [""category field contains 'consulting'""]}]",False,,0,ZAR,2026-07-03T11:00:00Z,,17995200.0,2026-07-01T00:00:00Z
ocds-9t57fa-165862,RFQ2450,Mine Health and Safety Council,Gauteng,active,['Mining & resources'],"[{'industry': 'Mining & resources', 'score': 0.91, 'reasons': [""text fuzzy-matches 'shaft' (similarity 0.91)""]}]",False,,0,ZAR,2026-07-03T11:00:00Z,,664000.0,2026-07-01T00:00:00Z
ocds-9t57fa-160797,Dev 05 2026 27,Special Investigation Unit,Gauteng,active,['Other / uncategorised'],"[{'industry': 'Other / uncategorised', 'score': 0.0, 'reasons': []}]",False,,0,ZAR,2026-07-08T12:00:00Z,,420130.0,2026-07-01T00:00:00Z
ocds-9t57fa-167085,POU0000619,Justice & Constitutional Development,Gauteng,active,['Other / uncategorised'],"[{'industry': 'Other / uncategorised', 'score': 0.0, 'reasons': []}]",False,,0,ZAR,2026-07-08T16:00:00Z,,19297240.0,2026-07-01T00:00:00Z
ocds-9t57fa-166817,NTCSA EG 1076222178,ESKOM,KwaZulu-Natal,active,"['Electrical', 'Supply of goods']","[{'industry': 'Electrical', 'score': 1.0, 'reasons': [""category field contains 'electrical'""]}, {'industry': 'Supply of goods', 'score': 1.0, 'reasons': [""text fuzzy-matches 'supply and delivery' (similarity 1.00)""]}]",False,0001-01-01T00:00:00Z,0,ZAR,2026-07-10T10:00:00Z,,218405400.0,2026-07-01T00:00:00Z
ocds-9t57fa-168873,SC2581A/2025,Overstrand Municipality,Western Cape,active,['Construction & civil'],"[{'industry': 'Construction & civil', 'score': 1.0, 'reasons': [""category field contains 'construction'""]}]",False,,0,ZAR,2026-07-10T11:00:00Z,,512520673.0,2026-07-01T00:00:00Z
ocds-9t57fa-160874,KZN/PRASA/2026/06/12/Q,Passenger Rail Agency of South Africa,KwaZulu-Natal,active,['Other / uncategorised'],"[{'industry': 'Other / uncategorised', 'score': 0.0, 'reasons': []}]",False,,0,ZAR,2026-07-10T12:00:00Z,,700000.0,2026-07-01T00:00:00Z
ocds-9t57fa-160887,0010571143,Electoral Commission (IEC),National,active,['Other / uncategorised'],"[{'industry': 'Other / uncategorised', 'score': 0.0, 'reasons': []}]",False,,0,ZAR,2026-07-22T11:00:00Z,,31705500.0,2026-07-01T00:00:00Z
ocds-9t57fa-163801,E1988NTCSAMWP,ESKOM,Gauteng,active,['Construction & civil'],"[{'industry': 'Construction & civil', 'score': 1.0, 'reasons': [""category field contains 'construction'""]}]",False,,0,ZAR,2026-07-23T10:00:00Z,,48416240941.0,2026-07-01T00:00:00Z
ocds-9t57fa-165920,M001-2026/27,Inkomati Catchment Management Agency,Mpumalanga,active,"['ICT & telecommunications', 'Professional & consulting services']","[{'industry': 'ICT & telecommunications', 'score': 1.0, 'reasons': [""text fuzzy-matches 'software' (similarity 1.00)""]}, {'industry': 'Professional & consulting services', 'score': 1.0, 'reasons': [""category field contains 'consulting'""]}]",False,,0,ZAR,2026-07-23T11:00:00Z,,15285570.0,2026-07-01T00:00:00Z
ocds-9t57fa-163978,MWP2755NTCSA,ESKOM,Gauteng,active,['Construction & civil'],"[{'industry': 'Construction & civil', 'score': 1.0, 'reasons': [""category field contains 'construction'""]}]",False,2026-04-30T00:00:00Z,0,ZAR,2026-07-24T10:00:00Z,,16632801835.0,2026-07-01T00:00:00Z
ocds-9t57fa-161267,Mbombela Provincial Office –2,Land and Agricultural Development Bank of South Africa,Mpumalanga,complete,['Other / uncategorised'],"[{'industry': 'Other / uncategorised', 'score': 0.0, 'reasons': []}]",False,,0,ZAR,2026-07-02T11:00:00Z,,,2026-07-01T00:00:00Z
ocds-9t57fa-161426,SIN-074,Council for Scientific and Industrial Research (CSIR),Gauteng,complete,['Other / uncategorised'],"[{'industry': 'Other / uncategorised', 'score': 0.0, 'reasons': []}]",False,,0,ZAR,2026-07-02T11:00:00Z,,,2026-07-01T00:00:00Z
ocds-9t57fa-160860,iLABS/RFQ 2026/27:60,National Research Foundation,Western Cape,complete,"['Professional & consulting services', 'Supply of goods']","[{'industry': 'Professional & consulting services', 'score': 1.0, 'reasons': [""category field contains 'consulting'""]}, {'industry': 'Supply of goods', 'score': 1.0, 'reasons': [""text fuzzy-matches 'supply and delivery' (similarity 1.00)""]}]",False,,0,ZAR,2026-07-03T11:00:00Z,,,2026-07-01T00:00:00Z
ocds-9t57fa-160872,TPT/2026/07/0716/8015/RFQ – PPA 151786,Transnet SOC Ltd,KwaZulu-Natal,complete,['Other / uncategorised'],"[{'industry': 'Other / uncategorised', 'score': 0.0, 'reasons': []}]",False,,0,ZAR,2026-07-06T10:00:00Z,,,2026-07-01T00:00:00Z
ocds-9t57fa-160775,RFQ  13-06-2026,Cross-Border Road Transport Agency,Gauteng,complete,['Other / uncategorised'],"[{'industry': 'Other / uncategorised', 'score': 0.0, 'reasons': []}]",False,,0,ZAR,2026-07-06T11:00:00Z,,,2026-07-01T00:00:00Z
ocds-9t57fa-160778,RFQ  21-06-2026,Cross-Border Road Transport Agency,Gauteng,complete,"['Transport & logistics', 'Construction & civil']","[{'industry': 'Transport & logistics', 'score': 1.0, 'reasons': [""text fuzzy-matches 'transport' (similarity 1.00)""]}, {'industry': 'Construction & civil', 'score': 0.89, 'reasons': [""text fuzzy-matches 'roads' (similarity 0.89)""]}]",False,,0,ZAR,2026-07-06T11:00:00Z,,,2026-07-01T00:00:00Z
ocds-9t57fa-160796,MKRIQ16/2026/27,Moses Kotane Institute,KwaZulu-Natal,complete,['Professional & consulting services'],"[{'industry': 'Professional & consulting services', 'score': 1.0, 'reasons': [""category field contains 'consulting'""]}]",False,,0,ZAR,2026-07-06T11:00:00Z,,,2026-07-01T00:00:00Z
ocds-9t57fa-160831,RFQ2421,Mine Health and Safety Council,Gauteng,complete,['Transport & logistics'],"[{'industry': 'Transport & logistics', 'score': 2.0, 'reasons': [""category field contains 'transport'"", ""text fuzzy-matches 'transport' (similarity 1.00)""]}]",False,,0,ZAR,2026-07-06T11:00:00Z,,,2026-07-01T00:00:00Z
ocds-9t57fa-160849,NRWDI/ICT/2026-09(a),National Radioactive Waste Disposal Institute (NRWDI),North West,complete,['Professional & consulting services'],"[{'industry': 'Professional & consulting services', 'score': 1.0, 'reasons': [""category field contains 'consulting'""]}]",False,,0,ZAR,2026-07-07T17:00:00Z,,,2026-07-01T00:00:00Z
ocds-9t57fa-160802,NSG/SCM0150392,National School of Government,Gauteng,complete,"['ICT & telecommunications', 'Professional & consulting services']","[{'industry': 'ICT & telecommunications', 'score': 1.0, 'reasons': [""text fuzzy-matches 'server' (similarity 1.00)""]}, {'industry': 'Professional & consulting services', 'score': 1.0, 'reasons': [""category field contains 'consulting'""]}]",False,,0,ZAR,2026-07-08T11:00:00Z,,,2026-07-01T00:00:00Z
ocds-9t57fa-160824,NSG/SCM-0150129,National School of Government,Gauteng,complete,['Other / uncategorised'],"[{'industry': 'Other / uncategorised', 'score': 0.0, 'reasons': []}]",False,,0,ZAR,2026-07-08T11:00:00Z,,,2026-07-01T00:00:00Z
ocds-9t57fa-160833,'RFQ 019-26,National Regulator for Compulsory Specifications,Western Cape,complete,['Other / uncategorised'],"[{'industry': 'Other / uncategorised', 'score': 0.0, 'reasons': []}]",False,,0,ZAR,2026-07-08T11:00:00Z,,,2026-07-01T00:00:00Z
ocds-9t57fa-160868,ID: 3285879,Public Works,Free State,complete,['Water & sanitation'],"[{'industry': 'Water & sanitation', 'score': 2.0, 'reasons': [""category field contains 'sewer'"", ""text fuzzy-matches 'sewer' (similarity 1.00)""]}]",False,,0,ZAR,2026-07-08T11:00:00Z,,,2026-07-01T00:00:00Z
ocds-9t57fa-160888,RFQ No. 08/2026,Postbank SOC,Gauteng,complete,['Professional & consulting services'],"[{'industry': 'Professional & consulting services', 'score': 1.0, 'reasons': [""category field contains 'consulting'""]}]",False,,0,ZAR,2026-07-08T11:00:00Z,,,2026-07-01T00:00:00Z
ocds-9t57fa-160810,JDAICT/GP/007/2026,Johannesburg Development Agency,Gauteng,complete,['Other / uncategorised'],"[{'industry': 'Other / uncategorised', 'score': 0.0, 'reasons': []}]",False,,0,ZAR,2026-07-08T12:00:00Z,,,2026-07-01T00:00:00Z
ocds-9t57fa-160858,RFQ-ICT-25-26-321-1,"Manufacturing, Engineering and Related Services SETA (merSETA)",Gauteng,complete,['Professional & consulting services'],"[{'industry': 'Professional & consulting services', 'score': 1.0, 'reasons': [""category field contains 'consulting'""]}]",False,,0,ZAR,2026-07-08T12:00:00Z,,,2026-07-01T00:00:00Z
ocds-9t57fa-160835,RSR/IMPLEMENTATION OF HUMAN CAPITAL,Railway Safety Regulator,Gauteng,complete,['Professional & consulting services'],"[{'industry': 'Professional & consulting services', 'score': 1.0, 'reasons': [""category field contains 'consulting'""]}]",False,,0,ZAR,2026-07-08T15:00:00Z,,,2026-07-01T00:00:00Z
ocds-9t57fa-160877,RFQJW47ZZ26,Johannesburg Water,Gauteng,complete,['Supply of goods'],"[{'industry': 'Supply of goods', 'score': 1.0, 'reasons': [""text fuzzy-matches 'supply and delivery' (similarity 1.00)""]}]",False,,0,ZAR,2026-07-08T16:00:00Z,,,2026-07-01T00:00:00Z
ocds-9t57fa-160884,RFQJW48ZZ26,Johannesburg Water,Gauteng,complete,"['Construction & civil', 'Supply of goods']","[{'industry': 'Construction & civil', 'score': 1.0, 'reasons': [""text fuzzy-matches 'concrete' (similarity 1.00)""]}, {'industry': 'Supply of goods', 'score': 0.97, 'reasons': [""text fuzzy-matches 'supply and delivery' (similarity 0.97)""]}]",False,,0,ZAR,2026-07-08T16:00:00Z,,,2026-07-01T00:00:00Z
ocds-9t57fa-160821,RFQ NO. 012-26,National Regulator for Compulsory Specifications,Gauteng,complete,['Professional & consulting services'],"[{'industry': 'Professional & consulting services', 'score': 1.0, 'reasons': [""category field contains 'consulting'""]}]",False,,0,ZAR,2026-07-09T11:00:00Z,,,2026-07-01T00:00:00Z
ocds-9t57fa-160881,NRWDI/ICT/2026-08,National Radioactive Waste Disposal Institute (NRWDI),North West,complete,['Professional & consulting services'],"[{'industry': 'Professional & consulting services', 'score': 1.0, 'reasons': [""category field contains 'consulting'""]}]",False,,0,ZAR,2026-07-09T11:00:00Z,,,2026-07-01T00:00:00Z
ocds-9t57fa-165989,M004-2026/27,Inkomati Catchment Management Agency,Mpumalanga,complete,"['ICT & telecommunications', 'Professional & consulting services']","[{'industry': 'ICT & telecommunications', 'score': 1.0, 'reasons': [""text fuzzy-matches 'software' (similarity 1.00)""]}, {'industry': 'Professional & consulting services', 'score': 1.0, 'reasons': [""category field contains 'consulting'""]}]",False,,0,ZAR,2026-07-09T11:00:00Z,,,2026-07-01T00:00:00Z
ocds-9t57fa-160780,JW RFI 01/07/2026 ,Johannesburg Water,Gauteng,complete,['Other / uncategorised'],"[{'industry': 'Other / uncategorised', 'score': 0.0, 'reasons': []}]",False,,0,ZAR,2026-07-09T13:00:00Z,,,2026-07-01T00:00:00Z
ocds-9t57fa-160878,IM1182026,Tourism,Gauteng,complete,['Professional & consulting services'],"[{'industry': 'Professional & consulting services', 'score': 1.0, 'reasons': [""category field contains 'consulting'""]}]",False,,0,ZAR,2026-07-10T11:00:00Z,,,2026-07-01T00:00:00Z
ocds-9t57fa-160829,MTF RFQ 486/2026-2027,Market Theatre Foundation,Gauteng,complete,['Professional & consulting services'],"[{'industry': 'Professional & consulting services', 'score': 1.0, 'reasons': [""category field contains 'consulting'""]}]",False,,0,ZAR,2026-07-10T12:00:00Z,,,2026-07-01T00:00:00Z
ocds-9t57fa-160854,RFQ/NEW/2026/10252687/33,South African Broadcasting Corporation Limited,National,complete,['Other / uncategorised'],"[{'industry': 'Other / uncategorised', 'score': 0.0, 'reasons': []}]",False,,0,ZAR,2026-07-10T12:00:00Z,,,2026-07-01T00:00:00Z
ocds-9t57fa-160788,JW RFI 02/07/2026 MC ,Johannesburg Water,Gauteng,complete,['Water & sanitation'],"[{'industry': 'Water & sanitation', 'score': 1.0, 'reasons': [""text fuzzy-matches 'sewer' (similarity 1.00)""]}]",False,,0,ZAR,2026-07-10T13:00:00Z,,,2026-07-01T00:00:00Z
ocds-9t57fa-160896,RQN00000218691,Commission for Conciliation Mediation & Arbitration,Gauteng,complete,['Professional & consulting services'],"[{'industry': 'Professional & consulting services', 'score': 1.0, 'reasons': [""category field contains 'consulting'""]}]",False,,0,ZAR,2026-07-10T16:00:00Z,,,2026-07-01T00:00:00Z
ocds-9t57fa-160896,RQN00000218691,Commission for Conciliation Mediation & Arbitration,Gauteng,complete,['Professional & consulting services'],"[{'industry': 'Professional & consulting services', 'score': 1.0, 'reasons': [""category field contains 'consulting'""]}]",False,,0,ZAR,2026-07-10T16:00:00Z,,,2026-07-01T00:00:00Z
ocds-9t57fa-160899,RQN00000218651,Commission for Conciliation Mediation & Arbitration,Gauteng,complete,['Professional & consulting services'],"[{'industry': 'Professional & consulting services', 'score': 1.0, 'reasons': [""category field contains 'consulting'""]}]",False,,0,ZAR,2026-07-10T16:00:00Z,,,2026-07-01T00:00:00Z
ocds-9t57fa-160800,RFQ0001237,Marine Living Resources Fund,Western Cape,complete,['Professional & consulting services'],"[{'industry': 'Professional & consulting services', 'score': 1.0, 'reasons': [""category field contains 'consulting'""]}]",False,,0,ZAR,2026-07-13T11:00:00Z,,,2026-07-01T00:00:00Z
ocds-9t57fa-160902,RQN00000217929,Commission for Conciliation Mediation & Arbitration,Gauteng,complete,['Professional & consulting services'],"[{'industry': 'Professional & consulting services', 'score': 1.0, 'reasons': [""category field contains 'consulting'""]}]",False,,0,ZAR,2026-07-13T16:00:00Z,,,2026-07-01T00:00:00Z
ocds-9t57fa-160825,AWARDE2089GXMPKRI,ESKOM,Mpumalanga,complete,['Security services'],"[{'industry': 'Security services', 'score': 2.0, 'reasons': [""category field contains 'security services'"", ""text fuzzy-matches 'guarding' (similarity 1.00)""]}]",False,,0,ZAR,2026-07-14T10:00:00Z,,,2026-07-01T00:00:00Z
ocds-9t57fa-160890,RFP OW-001/2026/2027,Overberg Water,Western Cape,complete,['Supply of goods'],"[{'industry': 'Supply of goods', 'score': 1.0, 'reasons': [""text fuzzy-matches 'supply and delivery' (similarity 1.00)""]}]",False,,0,ZAR,2026-07-14T12:00:00Z,,,2026-07-01T00:00:00Z
ocds-9t57fa-160865,TFR/2026/06/0180/6373/RFQ,Transnet SOC Ltd,Mpumalanga,complete,"['Mechanical & HVAC', 'Professional & consulting services']","[{'industry': 'Mechanical & HVAC', 'score': 1.0, 'reasons': [""text fuzzy-matches 'air conditioning' (similarity 1.00)""]}, {'industry': 'Professional & consulting services', 'score': 1.0, 'reasons': [""category field contains 'consulting'""]}]",False,,0,ZAR,2026-07-15T10:00:00Z,,,2026-07-01T00:00:00Z
ocds-9t57fa-160830,WTE-0533 CS,Water and Sanitation,Western Cape,complete,"['Construction & civil', 'Supply of goods']","[{'industry': 'Construction & civil', 'score': 2.0, 'reasons': [""category field contains 'construction'"", ""text fuzzy-matches 'construction' (similarity 1.00)""]}, {'industry': 'Supply of goods', 'score': 1.0, 'reasons': [""text fuzzy-matches 'supply and delivery' (similarity 1.00)""]}]",False,,0,ZAR,2026-07-16T11:00:00Z,,,2026-07-01T00:00:00Z
ocds-9t57fa-160861,H004L2706RFQ00079 ,Border Management Authority,Gauteng,complete,['Other / uncategorised'],"[{'industry': 'Other / uncategorised', 'score': 0.0, 'reasons': []}]",False,,0,ZAR,2026-07-16T11:00:00Z,,,2026-07-01T00:00:00Z
ocds-9t57fa-160882,RFQJW49ZZ26,Johannesburg Water,Gauteng,complete,"['Construction & civil', 'Professional & consulting services']","[{'industry': 'Construction & civil', 'score': 1.0, 'reasons': [""text fuzzy-matches 'building' (similarity 1.00)""]}, {'industry': 'Professional & consulting services', 'score': 1.0, 'reasons': [""category field contains 'consulting'""]}]",False,,0,ZAR,2026-07-16T16:00:00Z,,,2026-07-01T00:00:00Z
ocds-9t57fa-160863,RFQ/COM/2026/10252092/32,South African Broadcasting Corporation Limited,National,complete,['Other / uncategorised'],"[{'industry': 'Other / uncategorised', 'score': 0.0, 'reasons': []}]",False,,0,ZAR,2026-07-17T12:00:00Z,,,2026-07-01T00:00:00Z
ocds-9t57fa-160891,T58A-2026,Overberg District Municipality,Western Cape,complete,['Other / uncategorised'],"[{'industry': 'Other / uncategorised', 'score': 0.0, 'reasons': []}]",False,,0,ZAR,2026-07-17T12:00:00Z,,,2026-07-01T00:00:00Z
ocds-9t57fa-160828,Rec 74216,Airports Company of South Africa,Gauteng,complete,['Supply of goods'],"[{'industry': 'Supply of goods', 'score': 1.0, 'reasons': [""text fuzzy-matches 'supply and delivery' (similarity 1.00)""]}]",False,,0,ZAR,2026-07-20T11:00:00Z,,,2026-07-01T00:00:00Z
ocds-9t57fa-160856,8/3-66/2024,Msukaligwa Local Municipality,Mpumalanga,complete,['Construction & civil'],"[{'industry': 'Construction & civil', 'score': 2.0, 'reasons': [""category field contains 'construction'"", ""text fuzzy-matches 'construction' (similarity 1.00)""]}]",False,,0,ZAR,2026-07-20T12:00:00Z,,,2026-07-01T00:00:00Z
ocds-9t57fa-160904,RFQ11900,Airports Company of South Africa,Eastern Cape,complete,['Electrical'],"[{'industry': 'Electrical', 'score': 1.0, 'reasons': [""text fuzzy-matches 'electrical' (similarity 1.00)""]}]",False,,0,ZAR,2026-07-20T16:00:00Z,,,2026-07-01T00:00:00Z
ocds-9t57fa-160777,PRDP 02/2026-27,Limpopo - Office of the Premier,Limpopo,complete,['Other / uncategorised'],"[{'industry': 'Other / uncategorised', 'score': 0.0, 'reasons': []}]",False,,0,ZAR,2026-07-21T11:00:00Z,,,2026-07-01T00:00:00Z
ocds-9t57fa-160790,RQ-019889,Limpopo - Department of Community Safety and Transport Management,Limpopo,complete,['Professional & consulting services'],"[{'industry': 'Professional & consulting services', 'score': 1.0, 'reasons': [""category field contains 'consulting'""]}]",False,,0,ZAR,2026-07-21T11:00:00Z,,,2026-07-01T00:00:00Z
ocds-9t57fa-160857,WTE-2611ES,Water and Sanitation,KwaZulu-Natal,complete,['Electrical'],"[{'industry': 'Electrical', 'score': 2.0, 'reasons': [""category field contains 'electrical'"", ""text fuzzy-matches 'generator' (similarity 1.00)""]}]",False,,0,ZAR,2026-07-21T11:00:00Z,,,2026-07-01T00:00:00Z
ocds-9t57fa-160869,WTE-2612ES,Water and Sanitation,KwaZulu-Natal,complete,['Supply of goods'],"[{'industry': 'Supply of goods', 'score': 1.0, 'reasons': [""text fuzzy-matches 'supply and delivery' (similarity 1.00)""]}]",False,,0,ZAR,2026-07-21T11:00:00Z,,,2026-07-01T00:00:00Z
ocds-9t57fa-160845,RFP 1 2026,Justice & Constitutional Development,National,active,['ICT & telecommunications'],"[{'industry': 'ICT & telecommunications', 'score': 1.0, 'reasons': [""text fuzzy-matches 'ict' (similarity 1.00)""]}]",False,2026-07-31T00:00:00Z,0,ZAR,2026-07-01T11:00:00Z,,46918113.0,2026-06-30T00:00:00Z
ocds-9t57fa-161003,DEVIATION 001-2026-27,Government Technical Advisory Centre (GTAC),National,active,['Professional & consulting services'],"[{'industry': 'Professional & consulting services', 'score': 1.0, 'reasons': [""category field contains 'consulting'""]}]",False,2026-08-31T00:00:00Z,0,ZAR,2026-07-01T11:00:00Z,,27586660.0,2026-06-30T00:00:00Z
ocds-9t57fa-161501,H004L2707DEV00082,Border Management Authority,Gauteng,active,['Other / uncategorised'],"[{'industry': 'Other / uncategorised', 'score': 0.0, 'reasons': []}]",False,2027-06-30T00:00:00Z,0,ZAR,2026-07-01T11:00:00Z,,12205200.0,2026-06-30T00:00:00Z
ocds-9t57fa-163527,SSP-143,Council for Scientific and Industrial Research (CSIR),Gauteng,active,['Professional & consulting services'],"[{'industry': 'Professional & consulting services', 'score': 1.0, 'reasons': [""category field contains 'consulting'""]}]",False,,0,ZAR,2026-07-01T11:00:00Z,,9284065.0,2026-06-30T00:00:00Z
ocds-9t57fa-161840,RFQ2455,Mine Health and Safety Council,Gauteng,active,['Construction & civil'],"[{'industry': 'Construction & civil', 'score': 2.0, 'reasons': [""category field contains 'construction'"", ""text fuzzy-matches 'construction' (similarity 1.00)""]}]",False,,0,ZAR,2026-07-03T11:00:00Z,,2438000.0,2026-06-30T00:00:00Z
ocds-9t57fa-167329,POU00005BX,Justice & Constitutional Development,Limpopo,active,['Other / uncategorised'],"[{'industry': 'Other / uncategorised', 'score': 0.0, 'reasons': []}]",False,,0,ZAR,2026-07-06T11:00:00Z,,1330000.0,2026-06-30T00:00:00Z
ocds-9t57fa-160660,KDP-87,Water and Sanitation,KwaZulu-Natal,active,['Construction & civil'],"[{'industry': 'Construction & civil', 'score': 2.0, 'reasons': [""category field contains 'construction'"", ""text fuzzy-matches 'construction' (similarity 1.00)""]}]",False,,0,ZAR,2026-07-09T11:00:00Z,,87970.0,2026-06-30T00:00:00Z
ocds-9t57fa-160743,RFQ BB 40/2026,South Cape TVET College,Western Cape,active,"['ICT & telecommunications', 'Professional & consulting services', 'Construction & civil']","[{'industry': 'ICT & telecommunications', 'score': 1.0, 'reasons': [""category field contains 'ict'""]}, {'industry': 'Professional & consulting services', 'score': 1.0, 'reasons': [""category field contains 'consulting'""]}, {'industry': 'Construction & civil', 'score': 0.94, 'reasons': [""text fuzzy-matches 'building' (similarity 0.94)""]}]",False,,0,ZAR,2026-07-09T11:00:00Z,,678500.0,2026-06-30T00:00:00Z
ocds-9t57fa-165859,RFQ2504,Mine Health and Safety Council,Gauteng,active,"['Construction & civil', 'ICT & telecommunications']","[{'industry': 'Construction & civil', 'score': 1.0, 'reasons': [""text fuzzy-matches 'building' (similarity 1.00)""]}, {'industry': 'ICT & telecommunications', 'score': 1.0, 'reasons': [""text fuzzy-matches 'ict' (similarity 1.00)""]}]",False,,0,ZAR,2026-07-22T11:00:00Z,,1237400.0,2026-06-30T00:00:00Z
ocds-9t57fa-160722,E1600DXMP  2nd Tender validity,ESKOM,Mpumalanga,complete,['Construction & civil'],"[{'industry': 'Construction & civil', 'score': 2.0, 'reasons': [""category field contains 'construction'"", ""text fuzzy-matches 'construction' (similarity 1.00)""]}]",False,,0,ZAR,2026-07-01T00:30:00Z,,,2026-06-30T00:00:00Z
ocds-9t57fa-160759,E1592DXMP 2nd tender validity,ESKOM,Mpumalanga,complete,"['Construction & civil', 'Electrical']","[{'industry': 'Construction & civil', 'score': 2.0, 'reasons': [""category field contains 'construction'"", ""text fuzzy-matches 'construction' (similarity 1.00)""]}, {'industry': 'Electrical', 'score': 0.91, 'reasons': [""text fuzzy-matches 'substation' (similarity 0.91)""]}]",False,,0,ZAR,2026-07-01T00:30:00Z,,,2026-06-30T00:00:00Z
ocds-9t57fa-166829,FORMAL QUOTATIONS (RFQS) FOR JUNE 2026,Oudtshoorn Municipality,Western Cape,complete,['Professional & consulting services'],"[{'industry': 'Professional & consulting services', 'score': 1.0, 'reasons': [""category field contains 'consulting'""]}]",False,,0,ZAR,2026-07-01T16:30:00Z,,,2026-06-30T00:00:00Z
ocds-9t57fa-168755,POU00005GG,Justice & Constitutional Development,Mpumalanga,complete,['Supply of goods'],"[{'industry': 'Supply of goods', 'score': 1.97, 'reasons': [""category field contains 'stationery'"", ""text fuzzy-matches 'supply and delivery' (similarity 0.97)""]}]",False,,0,ZAR,2026-07-03T11:00:00Z,,,2026-06-30T00:00:00Z
ocds-9t57fa-160654,RFQ Printing Annual Report,iSimangaliso Wetland Park,KwaZulu-Natal,complete,['Professional & consulting services'],"[{'industry': 'Professional & consulting services', 'score': 1.0, 'reasons': [""category field contains 'consulting'""]}]",False,,0,ZAR,2026-07-03T12:00:00Z,,,2026-06-30T00:00:00Z
ocds-9t57fa-160677,10371879,Passenger Rail Agency of South Africa,Gauteng,complete,['Other / uncategorised'],"[{'industry': 'Other / uncategorised', 'score': 0.0, 'reasons': []}]",False,,0,ZAR,2026-07-03T12:00:00Z,,,2026-06-30T00:00:00Z
ocds-9t57fa-160707,ECR/RAIL/RS/10/06/2026,Passenger Rail Agency of South Africa,Eastern Cape,complete,['Supply of goods'],"[{'industry': 'Supply of goods', 'score': 1.0, 'reasons': [""text fuzzy-matches 'supply and delivery' (similarity 1.00)""]}]",False,,0,ZAR,2026-07-03T12:00:00Z,,,2026-06-30T00:00:00Z
ocds-9t57fa-160657,NRWDI/HR/2026-04,National Radioactive Waste Disposal Institute (NRWDI),North West,complete,"['Professional & consulting services', 'Health & medical']","[{'industry': 'Professional & consulting services', 'score': 1.0, 'reasons': [""category field contains 'consulting'""]}, {'industry': 'Health & medical', 'score': 1.0, 'reasons': [""text fuzzy-matches 'medical' (similarity 1.00)""]}]",False,,0,ZAR,2026-07-06T11:00:00Z,,,2026-06-30T00:00:00Z
ocds-9t57fa-160692,RFQ-112525,Statistics South Africa,Gauteng,complete,['Professional & consulting services'],"[{'industry': 'Professional & consulting services', 'score': 1.0, 'reasons': [""text fuzzy-matches 'project management' (similarity 1.00)""]}]",False,,0,ZAR,2026-07-06T16:00:00Z,,,2026-06-30T00:00:00Z
ocds-9t57fa-160710,RFQ/OBP092/2026/27,Onderstepoort Biological Products Limited,Gauteng,complete,['Professional & consulting services'],"[{'industry': 'Professional & consulting services', 'score': 1.0, 'reasons': [""category field contains 'consulting'""]}]",False,,0,ZAR,2026-07-06T16:00:00Z,,,2026-06-30T00:00:00Z
ocds-9t57fa-160711,RFQ-112557,Statistics South Africa,Gauteng,complete,['Other / uncategorised'],"[{'industry': 'Other / uncategorised', 'score': 0.0, 'reasons': []}]",False,,0,ZAR,2026-07-06T16:00:00Z,,,2026-06-30T00:00:00Z
ocds-9t57fa-160714,RQ-112558,Statistics South Africa,Gauteng,complete,['Other / uncategorised'],"[{'industry': 'Other / uncategorised', 'score': 0.0, 'reasons': []}]",False,,0,ZAR,2026-07-06T16:00:00Z,,,2026-06-30T00:00:00Z
ocds-9t57fa-160725,RQ-112523,Statistics South Africa,Gauteng,complete,['Other / uncategorised'],"[{'industry': 'Other / uncategorised', 'score': 0.0, 'reasons': []}]",False,,0,ZAR,2026-07-06T16:00:00Z,,,2026-06-30T00:00:00Z
ocds-9t57fa-160687,IZIKO _RFQ_2026/08/08,Iziko Museums of Cape Town,Western Cape,complete,['Other / uncategorised'],"[{'industry': 'Other / uncategorised', 'score': 0.0, 'reasons': []}]",False,,0,ZAR,2026-07-07T11:00:00Z,,,2026-06-30T00:00:00Z
ocds-9t57fa-160712,RFQ 4408.,South African Weather Service,Northern Cape,complete,['Other / uncategorised'],"[{'industry': 'Other / uncategorised', 'score': 0.0, 'reasons': []}]",False,,0,ZAR,2026-07-07T11:00:00Z,,,2026-06-30T00:00:00Z
ocds-9t57fa-160715,RFQ 4377/25..,South African Weather Service,Gauteng,complete,['Professional & consulting services'],"[{'industry': 'Professional & consulting services', 'score': 1.0, 'reasons': [""category field contains 'consulting'""]}]",False,,0,ZAR,2026-07-07T11:00:00Z,,,2026-06-30T00:00:00Z
ocds-9t57fa-160746,RFQ049 AM (26/27),"National - Environment, Forestry and Fisheries",Gauteng,complete,['Other / uncategorised'],"[{'industry': 'Other / uncategorised', 'score': 0.0, 'reasons': []}]",False,,0,ZAR,2026-07-07T11:00:00Z,,,2026-06-30T00:00:00Z
ocds-9t57fa-160651,RFQ202627/16,Kwa-Zulu Natal - Trade and Investment KwaZulu-Natal,KwaZulu-Natal,complete,['Professional & consulting services'],"[{'industry': 'Professional & consulting services', 'score': 1.0, 'reasons': [""category field contains 'consulting'""]}]",False,,0,ZAR,2026-07-07T12:00:00Z,,,2026-06-30T00:00:00Z
ocds-9t57fa-160676,RFQ-ICT-26-27-058,"Manufacturing, Engineering and Related Services SETA (merSETA)",Gauteng,complete,['Professional & consulting services'],"[{'industry': 'Professional & consulting services', 'score': 1.0, 'reasons': [""category field contains 'consulting'""]}]",False,,0,ZAR,2026-07-07T12:00:00Z,,,2026-06-30T00:00:00Z
ocds-9t57fa-160730,SGI012606RFQ0000002,Agricultural Research Council,Free State,complete,"['Electrical', 'Supply of goods']","[{'industry': 'Electrical', 'score': 1.0, 'reasons': [""category field contains 'electrical'""]}, {'industry': 'Supply of goods', 'score': 1.0, 'reasons': [""text fuzzy-matches 'supply and delivery' (similarity 1.00)""]}]",False,,0,ZAR,2026-07-07T12:00:00Z,,,2026-06-30T00:00:00Z
ocds-9t57fa-160719,NRF/SAAO/RFQ/118482,National Research Foundation,Western Cape,complete,['Other / uncategorised'],"[{'industry': 'Other / uncategorised', 'score': 0.0, 'reasons': []}]",False,,0,ZAR,2026-07-07T15:00:00Z,,,2026-06-30T00:00:00Z
ocds-9t57fa-160680,DMP/01/26/GAU-RS,Passenger Rail Agency of South Africa,Gauteng,complete,['Supply of goods'],"[{'industry': 'Supply of goods', 'score': 1.0, 'reasons': [""text fuzzy-matches 'supply and delivery' (similarity 1.00)""]}]",False,,0,ZAR,2026-07-08T10:00:00Z,,,2026-06-30T00:00:00Z
ocds-9t57fa-160689,EHC/ICT/06/2026,Ekurhuieni Housing Company,Gauteng,complete,['Supply of goods'],"[{'industry': 'Supply of goods', 'score': 1.0, 'reasons': [""text fuzzy-matches 'supply and delivery' (similarity 1.00)""]}]",False,,0,ZAR,2026-07-08T11:00:00Z,,,2026-06-30T00:00:00Z
ocds-9t57fa-160758,RFQ-HO-1693,South African Maritime Safety Authority,Gauteng,complete,['Other / uncategorised'],"[{'industry': 'Other / uncategorised', 'score': 0.0, 'reasons': []}]",False,,0,ZAR,2026-07-09T11:00:00Z,,,2026-06-30T00:00:00Z
ocds-9t57fa-160656,VCW26/0441C,Vaal Central Water,Free State,complete,['Electrical'],"[{'industry': 'Electrical', 'score': 1.0, 'reasons': [""category field contains 'electrical'""]}]",False,,0,ZAR,2026-07-09T12:00:00Z,,,2026-06-30T00:00:00Z
ocds-9t57fa-160672,GMQ107/25-26,George Municipality,Western Cape,complete,['Other / uncategorised'],"[{'industry': 'Other / uncategorised', 'score': 0.0, 'reasons': []}]",False,,0,ZAR,2026-07-10T12:00:00Z,,,2026-06-30T00:00:00Z
ocds-9t57fa-160683,ASA 01/07/2026,Agrément South Africa,National,complete,['Other / uncategorised'],"[{'industry': 'Other / uncategorised', 'score': 0.0, 'reasons': []}]",False,,0,ZAR,2026-07-10T12:00:00Z,,,2026-06-30T00:00:00Z
ocds-9t57fa-160681, KZNGFA- RFQ 2026 - 06,KZN Growth Fund Trust,KwaZulu-Natal,complete,['Professional & consulting services'],"[{'industry': 'Professional & consulting services', 'score': 1.0, 'reasons': [""category field contains 'consulting'""]}]",False,,0,ZAR,2026-07-13T12:00:00Z,,,2026-06-30T00:00:00Z
ocds-9t57fa-160671,RFQ1224032,Limpopo - Economic Development Agency,Limpopo,complete,"['Construction & civil', 'Professional & consulting services']","[{'industry': 'Construction & civil', 'score': 1.0, 'reasons': [""text fuzzy-matches 'construction' (similarity 1.00)""]}, {'industry': 'Professional & consulting services', 'score': 1.0, 'reasons': [""category field contains 'consulting'""]}]",False,,0,ZAR,2026-07-14T11:00:00Z,,,2026-06-30T00:00:00Z
ocds-9t57fa-160679,SCMU10-26/27-0005..,Eastern Cape - Transport,Eastern Cape,complete,"['Electrical', 'ICT & telecommunications', 'Professional & consulting services', 'Transport & logistics']","[{'industry': 'Electrical', 'score': 1.0, 'reasons': [""text fuzzy-matches 'cabling' (similarity 1.00)""]}, {'industry': 'ICT & telecommunications', 'score': 1.0, 'reasons': [""text fuzzy-matches 'network' (similarity 1.00)""]}, {'industry': 'Professional & consulting services', 'score': 1.0, 'reasons': [""category field contains 'consulting'""]}, {'industry': 'Transport & logistics', 'score': 1.0, 'reasons': [""text fuzzy-matches 'transport' (similarity 1.00)""]}]",False,,0,ZAR,2026-07-14T11:00:00Z,,,2026-06-30T00:00:00Z
ocds-9t57fa-160750,SCMU3-P26/27-0369-H0,Eastern Cape - Health,Eastern Cape,complete,"['Mechanical & HVAC', 'Health & medical']","[{'industry': 'Mechanical & HVAC', 'score': 1.0, 'reasons': [""category field contains 'air conditioning'""]}, {'industry': 'Health & medical', 'score': 0.94, 'reasons': [""text fuzzy-matches 'hospital' (similarity 0.94)""]}]",False,,0,ZAR,2026-07-14T11:00:00Z,,,2026-06-30T00:00:00Z
ocds-9t57fa-160691,Q 05 EDTEA 26/27,"Kwazulu Natal - Economic Development, Tourism and Environ Affairs",KwaZulu-Natal,complete,['Professional & consulting services'],"[{'industry': 'Professional & consulting services', 'score': 1.0, 'reasons': [""category field contains 'consulting'""]}]",False,,0,ZAR,2026-07-14T15:00:00Z,,,2026-06-30T00:00:00Z
ocds-9t57fa-160728,RFQ: GSM029/2026,South African Airways (Pty) Limited,National,complete,['Supply of goods'],"[{'industry': 'Supply of goods', 'score': 1.0, 'reasons': [""category field contains 'stationery'""]}]",False,,0,ZAR,2026-07-14T16:00:00Z,,,2026-06-30T00:00:00Z
ocds-9t57fa-160661,01-2026/27,Musina Local Municipality,Limpopo,complete,['Construction & civil'],"[{'industry': 'Construction & civil', 'score': 2.0, 'reasons': [""category field contains 'construction'"", ""text fuzzy-matches 'bridge' (similarity 1.00)""]}]",False,,0,ZAR,2026-07-15T11:00:00Z,,,2026-06-30T00:00:00Z
ocds-9t57fa-160663,02-2026/27,Musina Local Municipality,Limpopo,complete,['Construction & civil'],"[{'industry': 'Construction & civil', 'score': 2.0, 'reasons': [""category field contains 'construction'"", ""text fuzzy-matches 'bridge' (similarity 1.00)""]}]",False,,0,ZAR,2026-07-15T11:00:00Z,,,2026-06-30T00:00:00Z
ocds-9t57fa-160665,03-2026/27,Musina Local Municipality,Limpopo,complete,['Construction & civil'],"[{'industry': 'Construction & civil', 'score': 2.0, 'reasons': [""category field contains 'construction'"", ""text fuzzy-matches 'bridge' (similarity 1.00)""]}]",False,,0,ZAR,2026-07-15T11:00:00Z,,,2026-06-30T00:00:00Z
ocds-9t57fa-160753,RFQ 202013,SA Bureau of Standards,Gauteng,complete,['Mechanical & HVAC'],"[{'industry': 'Mechanical & HVAC', 'score': 1.86, 'reasons': [""category field contains 'air conditioning'"", ""text fuzzy-matches 'air conditioning' (similarity 0.86)""]}]",False,,0,ZAR,2026-07-15T11:00:00Z,,,2026-06-30T00:00:00Z
ocds-9t57fa-160772,E3111GXNOU,ESKOM,Western Cape,complete,['Supply of goods'],"[{'industry': 'Supply of goods', 'score': 1.0, 'reasons': [""text fuzzy-matches 'supply and delivery' (similarity 1.00)""]}]",False,,0,ZAR,2026-07-16T10:00:00Z,,,2026-06-30T00:00:00Z
ocds-9t57fa-160580,SASSA:23-26-FASS-KZN,South African Social Security Agency,KwaZulu-Natal,complete,['Security services'],"[{'industry': 'Security services', 'score': 1.0, 'reasons': [""category field contains 'security services'""]}]",False,,0,ZAR,2026-07-16T11:00:00Z,,,2026-06-30T00:00:00Z
ocds-9t57fa-160582,SASSA:24-26-FASS-KZN,South African Social Security Agency,KwaZulu-Natal,complete,['Security services'],"[{'industry': 'Security services', 'score': 1.0, 'reasons': [""category field contains 'security services'""]}]",False,,0,ZAR,2026-07-16T11:00:00Z,,,2026-06-30T00:00:00Z
ocds-9t57fa-160585,SASSA:25-26-FASS-KZN,South African Social Security Agency,KwaZulu-Natal,complete,['Security services'],"[{'industry': 'Security services', 'score': 1.0, 'reasons': [""category field contains 'security services'""]}]",False,,0,ZAR,2026-07-16T11:00:00Z,,,2026-06-30T00:00:00Z
ocds-9t57fa-160587,SASSA:26-26-FASS-KZN,South African Social Security Agency,KwaZulu-Natal,complete,['Security services'],"[{'industry': 'Security services', 'score': 1.0, 'reasons': [""category field contains 'security services'""]}]",False,,0,ZAR,2026-07-16T11:00:00Z,,,2026-06-30T00:00:00Z
ocds-9t57fa-160588,SASSA;27-26-FASS-KZN,South African Social Security Agency,KwaZulu-Natal,complete,['Security services'],"[{'industry': 'Security services', 'score': 1.0, 'reasons': [""category field contains 'security services'""]}]",False,,0,ZAR,2026-07-16T11:00:00Z,,,2026-06-30T00:00:00Z
ocds-9t57fa-160589,SASSA:28-26-FASS-KZN,South African Social Security Agency,KwaZulu-Natal,complete,['Security services'],"[{'industry': 'Security services', 'score': 1.0, 'reasons': [""category field contains 'security services'""]}]",False,,0,ZAR,2026-07-16T11:00:00Z,,,2026-06-30T00:00:00Z
ocds-9t57fa-160590,SASSA:29-26-FASS-KZN,South African Social Security Agency,KwaZulu-Natal,complete,['Security services'],"[{'industry': 'Security services', 'score': 1.0, 'reasons': [""category field contains 'security services'""]}]",False,,0,ZAR,2026-07-16T11:00:00Z,,,2026-06-30T00:00:00Z
ocds-9t57fa-160591,SASSA:22-26-FASS-KZN,South African Social Security Agency,KwaZulu-Natal,complete,['Security services'],"[{'industry': 'Security services', 'score': 1.0, 'reasons': [""category field contains 'security services'""]}]",False,,0,ZAR,2026-07-16T11:00:00Z,,,2026-06-30T00:00:00Z
ocds-9t57fa-160593,SASSA:30-26-FASS-KZN,South African Social Security Agency,KwaZulu-Natal,complete,['Security services'],"[{'industry': 'Security services', 'score': 1.0, 'reasons': [""category field contains 'security services'""]}]",False,,0,ZAR,2026-07-16T11:00:00Z,,,2026-06-30T00:00:00Z
ocds-9t57fa-160595,SASSA:31-26-FASS-KZN,South African Social Security Agency,KwaZulu-Natal,complete,['Security services'],"[{'industry': 'Security services', 'score': 1.0, 'reasons': [""category field contains 'security services'""]}]",False,,0,ZAR,2026-07-16T11:00:00Z,,,2026-06-30T00:00:00Z
ocds-9t57fa-160596,SASSA:32-26-FASS-KZN,South African Social Security Agency,KwaZulu-Natal,complete,['Security services'],"[{'industry': 'Security services', 'score': 1.0, 'reasons': [""category field contains 'security services'""]}]",False,,0,ZAR,2026-07-16T11:00:00Z,,,2026-06-30T00:00:00Z
ocds-9t57fa-160697,NW381/BTO06-12/2025/2026 ,Ratlou Local Municipality,North West,complete,['Professional & consulting services'],"[{'industry': 'Professional & consulting services', 'score': 1.0, 'reasons': [""category field contains 'consulting'""]}]",False,,0,ZAR,2026-07-16T11:00:00Z,,,2026-06-30T00:00:00Z
ocds-9t57fa-160670,RFQ-12013,Airports Company of South Africa,Eastern Cape,complete,['Agriculture'],"[{'industry': 'Agriculture', 'score': 0.87, 'reasons': [""text fuzzy-matches 'agriculture' (similarity 0.87)""]}]",False,,0,ZAR,2026-07-17T14:00:00Z,,,2026-06-30T00:00:00Z
ocds-9t57fa-160709,E3116GXN,ESKOM,National,complete,['Other / uncategorised'],"[{'industry': 'Other / uncategorised', 'score': 0.0, 'reasons': []}]",False,,0,ZAR,2026-07-20T10:00:00Z,,,2026-06-30T00:00:00Z
ocds-9t57fa-160761,E2858GXMPKEN,ESKOM,Mpumalanga,complete,['Mining & resources'],"[{'industry': 'Mining & resources', 'score': 1.0, 'reasons': [""text fuzzy-matches 'coal' (similarity 1.00)""]}]",False,,0,ZAR,2026-07-20T10:00:00Z,,,2026-06-30T00:00:00Z
ocds-9t57fa-160648,PU8215/038,Purchasing Consortium Southern Africa (PURCOSA),Free State,complete,['Supply of goods'],"[{'industry': 'Supply of goods', 'score': 1.0, 'reasons': [""category field contains 'stationery'""]}]",False,,0,ZAR,2026-07-20T11:00:00Z,,,2026-06-30T00:00:00Z
ocds-9t57fa-160724,E3167DXWCOU ,ESKOM,Western Cape,complete,['Other / uncategorised'],"[{'industry': 'Other / uncategorised', 'score': 0.0, 'reasons': []}]",False,,0,ZAR,2026-07-21T10:00:00Z,,,2026-06-30T00:00:00Z
ocds-9t57fa-160649,PU4711/001,Purchasing Consortium Southern Africa (PURCOSA),National,complete,['Other / uncategorised'],"[{'industry': 'Other / uncategorised', 'score': 0.0, 'reasons': []}]",False,,0,ZAR,2026-07-21T11:00:00Z,,,2026-06-30T00:00:00Z
ocds-9t57fa-160713,TNPA/2026/06/1128/6293/RFQ,Transnet SOC Ltd,Eastern Cape,complete,['Other / uncategorised'],"[{'industry': 'Other / uncategorised', 'score': 0.0, 'reasons': []}]",False,,0,ZAR,2026-07-21T16:00:00Z,,,2026-06-30T00:00:00Z
ocds-9t57fa-161301,SSP-117,Council for Scientific and Industrial Research (CSIR),Western Cape,active,['ICT & telecommunications'],"[{'industry': 'ICT & telecommunications', 'score': 1.0, 'reasons': [""text fuzzy-matches 'software' (similarity 1.00)""]}]",False,,0,ZAR,2026-06-30T11:00:00Z,,15801000.0,2026-06-29T00:00:00Z
ocds-9t57fa-161425,SIN-066,Council for Scientific and Industrial Research (CSIR),Gauteng,active,['ICT & telecommunications'],"[{'industry': 'ICT & telecommunications', 'score': 0.89, 'reasons': [""text fuzzy-matches 'fibre' (similarity 0.89)""]}]",False,,0,ZAR,2026-06-30T11:00:00Z,,46518926.0,2026-06-29T00:00:00Z
ocds-9t57fa-161432,SIN-092,Council for Scientific and Industrial Research (CSIR),Gauteng,active,"['Construction & civil', 'ICT & telecommunications', 'Professional & consulting services']","[{'industry': 'Construction & civil', 'score': 1.0, 'reasons': [""text fuzzy-matches 'structural' (similarity 1.00)""]}, {'industry': 'ICT & telecommunications', 'score': 1.0, 'reasons': [""text fuzzy-matches 'network' (similarity 1.00)""]}, {'industry': 'Professional & consulting services', 'score': 1.0, 'reasons': [""category field contains 'consulting'""]}]",False,,0,ZAR,2026-06-30T11:00:00Z,,34938965.0,2026-06-29T00:00:00Z
ocds-9t57fa-161437,SSP-120,Council for Scientific and Industrial Research (CSIR),Gauteng,active,['Other / uncategorised'],"[{'industry': 'Other / uncategorised', 'score': 0.0, 'reasons': []}]",False,,0,ZAR,2026-06-30T11:00:00Z,,61296686.0,2026-06-29T00:00:00Z
ocds-9t57fa-163510,SIN-107,Council for Scientific and Industrial Research (CSIR),Gauteng,active,['Other / uncategorised'],"[{'industry': 'Other / uncategorised', 'score': 0.0, 'reasons': []}]",False,,0,ZAR,2026-06-30T11:00:00Z,,6217142.0,2026-06-29T00:00:00Z
ocds-9t57fa-166093,DEV001,SOUTH AFRICAN HEALTH PRODUCTS REGULATORY AUTHORITY,National,active,['Professional & consulting services'],"[{'industry': 'Professional & consulting services', 'score': 1.0, 'reasons': [""category field contains 'consulting'""]}]",False,2027-05-31T00:00:00Z,0,ZAR,2026-06-30T11:00:00Z,,2910894855.0,2026-06-29T00:00:00Z
ocds-9t57fa-160705,MWP2820NTCSA,Eskom National Transmission Company of South Africa,Gauteng,active,['Professional & consulting services'],"[{'industry': 'Professional & consulting services', 'score': 1.0, 'reasons': [""category field contains 'consulting'""]}]",False,2026-07-10T00:00:00Z,0,ZAR,2026-06-30T14:00:00Z,,41446960.0,2026-06-29T00:00:00Z
ocds-9t57fa-160781,NDA02/DEVI02/26,National Development Agency,Gauteng,active,['Professional & consulting services'],"[{'industry': 'Professional & consulting services', 'score': 1.0, 'reasons': [""category field contains 'consulting'""]}]",False,,0,ZAR,2026-07-01T09:00:00Z,,13256996.0,2026-06-29T00:00:00Z
ocds-9t57fa-162237,ICT/Submission/2026341SS04,Agricultural Research Council,Gauteng,active,['Professional & consulting services'],"[{'industry': 'Professional & consulting services', 'score': 1.0, 'reasons': [""category field contains 'consulting'""]}]",False,,0,ZAR,2026-07-01T11:00:00Z,,636528759.0,2026-06-29T00:00:00Z
ocds-9t57fa-160607,RFQ 29-06-2026,National Arts Council of South Africa,Gauteng,active,['Other / uncategorised'],"[{'industry': 'Other / uncategorised', 'score': 0.0, 'reasons': []}]",False,,0,ZAR,2026-07-03T12:00:00Z,,720099.0,2026-06-29T00:00:00Z
ocds-9t57fa-160529,LTAQ001-26/27,Limpopo - Limpopo Tourism Agency,Limpopo,active,['Other / uncategorised'],"[{'industry': 'Other / uncategorised', 'score': 0.0, 'reasons': []}]",False,,0,ZAR,2026-07-06T12:00:00Z,,93702199.0,2026-06-29T00:00:00Z
ocds-9t57fa-160605,ZNQ 11 (N) 26,Public Works,KwaZulu-Natal,active,['Supply of goods'],"[{'industry': 'Supply of goods', 'score': 0.97, 'reasons': [""text fuzzy-matches 'supply and delivery' (similarity 0.97)""]}]",False,,0,ZAR,2026-07-07T11:00:00Z,,2695890.0,2026-06-29T00:00:00Z
ocds-9t57fa-164045,SS 2026/65210/1027/009,South African National Roads Agency Soc Limited (SANRAL),KwaZulu-Natal,active,['Construction & civil'],"[{'industry': 'Construction & civil', 'score': 0.89, 'reasons': [""text fuzzy-matches 'roads' (similarity 0.89)""]}]",False,,0,ZAR,2026-07-07T11:00:00Z,,418800.0,2026-06-29T00:00:00Z
ocds-9t57fa-165047,POU0000586,Justice & Constitutional Development,Gauteng,active,['Other / uncategorised'],"[{'industry': 'Other / uncategorised', 'score': 0.0, 'reasons': []}]",False,,0,ZAR,2026-07-08T16:00:00Z,,11758273.0,2026-06-29T00:00:00Z
ocds-9t57fa-164880,RFQ129-2026,National Treasury,National,active,['Professional & consulting services'],"[{'industry': 'Professional & consulting services', 'score': 1.0, 'reasons': [""category field contains 'consulting'""]}]",False,2029-08-06T00:00:00Z,0,ZAR,2026-07-10T16:00:00Z,,6210000.0,2026-06-29T00:00:00Z
ocds-9t57fa-165063,SS 2026/65210/1027/010,South African National Roads Agency Soc Limited (SANRAL),KwaZulu-Natal,active,['Other / uncategorised'],"[{'industry': 'Other / uncategorised', 'score': 0.0, 'reasons': []}]",False,,0,ZAR,2026-07-20T11:00:00Z,,134000.0,2026-06-29T00:00:00Z
ocds-9t57fa-160630,ZNT 2071/2026 LG,Kwazulu Natal - Cooperative Governance and Traditional Affairs,KwaZulu-Natal,active,['Transport & logistics'],"[{'industry': 'Transport & logistics', 'score': 1.0, 'reasons': [""category field contains 'transport'""]}]",False,,0,ZAR,2026-07-28T11:00:00Z,,5830000.0,2026-06-29T00:00:00Z
ocds-9t57fa-160630,ZNT 2071/2026 LG,Kwazulu Natal - Cooperative Governance and Traditional Affairs,KwaZulu-Natal,active,['Transport & logistics'],"[{'industry': 'Transport & logistics', 'score': 1.0, 'reasons': [""category field contains 'transport'""]}]",False,,0,ZAR,2026-07-28T11:00:00Z,,5990000.0,2026-06-29T00:00:00Z
ocds-9t57fa-159682,SCMU8 - 26/27 - 0099,Eastern Cape - Agriculture,Eastern Cape,active,['Supply of goods'],"[{'industry': 'Supply of goods', 'score': 1.0, 'reasons': [""text fuzzy-matches 'supply and delivery' (similarity 1.00)""]}]",False,,0,ZAR,2026-07-21T11:00:00Z,,6720000.0,2026-06-28T00:00:00Z
ocds-9t57fa-160506,RFQ/Aircon/05/26,Land and Agricultural Development Bank of South Africa,Gauteng,complete,['Other / uncategorised'],"[{'industry': 'Other / uncategorised', 'score': 0.0, 'reasons': []}]",False,,0,ZAR,2026-07-01T14:00:00Z,,,2026-06-27T00:00:00Z
ocds-9t57fa-160499,API012606RFQ00000018,Agricultural Research Council,Gauteng,complete,['Other / uncategorised'],"[{'industry': 'Other / uncategorised', 'score': 0.0, 'reasons': []}]",False,,0,ZAR,2026-07-03T14:00:00Z,,,2026-06-27T00:00:00Z
ocds-9t57fa-160500,API012606RFQ00000038,Agricultural Research Council,Gauteng,complete,['Construction & civil'],"[{'industry': 'Construction & civil', 'score': 2.0, 'reasons': [""category field contains 'construction'"", ""text fuzzy-matches 'building' (similarity 1.00)""]}]",False,,0,ZAR,2026-07-06T14:00:00Z,,,2026-06-27T00:00:00Z
ocds-9t57fa-160509,ATNS/RFP01/05/2026/27/FACT_WORKSHOP_REFURB ,Air Traffic and Navigation Services Company Limited,Western Cape,complete,['Construction & civil'],"[{'industry': 'Construction & civil', 'score': 1.0, 'reasons': [""category field contains 'construction'""]}]",False,,0,ZAR,2026-07-22T11:00:00Z,,,2026-06-27T00:00:00Z
ocds-9t57fa-160507,ATNS/RFP19/06/2026/27/ICT_END-USER_COMPUTING_Com_ ,Air Traffic and Navigation Services Company Limited,National,complete,['Other / uncategorised'],"[{'industry': 'Other / uncategorised', 'score': 0.0, 'reasons': []}]",False,,0,ZAR,2026-07-24T11:00:00Z,,,2026-06-27T00:00:00Z
ocds-9t57fa-160510,MMM/BID820: 2025/2026,Mangaung Metropolitan Municipality,Free State,complete,['Other / uncategorised'],"[{'industry': 'Other / uncategorised', 'score': 0.0, 'reasons': []}]",False,,0,ZAR,2026-07-28T11:30:00Z,,,2026-06-27T00:00:00Z
ocds-9t57fa-160511,ATNS/FACT/RFP03/04/2026/27/HVAC_SSS - Gen_2020_386,Air Traffic and Navigation Services Company Limited,Western Cape,complete,"['Mechanical & HVAC', 'Construction & civil']","[{'industry': 'Mechanical & HVAC', 'score': 1.96, 'reasons': [""category field contains 'air conditioning'"", ""text fuzzy-matches 'ventilation' (similarity 0.96)""]}, {'industry': 'Construction & civil', 'score': 0.94, 'reasons': [""text fuzzy-matches 'building' (similarity 0.94)""]}]",False,,0,ZAR,2026-07-29T11:00:00Z,,,2026-06-27T00:00:00Z
ocds-9t57fa-160319,291G/2025/26,City of Cape Town,Western Cape,complete,['Supply of goods'],"[{'industry': 'Supply of goods', 'score': 1.0, 'reasons': [""text fuzzy-matches 'supply and delivery' (similarity 1.00)""]}]",False,,0,ZAR,2026-07-30T10:00:00Z,,,2026-06-27T00:00:00Z
ocds-9t57fa-160501,ATNS/RFP04/06/2026/27/IT_IDAM,Air Traffic and Navigation Services Company Limited,National,complete,['Other / uncategorised'],"[{'industry': 'Other / uncategorised', 'score': 0.0, 'reasons': []}]",False,,0,ZAR,2026-07-30T11:00:00Z,,,2026-06-27T00:00:00Z
ocds-9t57fa-162367,Magalies Water - Deviation 17,Magalies Water,North West,active,['Water & sanitation'],"[{'industry': 'Water & sanitation', 'score': 1.0, 'reasons': [""text fuzzy-matches 'water treatment' (similarity 1.00)""]}]",False,,0,ZAR,2026-06-27T11:00:00Z,,757641000.0,2026-06-26T00:00:00Z
ocds-9t57fa-160374,PR0000016107,Automotive Industry Development Centre (AIDC),Gauteng,active,['Transport & logistics'],"[{'industry': 'Transport & logistics', 'score': 2.0, 'reasons': [""category field contains 'transport'"", ""text fuzzy-matches 'logistics' (similarity 1.00)""]}]",False,,0,ZAR,2026-07-01T11:00:00Z,,1985000.0,2026-06-26T00:00:00Z
ocds-9t57fa-165043,POU000057B,Justice & Constitutional Development,Gauteng,active,['Supply of goods'],"[{'industry': 'Supply of goods', 'score': 2.0, 'reasons': [""category field contains 'stationery'"", ""text fuzzy-matches 'stationery' (similarity 1.00)""]}]",False,,0,ZAR,2026-07-03T16:00:00Z,,10879880.0,2026-06-26T00:00:00Z
ocds-9t57fa-162429,POU00004BF,Justice & Constitutional Development,Northern Cape,active,['Other / uncategorised'],"[{'industry': 'Other / uncategorised', 'score': 0.0, 'reasons': []}]",False,,0,ZAR,2026-07-07T11:00:00Z,,1040580.0,2026-06-26T00:00:00Z
ocds-9t57fa-160342,PR 10371716,Passenger Rail Agency of South Africa,Western Cape,active,['Supply of goods'],"[{'industry': 'Supply of goods', 'score': 1.0, 'reasons': [""text fuzzy-matches 'supply and delivery' (similarity 1.00)""]}]",False,,0,ZAR,2026-07-10T11:00:00Z,,10710000.0,2026-06-26T00:00:00Z
ocds-9t57fa-160065,SCMU8 - 26/27 - 0104,Eastern Cape - Agriculture,Eastern Cape,active,['Supply of goods'],"[{'industry': 'Supply of goods', 'score': 1.0, 'reasons': [""text fuzzy-matches 'supply and delivery' (similarity 1.00)""]}]",False,,0,ZAR,2026-07-14T11:00:00Z,,768300.0,2026-06-26T00:00:00Z
ocds-9t57fa-160065,SCMU8 - 26/27 - 0104,Eastern Cape - Agriculture,Eastern Cape,active,['Supply of goods'],"[{'industry': 'Supply of goods', 'score': 1.0, 'reasons': [""text fuzzy-matches 'supply and delivery' (similarity 1.00)""]}]",False,,0,ZAR,2026-07-14T11:00:00Z,,768300.0,2026-06-26T00:00:00Z
ocds-9t57fa-160197,RFB 07 2025 (01),Justice & Constitutional Development,Mpumalanga,active,['Security services'],"[{'industry': 'Security services', 'score': 1.0, 'reasons': [""category field contains 'security services'""]}]",False,2029-04-30T00:00:00Z,0,ZAR,2026-06-26T08:00:00Z,,898519798.0,2026-06-25T00:00:00Z
ocds-9t57fa-160198,RFB 07 2025 (02),Justice & Constitutional Development,Free State,active,['Security services'],"[{'industry': 'Security services', 'score': 1.0, 'reasons': [""category field contains 'security services'""]}]",False,2029-04-30T00:00:00Z,0,ZAR,2026-06-26T08:00:00Z,,672553750.0,2026-06-25T00:00:00Z
ocds-9t57fa-160930,SCD3695/2025,Overstrand Municipality,Western Cape,active,['Electrical'],"[{'industry': 'Electrical', 'score': 1.0, 'reasons': [""text fuzzy-matches 'electrical' (similarity 1.00)""]}]",False,,0,ZAR,2026-06-26T11:00:00Z,,7740000.0,2026-06-25T00:00:00Z
ocds-9t57fa-161430,SIN-091,Council for Scientific and Industrial Research (CSIR),Gauteng,active,['Other / uncategorised'],"[{'industry': 'Other / uncategorised', 'score': 0.0, 'reasons': []}]",False,,0,ZAR,2026-06-26T11:00:00Z,,1104000.0,2026-06-25T00:00:00Z
ocds-9t57fa-163665,DSM  22/26,Stellenbosch Municipality,Western Cape,active,['Other / uncategorised'],"[{'industry': 'Other / uncategorised', 'score': 0.0, 'reasons': []}]",False,,0,ZAR,2026-06-26T11:00:00Z,,100.0,2026-06-25T00:00:00Z
ocds-9t57fa-163666,DSM 23/26,Stellenbosch Municipality,Western Cape,active,['Other / uncategorised'],"[{'industry': 'Other / uncategorised', 'score': 0.0, 'reasons': []}]",False,,0,ZAR,2026-06-26T11:00:00Z,,100.0,2026-06-25T00:00:00Z
ocds-9t57fa-163667,DSM 24/26,Stellenbosch Municipality,Western Cape,active,"['Professional & consulting services', 'Cleaning & facilities']","[{'industry': 'Professional & consulting services', 'score': 1.0, 'reasons': [""category field contains 'consulting'""]}, {'industry': 'Cleaning & facilities', 'score': 0.91, 'reasons': [""text fuzzy-matches 'hygiene services' (similarity 0.91)""]}]",False,,0,ZAR,2026-06-26T11:00:00Z,,100.0,2026-06-25T00:00:00Z
ocds-9t57fa-160662,DEV 12 2026/27,Special Investigation Unit,Gauteng,active,['Other / uncategorised'],"[{'industry': 'Other / uncategorised', 'score': 0.0, 'reasons': []}]",False,,0,ZAR,2026-06-29T09:00:00Z,,103500.0,2026-06-25T00:00:00Z
ocds-9t57fa-168784,EX 18-2026,South African Revenue Service,Gauteng,active,['Water & sanitation'],"[{'industry': 'Water & sanitation', 'score': 1.0, 'reasons': [""category field contains 'sewer'""]}]",True,0001-01-01T00:00:00Z,0,ZAR,2026-06-30T11:00:00Z,,18483587.0,2026-06-25T00:00:00Z
ocds-9t57fa-160221,PRASA/CITYTOCITY/ENGINEPRO/05/20 26,Passenger Rail Agency of South Africa,Gauteng,active,['Other / uncategorised'],"[{'industry': 'Other / uncategorised', 'score': 0.0, 'reasons': []}]",False,,0,ZAR,2026-07-02T12:00:00Z,,8488298.0,2026-06-25T00:00:00Z
ocds-9t57fa-160183,ECR/ICT/09/06/2026,Passenger Rail Agency of South Africa,Eastern Cape,active,['Supply of goods'],"[{'industry': 'Supply of goods', 'score': 1.0, 'reasons': [""text fuzzy-matches 'supply and delivery' (similarity 1.00)""]}]",False,,0,ZAR,2026-07-03T12:00:00Z,,24259825.0,2026-06-25T00:00:00Z
ocds-9t57fa-160283,NCC/03/2026/2027,National Consumer Commission,Gauteng,active,['Professional & consulting services'],"[{'industry': 'Professional & consulting services', 'score': 1.0, 'reasons': [""category field contains 'consulting'""]}]",False,,0,ZAR,2026-07-17T14:00:00Z,,123880024.0,2026-06-25T00:00:00Z
ocds-9t57fa-160283,NCC/03/2026/2027,National Consumer Commission,Gauteng,active,['Professional & consulting services'],"[{'industry': 'Professional & consulting services', 'score': 1.0, 'reasons': [""category field contains 'consulting'""]}]",False,,0,ZAR,2026-07-17T14:00:00Z,,123880024.0,2026-06-25T00:00:00Z
ocds-9t57fa-160320,REQ 4469,South African Weather Service,Gauteng,active,"['ICT & telecommunications', 'Professional & consulting services']","[{'industry': 'ICT & telecommunications', 'score': 1.0, 'reasons': [""text fuzzy-matches 'network' (similarity 1.00)""]}, {'industry': 'Professional & consulting services', 'score': 1.0, 'reasons': [""category field contains 'consulting'""]}]",False,2029-06-30T00:00:00Z,0,ZAR,2026-06-25T11:00:00Z,,222805764.0,2026-06-24T00:00:00Z
ocds-9t57fa-160927,EX 11/2026,South African Revenue Service,North West,active,['Other / uncategorised'],"[{'industry': 'Other / uncategorised', 'score': 0.0, 'reasons': []}]",False,2030-09-30T00:00:00Z,0,ZAR,2026-06-25T11:00:00Z,,3046201413.0,2026-06-24T00:00:00Z
ocds-9t57fa-160949,EX 12/2026,South African Revenue Service,Gauteng,active,['Other / uncategorised'],"[{'industry': 'Other / uncategorised', 'score': 0.0, 'reasons': []}]",False,2028-12-31T00:00:00Z,0,ZAR,2026-06-25T11:00:00Z,,924955326.0,2026-06-24T00:00:00Z
ocds-9t57fa-163664,DSM 20/26,Stellenbosch Municipality,Western Cape,active,['Other / uncategorised'],"[{'industry': 'Other / uncategorised', 'score': 0.0, 'reasons': []}]",False,,0,ZAR,2026-06-25T11:00:00Z,,233524088.0,2026-06-24T00:00:00Z
ocds-9t57fa-164050,SS 2026/65210/1027/012,South African National Roads Agency Soc Limited (SANRAL),KwaZulu-Natal,active,['Construction & civil'],"[{'industry': 'Construction & civil', 'score': 1.0, 'reasons': [""text fuzzy-matches 'construction' (similarity 1.00)""]}]",False,,0,ZAR,2026-06-26T11:00:00Z,,28150.0,2026-06-24T00:00:00Z
ocds-9t57fa-163880,POU00004W9,Justice & Constitutional Development,Gauteng,active,['Construction & civil'],"[{'industry': 'Construction & civil', 'score': 1.0, 'reasons': [""category field contains 'construction'""]}]",False,,0,ZAR,2026-06-29T16:00:00Z,,14898938.0,2026-06-24T00:00:00Z
ocds-9t57fa-162303,DEV 011 2026/27,Special Investigation Unit,Gauteng,active,['Other / uncategorised'],"[{'industry': 'Other / uncategorised', 'score': 0.0, 'reasons': []}]",False,,0,ZAR,2026-07-02T12:00:00Z,,217030.0,2026-06-24T00:00:00Z
ocds-9t57fa-160013,RFQ BB 42/2026,South Cape TVET College,Western Cape,active,"['Professional & consulting services', 'Construction & civil']","[{'industry': 'Professional & consulting services', 'score': 1.0, 'reasons': [""category field contains 'consulting'""]}, {'industry': 'Construction & civil', 'score': 0.94, 'reasons': [""text fuzzy-matches 'building' (similarity 0.94)""]}]",False,,0,ZAR,2026-07-07T11:00:00Z,,3813285.0,2026-06-24T00:00:00Z
ocds-9t57fa-160095,PPA - 147685,Transnet SOC Ltd,KwaZulu-Natal,active,['Construction & civil'],"[{'industry': 'Construction & civil', 'score': 1.0, 'reasons': [""category field contains 'construction'""]}]",False,,0,ZAR,2026-07-09T12:00:00Z,,5265000.0,2026-06-24T00:00:00Z
ocds-9t57fa-161934,3100041488,South African Revenue Service,Gauteng,cancelled,['Professional & consulting services'],"[{'industry': 'Professional & consulting services', 'score': 1.0, 'reasons': [""category field contains 'consulting'""]}]",False,2026-08-31T00:00:00Z,0,ZAR,2026-06-30T11:00:00Z,,3082000.0,2026-06-24T00:00:00Z
ocds-9t57fa-163953,REQ4539,South African Weather Service,Gauteng,complete,['Other / uncategorised'],"[{'industry': 'Other / uncategorised', 'score': 0.0, 'reasons': []}]",False,,0,ZAR,2026-06-25T11:00:00Z,,,2026-06-24T00:00:00Z
ocds-9t57fa-160097,1 - Medical Supplies,South African Nuclear Energy Corporation Limited,North West,complete,['Health & medical'],"[{'industry': 'Health & medical', 'score': 1.0, 'reasons': [""text fuzzy-matches 'medical' (similarity 1.00)""]}]",False,,0,ZAR,2026-06-26T12:00:00Z,,,2026-06-24T00:00:00Z
ocds-9t57fa-159992,SCMP 09/06/01R,The Presidency,Gauteng,complete,['Supply of goods'],"[{'industry': 'Supply of goods', 'score': 1.0, 'reasons': [""category field contains 'stationery'""]}]",False,,0,ZAR,2026-06-26T18:00:00Z,,,2026-06-24T00:00:00Z
ocds-9t57fa-160016,E1156GXMPCAM00,ESKOM,Mpumalanga,complete,['Other / uncategorised'],"[{'industry': 'Other / uncategorised', 'score': 0.0, 'reasons': []}]",False,,0,ZAR,2026-06-30T10:00:00Z,,,2026-06-24T00:00:00Z
ocds-9t57fa-160087,E15590NTCSAMWP,ESKOM,National,complete,['Supply of goods'],"[{'industry': 'Supply of goods', 'score': 1.0, 'reasons': [""text fuzzy-matches 'supply and delivery' (similarity 1.00)""]}]",False,,0,ZAR,2026-06-30T10:00:00Z,,,2026-06-24T00:00:00Z
ocds-9t57fa-160091,MWP29470NTCSA,ESKOM,National,complete,['Construction & civil'],"[{'industry': 'Construction & civil', 'score': 1.0, 'reasons': [""category field contains 'construction'""]}]",False,,0,ZAR,2026-06-30T10:00:00Z,,,2026-06-24T00:00:00Z
ocds-9t57fa-160094,E15820NTCSAGP,ESKOM,National,complete,['Supply of goods'],"[{'industry': 'Supply of goods', 'score': 1.0, 'reasons': [""text fuzzy-matches 'supply and delivery' (similarity 1.00)""]}]",False,,0,ZAR,2026-06-30T10:00:00Z,,,2026-06-24T00:00:00Z
ocds-9t57fa-160063,RFQ/EC/CETC/FPM/01/06/2026,Eastern Cape CET College,Eastern Cape,complete,['Other / uncategorised'],"[{'industry': 'Other / uncategorised', 'score': 0.0, 'reasons': []}]",False,,0,ZAR,2026-06-30T11:00:00Z,,,2026-06-24T00:00:00Z
ocds-9t57fa-161380,CCMADIV-26-07,Commission for Conciliation Mediation & Arbitration,National,complete,['Other / uncategorised'],"[{'industry': 'Other / uncategorised', 'score': 0.0, 'reasons': []}]",False,,0,ZAR,2026-06-30T11:00:00Z,,,2026-06-24T00:00:00Z
ocds-9t57fa-160023,10371899 10372081,Passenger Rail Agency of South Africa,Gauteng,complete,['Other / uncategorised'],"[{'industry': 'Other / uncategorised', 'score': 0.0, 'reasons': []}]",False,,0,ZAR,2026-06-30T12:00:00Z,,,2026-06-24T00:00:00Z
ocds-9t57fa-160068,9/1/1 - RFQ127/2025/26,Nongoma Local Municipality,KwaZulu-Natal,complete,['Professional & consulting services'],"[{'industry': 'Professional & consulting services', 'score': 1.0, 'reasons': [""category field contains 'consulting'""]}]",False,,0,ZAR,2026-06-30T12:00:00Z,,,2026-06-24T00:00:00Z
ocds-9t57fa-160129,HOACES VAR 57358,Transnet SOC Ltd,National,complete,"['Electrical', 'Supply of goods']","[{'industry': 'Electrical', 'score': 1.0, 'reasons': [""category field contains 'electrical'""]}, {'industry': 'Supply of goods', 'score': 1.0, 'reasons': [""text fuzzy-matches 'supply and delivery' (similarity 1.00)""]}]",False,,0,ZAR,2026-07-01T10:00:00Z,,,2026-06-24T00:00:00Z
ocds-9t57fa-160088,RFQ44/26/FM .,South African Social Security Agency,Gauteng,complete,['Professional & consulting services'],"[{'industry': 'Professional & consulting services', 'score': 1.0, 'reasons': [""category field contains 'consulting'""]}]",False,,0,ZAR,2026-07-01T11:00:00Z,,,2026-06-24T00:00:00Z
ocds-9t57fa-164017,REQ0000001998,Public Protector South Africa,National,complete,['Other / uncategorised'],"[{'industry': 'Other / uncategorised', 'score': 0.0, 'reasons': []}]",False,,0,ZAR,2026-07-01T11:00:00Z,,,2026-06-24T00:00:00Z
ocds-9t57fa-160049,TMT-ECDOE-26/27- FLUSH-CL6RR3,THE MVULA TRUST,Eastern Cape,complete,['Construction & civil'],"[{'industry': 'Construction & civil', 'score': 2.0, 'reasons': [""category field contains 'construction'"", ""text fuzzy-matches 'construction' (similarity 1.00)""]}]",False,,0,ZAR,2026-07-01T12:00:00Z,,,2026-06-24T00:00:00Z
ocds-9t57fa-160108,IHLM/208/2025-26/MM's,Ingquza Hill Local Municipality,Eastern Cape,complete,['Other / uncategorised'],"[{'industry': 'Other / uncategorised', 'score': 0.0, 'reasons': []}]",False,,0,ZAR,2026-07-01T12:00:00Z,,,2026-06-24T00:00:00Z
ocds-9t57fa-160041,VCW25/0533M,Vaal Central Water,Free State,complete,['Professional & consulting services'],"[{'industry': 'Professional & consulting services', 'score': 1.0, 'reasons': [""category field contains 'consulting'""]}]",False,,0,ZAR,2026-07-02T12:00:00Z,,,2026-06-24T00:00:00Z
ocds-9t57fa-160014,E2486GXMPCAM00,ESKOM,Mpumalanga,complete,['Other / uncategorised'],"[{'industry': 'Other / uncategorised', 'score': 0.0, 'reasons': []}]",False,,0,ZAR,2026-07-03T10:00:00Z,,,2026-06-24T00:00:00Z
ocds-9t57fa-160019,E1356GXMPCAM00,ESKOM,Mpumalanga,complete,['ICT & telecommunications'],"[{'industry': 'ICT & telecommunications', 'score': 0.89, 'reasons': [""text fuzzy-matches 'fibre' (similarity 0.89)""]}]",False,,0,ZAR,2026-07-03T10:00:00Z,,,2026-06-24T00:00:00Z
ocds-9t57fa-160050,OLT2128195,ESKOM,Mpumalanga,complete,['Other / uncategorised'],"[{'industry': 'Other / uncategorised', 'score': 0.0, 'reasons': []}]",False,,0,ZAR,2026-07-03T10:00:00Z,,,2026-06-24T00:00:00Z
ocds-9t57fa-160126,MAPW RFQ 064/2025/26,Maluti-a-Phofung Water,Free State,complete,"['Water & sanitation', 'Supply of goods']","[{'industry': 'Water & sanitation', 'score': 1.0, 'reasons': [""category field contains 'sewer'""]}, {'industry': 'Supply of goods', 'score': 1.0, 'reasons': [""text fuzzy-matches 'supply and delivery' (similarity 1.00)""]}]",False,,0,ZAR,2026-07-03T10:00:00Z,,,2026-06-24T00:00:00Z
ocds-9t57fa-160127,MAPW RFQ 065/2025/26,Maluti-a-Phofung Water,Free State,complete,"['Water & sanitation', 'Supply of goods']","[{'industry': 'Water & sanitation', 'score': 1.0, 'reasons': [""category field contains 'sewer'""]}, {'industry': 'Supply of goods', 'score': 1.0, 'reasons': [""text fuzzy-matches 'supply and delivery' (similarity 1.00)""]}]",False,,0,ZAR,2026-07-03T10:00:00Z,,,2026-06-24T00:00:00Z
ocds-9t57fa-160128,MAPW RFQ 066/2025/26,Maluti-a-Phofung Water,Free State,complete,"['Water & sanitation', 'Supply of goods']","[{'industry': 'Water & sanitation', 'score': 1.0, 'reasons': [""category field contains 'sewer'""]}, {'industry': 'Supply of goods', 'score': 1.0, 'reasons': [""text fuzzy-matches 'supply and delivery' (similarity 1.00)""]}]",False,,0,ZAR,2026-07-03T10:00:00Z,,,2026-06-24T00:00:00Z
ocds-9t57fa-160131,MAPW RFQ 068/2025/26,Maluti-a-Phofung Water,Free State,complete,"['Cleaning & facilities', 'Water & sanitation']","[{'industry': 'Cleaning & facilities', 'score': 1.0, 'reasons': [""text fuzzy-matches 'hygiene services' (similarity 1.00)""]}, {'industry': 'Water & sanitation', 'score': 1.0, 'reasons': [""category field contains 'sewer'""]}]",False,,0,ZAR,2026-07-03T10:00:00Z,,,2026-06-24T00:00:00Z
ocds-9t57fa-160132,MAPW RFQ 069/2025/26,Maluti-a-Phofung Water,Free State,complete,['Water & sanitation'],"[{'industry': 'Water & sanitation', 'score': 1.0, 'reasons': [""category field contains 'sewer'""]}]",False,,0,ZAR,2026-07-03T10:00:00Z,,,2026-06-24T00:00:00Z
ocds-9t57fa-160134,MAPW RFQ 070/2025/26,Maluti-a-Phofung Water,Free State,complete,"['Water & sanitation', 'Supply of goods']","[{'industry': 'Water & sanitation', 'score': 2.0, 'reasons': [""category field contains 'sewer'"", ""text fuzzy-matches 'water treatment' (similarity 1.00)""]}, {'industry': 'Supply of goods', 'score': 1.0, 'reasons': [""text fuzzy-matches 'supply and delivery' (similarity 1.00)""]}]",False,,0,ZAR,2026-07-03T10:00:00Z,,,2026-06-24T00:00:00Z
ocds-9t57fa-160047,REGRET LETTER E2063NTCSAMWP,Eskom National Transmission Company of South Africa,National,complete,['Other / uncategorised'],"[{'industry': 'Other / uncategorised', 'score': 0.0, 'reasons': []}]",False,,0,ZAR,2026-07-03T11:00:00Z,,,2026-06-24T00:00:00Z
ocds-9t57fa-160130,MAPW RFQ 067/2025/26,Maluti-a-Phofung Water,Free State,complete,['Water & sanitation'],"[{'industry': 'Water & sanitation', 'score': 1.0, 'reasons': [""category field contains 'sewer'""]}]",False,,0,ZAR,2026-07-03T11:00:00Z,,,2026-06-24T00:00:00Z
ocds-9t57fa-160038,Com0026,National Museum Bloemfontein,Free State,complete,['Professional & consulting services'],"[{'industry': 'Professional & consulting services', 'score': 1.0, 'reasons': [""category field contains 'consulting'""]}]",False,,0,ZAR,2026-07-03T15:00:00Z,,,2026-06-24T00:00:00Z
ocds-9t57fa-160069,prin0026,National Museum Bloemfontein,Free State,complete,['Other / uncategorised'],"[{'industry': 'Other / uncategorised', 'score': 0.0, 'reasons': []}]",False,,0,ZAR,2026-07-03T15:00:00Z,,,2026-06-24T00:00:00Z
ocds-9t57fa-160077,lad0026,National Museum Bloemfontein,Free State,complete,"['Supply of goods', 'ICT & telecommunications']","[{'industry': 'Supply of goods', 'score': 1.0, 'reasons': [""text fuzzy-matches 'supply and delivery' (similarity 1.00)""]}, {'industry': 'ICT & telecommunications', 'score': 0.89, 'reasons': [""text fuzzy-matches 'fibre' (similarity 0.89)""]}]",False,,0,ZAR,2026-07-03T15:00:00Z,,,2026-06-24T00:00:00Z
ocds-9t57fa-160086,NCCQ38.,National Consumer Commission,Gauteng,complete,['Other / uncategorised'],"[{'industry': 'Other / uncategorised', 'score': 0.0, 'reasons': []}]",False,,0,ZAR,2026-07-03T15:00:00Z,,,2026-06-24T00:00:00Z
ocds-9t57fa-160093,RFQ10LE,National Museum Bloemfontein,Free State,complete,"['Professional & consulting services', 'Electrical']","[{'industry': 'Professional & consulting services', 'score': 1.0, 'reasons': [""category field contains 'consulting'""]}, {'industry': 'Electrical', 'score': 0.89, 'reasons': [""text fuzzy-matches 'electrical' (similarity 0.89)""]}]",False,,0,ZAR,2026-07-03T15:00:00Z,,,2026-06-24T00:00:00Z
ocds-9t57fa-160064,06/493/26/GAU-HCM,Passenger Rail Agency of South Africa,Gauteng,complete,['Supply of goods'],"[{'industry': 'Supply of goods', 'score': 2.0, 'reasons': [""category field contains 'stationery'"", ""text fuzzy-matches 'supply and delivery' (similarity 1.00)""]}]",False,,0,ZAR,2026-07-06T10:00:00Z,,,2026-06-24T00:00:00Z
ocds-9t57fa-163945,SCMU7-26/27-Q015,Eastern Cape - Cooperative Governance  and Traditional Affairs,Eastern Cape,complete,['Professional & consulting services'],"[{'industry': 'Professional & consulting services', 'score': 1.0, 'reasons': [""category field contains 'consulting'""]}]",False,,0,ZAR,2026-07-06T11:00:00Z,,,2026-06-24T00:00:00Z
ocds-9t57fa-160056,RFX6000003433,Sentech Limited,Gauteng,complete,['Professional & consulting services'],"[{'industry': 'Professional & consulting services', 'score': 1.0, 'reasons': [""category field contains 'consulting'""]}]",False,,0,ZAR,2026-07-07T11:00:00Z,,,2026-06-24T00:00:00Z
ocds-9t57fa-160054,RFX6000003432,Sentech Limited,Gauteng,complete,['Professional & consulting services'],"[{'industry': 'Professional & consulting services', 'score': 1.0, 'reasons': [""category field contains 'consulting'""]}]",False,,0,ZAR,2026-07-07T12:00:00Z,,,2026-06-24T00:00:00Z
ocds-9t57fa-160072,REGRETE2104NTCSANEG,Eskom National Transmission Company of South Africa,National,complete,['Other / uncategorised'],"[{'industry': 'Other / uncategorised', 'score': 0.0, 'reasons': []}]",False,,0,ZAR,2026-07-08T10:00:00Z,,,2026-06-24T00:00:00Z
ocds-9t57fa-160101,RFQ 4254/25,South African Weather Service,Gauteng,complete,['Other / uncategorised'],"[{'industry': 'Other / uncategorised', 'score': 0.0, 'reasons': []}]",False,,0,ZAR,2026-07-09T11:00:00Z,,,2026-06-24T00:00:00Z
ocds-9t57fa-160118,NNRRITSRFQ-01-2026,National Nuclear Regulator,National,complete,['Professional & consulting services'],"[{'industry': 'Professional & consulting services', 'score': 1.0, 'reasons': [""category field contains 'consulting'""]}]",False,,0,ZAR,2026-07-09T11:00:00Z,,,2026-06-24T00:00:00Z
ocds-9t57fa-160100,31467/GGHNP/2026-27 ,South African National Parks,Free State,complete,['Construction & civil'],"[{'industry': 'Construction & civil', 'score': 1.95, 'reasons': [""category field contains 'construction'"", ""text fuzzy-matches 'renovation' (similarity 0.95)""]}]",False,,0,ZAR,2026-07-09T16:00:00Z,,,2026-06-24T00:00:00Z
ocds-9t57fa-160103,29371/GGHNP/2026-27,South African National Parks,Free State,complete,['Other / uncategorised'],"[{'industry': 'Other / uncategorised', 'score': 0.0, 'reasons': []}]",False,,0,ZAR,2026-07-09T16:00:00Z,,,2026-06-24T00:00:00Z
ocds-9t57fa-160040,REGRET LETTER E2064NTCSAMWP,Eskom National Transmission Company of South Africa,Gauteng,complete,['Other / uncategorised'],"[{'industry': 'Other / uncategorised', 'score': 0.0, 'reasons': []}]",False,,0,ZAR,2026-07-10T10:00:00Z,,,2026-06-24T00:00:00Z
ocds-9t57fa-160020,Bid No. 19/2026,Sarah Baartman District Municipality,Eastern Cape,complete,['Professional & consulting services'],"[{'industry': 'Professional & consulting services', 'score': 1.0, 'reasons': [""category field contains 'consulting'""]}]",False,,0,ZAR,2026-07-10T12:00:00Z,,,2026-06-24T00:00:00Z
ocds-9t57fa-160113,T23A-2025,Overberg District Municipality,Western Cape,complete,['Security services'],"[{'industry': 'Security services', 'score': 2.0, 'reasons': [""category field contains 'security services'"", ""text fuzzy-matches 'access control' (similarity 1.00)""]}]",False,,0,ZAR,2026-07-10T12:00:00Z,,,2026-06-24T00:00:00Z
ocds-9t57fa-160096,SIYA-T09/2025/26,Siyancuma Local Municipality,Northern Cape,complete,"['Electrical', 'Supply of goods']","[{'industry': 'Electrical', 'score': 2.0, 'reasons': [""category field contains 'electrical'"", ""text fuzzy-matches 'electrical' (similarity 1.00)""]}, {'industry': 'Supply of goods', 'score': 1.0, 'reasons': [""text fuzzy-matches 'supply and delivery' (similarity 1.00)""]}]",False,,0,ZAR,2026-07-10T12:30:00Z,,,2026-06-24T00:00:00Z
ocds-9t57fa-160104,NLM-QUO-26/086,South African Nuclear Energy Corporation Limited,North West,complete,['Other / uncategorised'],"[{'industry': 'Other / uncategorised', 'score': 0.0, 'reasons': []}]",False,,0,ZAR,2026-07-10T17:00:00Z,,,2026-06-24T00:00:00Z
ocds-9t57fa-160033,E0826TGSERIR,ESKOM,National,complete,['Supply of goods'],"[{'industry': 'Supply of goods', 'score': 1.0, 'reasons': [""text fuzzy-matches 'supply and delivery' (similarity 1.00)""]}]",False,,0,ZAR,2026-07-14T10:00:00Z,,,2026-06-24T00:00:00Z
ocds-9t57fa-160133,E3089GXMPKEN,ESKOM,Mpumalanga,complete,['Professional & consulting services'],"[{'industry': 'Professional & consulting services', 'score': 2.0, 'reasons': [""category field contains 'consulting'"", ""text fuzzy-matches 'feasibility study' (similarity 1.00)""]}]",False,,0,ZAR,2026-07-14T10:00:00Z,,,2026-06-24T00:00:00Z
ocds-9t57fa-160018,RFP/26/27/05,South African Post Office Limited,National,complete,['Security services'],"[{'industry': 'Security services', 'score': 1.0, 'reasons': [""text fuzzy-matches 'guarding' (similarity 1.00)""]}]",False,,0,ZAR,2026-07-15T11:00:00Z,,,2026-06-24T00:00:00Z
ocds-9t57fa-161299,SSP-134,Council for Scientific and Industrial Research (CSIR),Gauteng,active,['Other / uncategorised'],"[{'industry': 'Other / uncategorised', 'score': 0.0, 'reasons': []}]",False,,0,ZAR,2026-06-24T11:00:00Z,,648393.0,2026-06-23T00:00:00Z
ocds-9t57fa-161300,SSP-130,Council for Scientific and Industrial Research (CSIR),Gauteng,active,['Other / uncategorised'],"[{'industry': 'Other / uncategorised', 'score': 0.0, 'reasons': []}]",False,,0,ZAR,2026-06-24T11:00:00Z,,18120589.0,2026-06-23T00:00:00Z
ocds-9t57fa-161433,SIN-094,Council for Scientific and Industrial Research (CSIR),Gauteng,active,['Other / uncategorised'],"[{'industry': 'Other / uncategorised', 'score': 0.0, 'reasons': []}]",False,,0,ZAR,2026-06-24T11:00:00Z,,40832614.0,2026-06-23T00:00:00Z
ocds-9t57fa-163397,RFQ2026-27/542,Government Technical Advisory Centre (GTAC),National,active,"['Professional & consulting services', 'Construction & civil']","[{'industry': 'Professional & consulting services', 'score': 1.0, 'reasons': [""category field contains 'consulting'""]}, {'industry': 'Construction & civil', 'score': 0.87, 'reasons': [""text fuzzy-matches 'construction' (similarity 0.87)""]}]",False,2026-07-01T00:00:00Z,0,ZAR,2026-06-24T11:00:00Z,,95450.0,2026-06-23T00:00:00Z
ocds-9t57fa-160055,1075745395,ESKOM,Gauteng,active,"['ICT & telecommunications', 'Transport & logistics']","[{'industry': 'ICT & telecommunications', 'score': 1.0, 'reasons': [""text fuzzy-matches 'network' (similarity 1.00)""]}, {'industry': 'Transport & logistics', 'score': 1.0, 'reasons': [""text fuzzy-matches 'transport' (similarity 1.00)""]}]",False,2024-08-18T00:00:00Z,0,ZAR,2026-06-24T12:00:00Z,,24158260580.0,2026-06-23T00:00:00Z
ocds-9t57fa-163279,SS 2026/65210/1027/008,South African National Roads Agency Soc Limited (SANRAL),KwaZulu-Natal,active,"['Construction & civil', 'Professional & consulting services']","[{'industry': 'Construction & civil', 'score': 1.0, 'reasons': [""text fuzzy-matches 'roads' (similarity 1.00)""]}, {'industry': 'Professional & consulting services', 'score': 1.0, 'reasons': [""category field contains 'consulting'""]}]",False,,0,ZAR,2026-06-25T11:00:00Z,,66500.0,2026-06-23T00:00:00Z
ocds-9t57fa-162124,RFX:6000034085,South African Revenue Service,Gauteng,active,['Other / uncategorised'],"[{'industry': 'Other / uncategorised', 'score': 0.0, 'reasons': []}]",False,0001-01-01T00:00:00Z,0,ZAR,2026-06-26T11:00:00Z,,1503760.0,2026-06-23T00:00:00Z
ocds-9t57fa-161371,AHZN00677,Amatola Water Board,Eastern Cape,active,['Security services'],"[{'industry': 'Security services', 'score': 1.0, 'reasons': [""text fuzzy-matches 'access control' (similarity 1.00)""]}]",False,,0,ZAR,2026-06-26T14:00:00Z,,8966550.0,2026-06-23T00:00:00Z
ocds-9t57fa-159928,00100220815OR,Medical Research Council of South Africa,Western Cape,active,['Professional & consulting services'],"[{'industry': 'Professional & consulting services', 'score': 1.0, 'reasons': [""category field contains 'consulting'""]}]",False,,0,ZAR,2026-06-29T10:00:00Z,,542800.0,2026-06-23T00:00:00Z
ocds-9t57fa-159989,PR 10116643,Road Accident Fund,Gauteng,active,['Construction & civil'],"[{'industry': 'Construction & civil', 'score': 0.89, 'reasons': [""text fuzzy-matches 'roads' (similarity 0.89)""]}]",False,,0,ZAR,2026-06-29T10:00:00Z,,1824360.0,2026-06-23T00:00:00Z
ocds-9t57fa-165039,RFQ159-2026,National Treasury,National,active,['Other / uncategorised'],"[{'industry': 'Other / uncategorised', 'score': 0.0, 'reasons': []}]",False,,0,ZAR,2026-06-29T11:00:00Z,,255330.0,2026-06-23T00:00:00Z
ocds-9t57fa-161643,RFx 6000034070,South African Revenue Service,Limpopo,active,['Supply of goods'],"[{'industry': 'Supply of goods', 'score': 0.97, 'reasons': [""text fuzzy-matches 'supply and delivery' (similarity 0.97)""]}]",False,2026-11-30T00:00:00Z,0,ZAR,2026-06-30T11:00:00Z,,1350000.0,2026-06-23T00:00:00Z
ocds-9t57fa-167554,DXGC1076113704RE,ESKOM,Northern Cape,active,['Supply of goods'],"[{'industry': 'Supply of goods', 'score': 1.0, 'reasons': [""text fuzzy-matches 'supply and delivery' (similarity 1.00)""]}]",False,2026-09-30T00:00:00Z,0,ZAR,2026-06-30T11:00:00Z,,9500000.0,2026-06-23T00:00:00Z
ocds-9t57fa-159923,RFQ BB 35/2026,South Cape TVET College,Western Cape,active,['Supply of goods'],"[{'industry': 'Supply of goods', 'score': 1.0, 'reasons': [""text fuzzy-matches 'supply and delivery' (similarity 1.00)""]}]",False,,0,ZAR,2026-07-01T11:00:00Z,,181490.0,2026-06-23T00:00:00Z
ocds-9t57fa-159938,Q 2026/048,Cape Winelands District Municipality,Western Cape,active,['Security services'],"[{'industry': 'Security services', 'score': 1.0, 'reasons': [""category field contains 'security services'""]}]",False,,0,ZAR,2026-07-01T11:00:00Z,,2000000.0,2026-06-23T00:00:00Z
ocds-9t57fa-168739,6000442787,ESKOM,Gauteng,active,['Supply of goods'],"[{'industry': 'Supply of goods', 'score': 1.0, 'reasons': [""text fuzzy-matches 'supply and delivery' (similarity 1.00)""]}]",False,,0,ZAR,2026-07-02T18:00:00Z,,8910000.0,2026-06-23T00:00:00Z
ocds-9t57fa-159963,PPA - 127308,Transnet SOC Ltd,KwaZulu-Natal,complete,['Other / uncategorised'],"[{'industry': 'Other / uncategorised', 'score': 0.0, 'reasons': []}]",False,,0,ZAR,2026-06-24T12:00:00Z,,,2026-06-23T00:00:00Z
ocds-9t57fa-159962,PPA - 151850,Transnet SOC Ltd,KwaZulu-Natal,complete,['Transport & logistics'],"[{'industry': 'Transport & logistics', 'score': 1.0, 'reasons': [""category field contains 'transport'""]}]",False,,0,ZAR,2026-06-24T16:00:00Z,,,2026-06-23T00:00:00Z
ocds-9t57fa-160003,RFQ BBB 38/2026,South Cape TVET College,Western Cape,complete,['Other / uncategorised'],"[{'industry': 'Other / uncategorised', 'score': 0.0, 'reasons': []}]",False,,0,ZAR,2026-06-25T11:00:00Z,,,2026-06-23T00:00:00Z
ocds-9t57fa-159983,TPT/2026/06/0667/7519/RFQ,Transnet SOC Ltd,KwaZulu-Natal,complete,['Other / uncategorised'],"[{'industry': 'Other / uncategorised', 'score': 0.0, 'reasons': []}]",False,,0,ZAR,2026-06-25T13:00:00Z,,,2026-06-23T00:00:00Z
ocds-9t57fa-160011,JTC0021/2025-26 (READVERT) 2,City Council of Johannesburg,Gauteng,complete,['Other / uncategorised'],"[{'industry': 'Other / uncategorised', 'score': 0.0, 'reasons': []}]",False,,0,ZAR,2026-06-26T10:00:00Z,,,2026-06-23T00:00:00Z
ocds-9t57fa-159916,RFQ/CMS/CMSCOM/06/06/2026,Council for Medical Schemes,Gauteng,complete,['Health & medical'],"[{'industry': 'Health & medical', 'score': 1.0, 'reasons': [""text fuzzy-matches 'medical' (similarity 1.00)""]}]",False,,0,ZAR,2026-06-29T00:00:00Z,,,2026-06-23T00:00:00Z
ocds-9t57fa-159920,RAF/2026/00042,Road Accident Fund,Eastern Cape,complete,['Construction & civil'],"[{'industry': 'Construction & civil', 'score': 0.89, 'reasons': [""text fuzzy-matches 'roads' (similarity 0.89)""]}]",False,,0,ZAR,2026-06-29T11:00:00Z,,,2026-06-23T00:00:00Z
ocds-9t57fa-159978,RFQ165-2026,South African Diamond and Precious Metals Regulator,Gauteng,complete,['Other / uncategorised'],"[{'industry': 'Other / uncategorised', 'score': 0.0, 'reasons': []}]",False,,0,ZAR,2026-06-29T11:00:00Z,,,2026-06-23T00:00:00Z
ocds-9t57fa-159979,RFQ  04-06-2026,Cross-Border Road Transport Agency,Gauteng,complete,['Other / uncategorised'],"[{'industry': 'Other / uncategorised', 'score': 0.0, 'reasons': []}]",False,,0,ZAR,2026-06-29T11:00:00Z,,,2026-06-23T00:00:00Z
ocds-9t57fa-165233,REQ0000002044,Public Protector South Africa,Gauteng,complete,['Professional & consulting services'],"[{'industry': 'Professional & consulting services', 'score': 1.0, 'reasons': [""category field contains 'consulting'""]}]",False,,0,ZAR,2026-06-29T11:00:00Z,,,2026-06-23T00:00:00Z
ocds-9t57fa-159956,RFQ36/05/2026,Enoch Mgijima Local Municipality,Eastern Cape,complete,['Other / uncategorised'],"[{'industry': 'Other / uncategorised', 'score': 0.0, 'reasons': []}]",False,,0,ZAR,2026-06-29T12:00:00Z,,,2026-06-23T00:00:00Z
ocds-9t57fa-160008,UMS/FIN/TRAINING/06/2026,Umsobomvu Local Municipality,Northern Cape,complete,['Other / uncategorised'],"[{'industry': 'Other / uncategorised', 'score': 0.0, 'reasons': []}]",False,,0,ZAR,2026-06-29T12:00:00Z,,,2026-06-23T00:00:00Z
ocds-9t57fa-159948,API01REQ007404,Agricultural Research Council,Free State,complete,"['Mining & resources', 'Water & sanitation']","[{'industry': 'Mining & resources', 'score': 1.0, 'reasons': [""text fuzzy-matches 'drilling' (similarity 1.00)""]}, {'industry': 'Water & sanitation', 'score': 1.0, 'reasons': [""text fuzzy-matches 'borehole' (similarity 1.00)""]}]",False,,0,ZAR,2026-06-30T10:00:00Z,,,2026-06-23T00:00:00Z
ocds-9t57fa-160012,JTC0035/2025-26,City Council of Johannesburg,Gauteng,complete,['Other / uncategorised'],"[{'industry': 'Other / uncategorised', 'score': 0.0, 'reasons': []}]",False,,0,ZAR,2026-06-30T10:00:00Z,,,2026-06-23T00:00:00Z
ocds-9t57fa-159945,SECU26/011,Public Works,Free State,complete,['Security services'],"[{'industry': 'Security services', 'score': 1.97, 'reasons': [""category field contains 'security services'"", ""text fuzzy-matches 'security services' (similarity 0.97)""]}]",False,,0,ZAR,2026-06-30T11:00:00Z,,,2026-06-23T00:00:00Z
ocds-9t57fa-159947,SECU26/012,Public Works,Free State,complete,['Security services'],"[{'industry': 'Security services', 'score': 1.97, 'reasons': [""category field contains 'security services'"", ""text fuzzy-matches 'security services' (similarity 0.97)""]}]",False,,0,ZAR,2026-06-30T11:00:00Z,,,2026-06-23T00:00:00Z
ocds-9t57fa-159958, RFQ/SAEON/ELWANDLE/TLCR/49/2026B,National Research Foundation,Eastern Cape,complete,['Transport & logistics'],"[{'industry': 'Transport & logistics', 'score': 1.0, 'reasons': [""category field contains 'transport'""]}]",False,,0,ZAR,2026-06-30T11:00:00Z,,,2026-06-23T00:00:00Z
ocds-9t57fa-159972,Iziko R&E / RFQ 22/06/2026,Iziko Museums of Cape Town,Western Cape,complete,"['Transport & logistics', 'Construction & civil']","[{'industry': 'Transport & logistics', 'score': 2.0, 'reasons': [""category field contains 'transport'"", ""text fuzzy-matches 'transport' (similarity 1.00)""]}, {'industry': 'Construction & civil', 'score': 0.89, 'reasons': [""text fuzzy-matches 'earthworks' (similarity 0.89)""]}]",False,,0,ZAR,2026-06-30T11:00:00Z,,,2026-06-23T00:00:00Z
ocds-9t57fa-159995,NRWDI/ICT/2026-05,National Radioactive Waste Disposal Institute (NRWDI),Northern Cape,complete,"['ICT & telecommunications', 'Professional & consulting services', 'Supply of goods']","[{'industry': 'ICT & telecommunications', 'score': 1.0, 'reasons': [""text fuzzy-matches 'network' (similarity 1.00)""]}, {'industry': 'Professional & consulting services', 'score': 1.0, 'reasons': [""category field contains 'consulting'""]}, {'industry': 'Supply of goods', 'score': 1.0, 'reasons': [""text fuzzy-matches 'supply and delivery' (similarity 1.00)""]}]",False,,0,ZAR,2026-06-30T11:00:00Z,,,2026-06-23T00:00:00Z
ocds-9t57fa-160001,NCR1033.06.2026,National Credit Regulator,Gauteng,complete,['Construction & civil'],"[{'industry': 'Construction & civil', 'score': 1.0, 'reasons': [""text fuzzy-matches 'bridge' (similarity 1.00)""]}]",False,,0,ZAR,2026-06-30T11:00:00Z,,,2026-06-23T00:00:00Z
ocds-9t57fa-159991,RFQJW0075SM2026,Johannesburg Water,Gauteng,complete,['Other / uncategorised'],"[{'industry': 'Other / uncategorised', 'score': 0.0, 'reasons': []}]",False,,0,ZAR,2026-06-30T12:00:00Z,,,2026-06-23T00:00:00Z
ocds-9t57fa-159943,ITB/03/06/2026,Ingonyama Trust Board,KwaZulu-Natal,complete,['Other / uncategorised'],"[{'industry': 'Other / uncategorised', 'score': 0.0, 'reasons': []}]",False,,0,ZAR,2026-06-30T15:00:00Z,,,2026-06-23T00:00:00Z
ocds-9t57fa-161289,SSP-133,Council for Scientific and Industrial Research (CSIR),Gauteng,active,['Other / uncategorised'],"[{'industry': 'Other / uncategorised', 'score': 0.0, 'reasons': []}]",False,,0,ZAR,2026-06-23T11:00:00Z,,719885855.0,2026-06-22T00:00:00Z
ocds-9t57fa-161305,SIN-093,Council for Scientific and Industrial Research (CSIR),Gauteng,active,['Other / uncategorised'],"[{'industry': 'Other / uncategorised', 'score': 0.0, 'reasons': []}]",False,,0,ZAR,2026-06-23T11:00:00Z,,24063979.0,2026-06-22T00:00:00Z
ocds-9t57fa-161439,EV 483,Council for Scientific and Industrial Research (CSIR),Western Cape,active,['Professional & consulting services'],"[{'industry': 'Professional & consulting services', 'score': 1.0, 'reasons': [""category field contains 'consulting'""]}]",False,0001-01-01T00:00:00Z,0,ZAR,2026-06-23T11:00:00Z,,37096.0,2026-06-22T00:00:00Z
ocds-9t57fa-160497,DSM 21/26,Stellenbosch Municipality,Western Cape,active,['Professional & consulting services'],"[{'industry': 'Professional & consulting services', 'score': 1.0, 'reasons': [""category field contains 'consulting'""]}]",False,,0,ZAR,2026-06-24T11:00:00Z,,1268558192.0,2026-06-22T00:00:00Z
ocds-9t57fa-159828,10116662,Road Accident Fund,Gauteng,active,['Construction & civil'],"[{'industry': 'Construction & civil', 'score': 0.89, 'reasons': [""text fuzzy-matches 'roads' (similarity 0.89)""]}]",False,,0,ZAR,2026-06-26T11:00:00Z,,9803750.0,2026-06-22T00:00:00Z
ocds-9t57fa-159766,WORKINGATHEIGHTS/TRAINING/10364732/2,Passenger Rail Agency of South Africa,Gauteng,active,['Other / uncategorised'],"[{'industry': 'Other / uncategorised', 'score': 0.0, 'reasons': []}]",False,,0,ZAR,2026-06-26T12:00:00Z,,1700000.0,2026-06-22T00:00:00Z
ocds-9t57fa-164804,6000034065,South African Revenue Service,KwaZulu-Natal,active,['Other / uncategorised'],"[{'industry': 'Other / uncategorised', 'score': 0.0, 'reasons': []}]",False,2027-08-04T00:00:00Z,0,ZAR,2026-06-29T11:00:00Z,,4750000.0,2026-06-22T00:00:00Z
ocds-9t57fa-159785,RFQ AV Equipment,Freedom Park Trust,Gauteng,active,['ICT & telecommunications'],"[{'industry': 'ICT & telecommunications', 'score': 0.86, 'reasons': [""text fuzzy-matches 'server' (similarity 0.86)""]}]",False,,0,ZAR,2026-06-30T10:00:00Z,,590000.0,2026-06-22T00:00:00Z
ocds-9t57fa-160910,SCD3698/2025,Overstrand Municipality,Western Cape,active,['Security services'],"[{'industry': 'Security services', 'score': 1.0, 'reasons': [""text fuzzy-matches 'alarm systems' (similarity 1.00)""]}]",False,,0,ZAR,2026-06-30T11:00:00Z,,258650.0,2026-06-22T00:00:00Z
ocds-9t57fa-159826,TRIM/2026/06/1320/7073/RFQ,Transnet SOC Ltd,Northern Cape,active,['Construction & civil'],"[{'industry': 'Construction & civil', 'score': 1.0, 'reasons': [""text fuzzy-matches 'construction' (similarity 1.00)""]}]",False,,0,ZAR,2026-07-02T14:00:00Z,,129806250.0,2026-06-22T00:00:00Z
ocds-9t57fa-167496,POU0000653,Justice & Constitutional Development,Gauteng,active,['Other / uncategorised'],"[{'industry': 'Other / uncategorised', 'score': 0.0, 'reasons': []}]",False,,0,ZAR,2026-07-02T16:00:00Z,,3463000.0,2026-06-22T00:00:00Z
ocds-9t57fa-159769,ZNTD06386W,Kwazulu Natal - Public Works (Head Office),KwaZulu-Natal,active,['Electrical'],"[{'industry': 'Electrical', 'score': 1.0, 'reasons': [""category field contains 'electrical'""]}]",False,,0,ZAR,2026-07-06T11:00:00Z,,3940000.0,2026-06-22T00:00:00Z
ocds-9t57fa-159761,KZN/PRASA/2026/06/07/Q,Passenger Rail Agency of South Africa,KwaZulu-Natal,active,['ICT & telecommunications'],"[{'industry': 'ICT & telecommunications', 'score': 0.88, 'reasons': [""text fuzzy-matches 'telecommunications' (similarity 0.88)""]}]",False,,0,ZAR,2026-07-06T12:00:00Z,,19999999.0,2026-06-22T00:00:00Z
ocds-9t57fa-165429,POU00005FF,Justice & Constitutional Development,Gauteng,active,['Construction & civil'],"[{'industry': 'Construction & civil', 'score': 1.0, 'reasons': [""category field contains 'construction'""]}]",False,,0,ZAR,2026-07-21T16:00:00Z,,1107000.0,2026-06-22T00:00:00Z
ocds-9t57fa-160808,DEV - RFQ/MICT/67/2025 ,"Media, Information and Communication Technologies Sector Education and training Authority (MICT SETA)",Gauteng,complete,['Professional & consulting services'],"[{'industry': 'Professional & consulting services', 'score': 1.0, 'reasons': [""category field contains 'consulting'""]}]",False,,0,ZAR,2026-06-23T11:00:00Z,,,2026-06-22T00:00:00Z
ocds-9t57fa-159811,ID-3285430B,Public Works,Free State,complete,"['Electrical', 'Construction & civil']","[{'industry': 'Electrical', 'score': 2.0, 'reasons': [""category field contains 'electrical'"", ""text fuzzy-matches 'generator' (similarity 1.00)""]}, {'industry': 'Construction & civil', 'score': 0.94, 'reasons': [""text fuzzy-matches 'building' (similarity 0.94)""]}]",False,,0,ZAR,2026-06-24T11:00:00Z,,,2026-06-22T00:00:00Z
ocds-9t57fa-159913,RFQ/Marketing/04/26,Land and Agricultural Development Bank of South Africa,National,complete,['Other / uncategorised'],"[{'industry': 'Other / uncategorised', 'score': 0.0, 'reasons': []}]",False,,0,ZAR,2026-06-24T11:00:00Z,,,2026-06-22T00:00:00Z
ocds-9t57fa-159895,Q12/1369 OF 25/26,Msunduzi Local Municipality,KwaZulu-Natal,complete,['Construction & civil'],"[{'industry': 'Construction & civil', 'score': 2.0, 'reasons': [""category field contains 'building'"", ""text fuzzy-matches 'concrete' (similarity 1.00)""]}]",False,,0,ZAR,2026-06-24T12:00:00Z,,,2026-06-22T00:00:00Z
ocds-9t57fa-159794,RFQ: GSM043/2026,South African Airways (Pty) Limited,National,complete,['Professional & consulting services'],"[{'industry': 'Professional & consulting services', 'score': 1.0, 'reasons': [""category field contains 'consulting'""]}]",False,,0,ZAR,2026-06-24T16:00:00Z,,,2026-06-22T00:00:00Z
ocds-9t57fa-159788,RFQSP0023-26 – (A),South African Airways (Pty) Limited,Gauteng,complete,['Professional & consulting services'],"[{'industry': 'Professional & consulting services', 'score': 1.0, 'reasons': [""category field contains 'consulting'""]}]",False,,0,ZAR,2026-06-25T11:00:00Z,,,2026-06-22T00:00:00Z
ocds-9t57fa-159806,RFQ 02-06-2026,Cross-Border Road Transport Agency,Gauteng,complete,['Other / uncategorised'],"[{'industry': 'Other / uncategorised', 'score': 0.0, 'reasons': []}]",False,,0,ZAR,2026-06-25T11:00:00Z,,,2026-06-22T00:00:00Z
ocds-9t57fa-159905,QR2206TETA002134,Transport Education and Training Authority,National,complete,['Professional & consulting services'],"[{'industry': 'Professional & consulting services', 'score': 1.0, 'reasons': [""category field contains 'consulting'""]}]",False,,0,ZAR,2026-06-25T11:00:00Z,,,2026-06-22T00:00:00Z
ocds-9t57fa-159818,RFQ/007/2026/27,BRAND RSA,Gauteng,complete,['Professional & consulting services'],"[{'industry': 'Professional & consulting services', 'score': 1.0, 'reasons': [""category field contains 'consulting'""]}]",False,,0,ZAR,2026-06-25T16:00:00Z,,,2026-06-22T00:00:00Z
ocds-9t57fa-159866,RFQ/OBP088/2026/27,Onderstepoort Biological Products Limited,Gauteng,complete,['Professional & consulting services'],"[{'industry': 'Professional & consulting services', 'score': 1.0, 'reasons': [""category field contains 'consulting'""]}]",False,,0,ZAR,2026-06-25T16:00:00Z,,,2026-06-22T00:00:00Z
ocds-9t57fa-159768,RFQ/26/27/39,South African Post Office Limited,National,complete,['Transport & logistics'],"[{'industry': 'Transport & logistics', 'score': 1.0, 'reasons': [""category field contains 'transport'""]}]",False,,0,ZAR,2026-06-26T11:00:00Z,,,2026-06-22T00:00:00Z
ocds-9t57fa-159893,RAF/2026/00040,Road Accident Fund,Free State,complete,['Construction & civil'],"[{'industry': 'Construction & civil', 'score': 0.89, 'reasons': [""text fuzzy-matches 'roads' (similarity 0.89)""]}]",False,,0,ZAR,2026-06-26T11:00:00Z,,,2026-06-22T00:00:00Z
ocds-9t57fa-159831,iLABS/RFQ 2026/27:41-1,National Research Foundation,Western Cape,complete,['Professional & consulting services'],"[{'industry': 'Professional & consulting services', 'score': 1.0, 'reasons': [""category field contains 'consulting'""]}]",False,,0,ZAR,2026-06-29T11:00:00Z,,,2026-06-22T00:00:00Z
ocds-9t57fa-159856,RFQ 3840/24..,South African Weather Service,Gauteng,complete,['Other / uncategorised'],"[{'industry': 'Other / uncategorised', 'score': 0.0, 'reasons': []}]",False,,0,ZAR,2026-06-29T11:00:00Z,,,2026-06-22T00:00:00Z
ocds-9t57fa-160078,RFQJW036TN26 (RE-ADVERT),Johannesburg Water,Gauteng,complete,['Other / uncategorised'],"[{'industry': 'Other / uncategorised', 'score': 0.0, 'reasons': []}]",False,,0,ZAR,2026-06-29T16:00:00Z,,,2026-06-22T00:00:00Z
ocds-9t57fa-160083,RFQJW030TN26 (RE-ADVERT)2,Johannesburg Water,Gauteng,complete,['Other / uncategorised'],"[{'industry': 'Other / uncategorised', 'score': 0.0, 'reasons': []}]",False,,0,ZAR,2026-06-29T16:00:00Z,,,2026-06-22T00:00:00Z
ocds-9t57fa-159822,E1868GXMPKRI Cancellation,ESKOM,Mpumalanga,complete,['Other / uncategorised'],"[{'industry': 'Other / uncategorised', 'score': 0.0, 'reasons': []}]",False,,0,ZAR,2026-06-30T10:00:00Z,,,2026-06-22T00:00:00Z
ocds-9t57fa-159762,AHT26844,PetroSA,Western Cape,complete,['Electrical'],"[{'industry': 'Electrical', 'score': 1.0, 'reasons': [""text fuzzy-matches 'electrical' (similarity 1.00)""]}]",False,,0,ZAR,2026-06-30T11:00:00Z,,,2026-06-22T00:00:00Z
ocds-9t57fa-159772,RFQ Number: 4512/26,South African Weather Service,Gauteng,complete,['Professional & consulting services'],"[{'industry': 'Professional & consulting services', 'score': 1.0, 'reasons': [""category field contains 'consulting'""]}]",False,,0,ZAR,2026-06-30T11:00:00Z,,,2026-06-22T00:00:00Z
ocds-9t57fa-159798,RFQ10023798-2026/27,State Security Agency,National,complete,"['Electrical', 'Supply of goods']","[{'industry': 'Electrical', 'score': 1.0, 'reasons': [""category field contains 'electrical'""]}, {'industry': 'Supply of goods', 'score': 1.0, 'reasons': [""text fuzzy-matches 'supply and delivery' (similarity 1.00)""]}]",False,,0,ZAR,2026-06-30T11:00:00Z,,,2026-06-22T00:00:00Z
ocds-9t57fa-159837,PR10023799-2026/2027,State Security Agency,National,complete,"['Electrical', 'Supply of goods']","[{'industry': 'Electrical', 'score': 1.0, 'reasons': [""category field contains 'electrical'""]}, {'industry': 'Supply of goods', 'score': 1.0, 'reasons': [""text fuzzy-matches 'supply and delivery' (similarity 1.00)""]}]",False,,0,ZAR,2026-06-30T11:00:00Z,,,2026-06-22T00:00:00Z
ocds-9t57fa-159880,RFQ  Number 4496/26,South African Weather Service,Gauteng,complete,['Professional & consulting services'],"[{'industry': 'Professional & consulting services', 'score': 2.0, 'reasons': [""category field contains 'consulting'"", ""text fuzzy-matches 'advisory' (similarity 1.00)""]}]",False,,0,ZAR,2026-06-30T11:00:00Z,,,2026-06-22T00:00:00Z
ocds-9t57fa-159882,RFQ 164-2026,South African Diamond and Precious Metals Regulator,Gauteng,complete,"['Security services', 'Cleaning & facilities']","[{'industry': 'Security services', 'score': 1.0, 'reasons': [""category field contains 'security services'""]}, {'industry': 'Cleaning & facilities', 'score': 1.0, 'reasons': [""text fuzzy-matches 'cleaning services' (similarity 1.00)""]}]",False,,0,ZAR,2026-06-30T11:00:00Z,,,2026-06-22T00:00:00Z
ocds-9t57fa-159773,1/1/004/2025-26,Moqhaka Local Municipality,Free State,complete,['Professional & consulting services'],"[{'industry': 'Professional & consulting services', 'score': 1.0, 'reasons': [""category field contains 'consulting'""]}]",False,,0,ZAR,2026-06-30T12:00:00Z,,,2026-06-22T00:00:00Z
ocds-9t57fa-159780,2/1/008/2025-26,Moqhaka Local Municipality,Free State,complete,['Professional & consulting services'],"[{'industry': 'Professional & consulting services', 'score': 1.0, 'reasons': [""category field contains 'consulting'""]}]",False,,0,ZAR,2026-06-30T12:00:00Z,,,2026-06-22T00:00:00Z
ocds-9t57fa-159835,ASA 04/06/2026,Agrément South Africa,National,complete,['ICT & telecommunications'],"[{'industry': 'ICT & telecommunications', 'score': 1.0, 'reasons': [""text fuzzy-matches 'software' (similarity 1.00)""]}]",False,,0,ZAR,2026-06-30T12:00:00Z,,,2026-06-22T00:00:00Z
ocds-9t57fa-159830,E1951DXLP  Tender validity 2nd,ESKOM,Mpumalanga,complete,"['Construction & civil', 'Electrical']","[{'industry': 'Construction & civil', 'score': 1.94, 'reasons': [""category field contains 'construction'"", ""text fuzzy-matches 'building' (similarity 0.94)""]}, {'industry': 'Electrical', 'score': 1.0, 'reasons': [""text fuzzy-matches 'substation' (similarity 1.00)""]}]",False,,0,ZAR,2026-06-30T16:00:00Z,,,2026-06-22T00:00:00Z
ocds-9t57fa-159841,E1575DXMP2nd ender validity,ESKOM,Mpumalanga,complete,['Other / uncategorised'],"[{'industry': 'Other / uncategorised', 'score': 0.0, 'reasons': []}]",False,,0,ZAR,2026-06-30T16:00:00Z,,,2026-06-22T00:00:00Z
ocds-9t57fa-159873,FORMAL QUOTATIONS (RFQ`S) FOR MARCH 2026,Oudtshoorn Municipality,Western Cape,complete,['Other / uncategorised'],"[{'industry': 'Other / uncategorised', 'score': 0.0, 'reasons': []}]",False,,0,ZAR,2026-06-30T16:30:00Z,,,2026-06-22T00:00:00Z
ocds-9t57fa-159874,FORMAL QUOTATIONS (RFQ`S) FOR APRIL 2026,Oudtshoorn Municipality,Western Cape,complete,['Other / uncategorised'],"[{'industry': 'Other / uncategorised', 'score': 0.0, 'reasons': []}]",False,,0,ZAR,2026-06-30T16:30:00Z,,,2026-06-22T00:00:00Z
ocds-9t57fa-159875,FORMAL QUOTATIONS (RFQ`S) FOR MAY 2026,Oudtshoorn Municipality,Western Cape,complete,['Other / uncategorised'],"[{'industry': 'Other / uncategorised', 'score': 0.0, 'reasons': []}]",False,,0,ZAR,2026-06-30T16:30:00Z,,,2026-06-22T00:00:00Z
ocds-9t57fa-159876,FORMAL QUOTATIONS (RFQ`S) FOR FEBRUARY 2026,Oudtshoorn Municipality,Western Cape,complete,['Other / uncategorised'],"[{'industry': 'Other / uncategorised', 'score': 0.0, 'reasons': []}]",False,,0,ZAR,2026-06-30T16:30:00Z,,,2026-06-22T00:00:00Z
ocds-9t57fa-159877,FORMAL QUOTATIONS (RFQ`S) FOR JANUARY 2026,Oudtshoorn Municipality,Western Cape,complete,['Other / uncategorised'],"[{'industry': 'Other / uncategorised', 'score': 0.0, 'reasons': []}]",False,,0,ZAR,2026-06-30T16:30:00Z,,,2026-06-22T00:00:00Z
ocds-9t57fa-159881,FORMAL QUOTATIONS (RFQ`S) FOR DECEMBER 2025,Oudtshoorn Municipality,Western Cape,complete,['Other / uncategorised'],"[{'industry': 'Other / uncategorised', 'score': 0.0, 'reasons': []}]",False,,0,ZAR,2026-06-30T16:30:00Z,,,2026-06-22T00:00:00Z
ocds-9t57fa-159883,FORMAL QUOTATIONS (RFQ`S) FOR NOVEMBER 2025,Oudtshoorn Municipality,Western Cape,complete,['Other / uncategorised'],"[{'industry': 'Other / uncategorised', 'score': 0.0, 'reasons': []}]",False,,0,ZAR,2026-06-30T16:30:00Z,,,2026-06-22T00:00:00Z
ocds-9t57fa-159885,FORMAL QUOTATIONS (RFQ`S) AWARDS FOR OCTOBER 2025,Oudtshoorn Municipality,Western Cape,complete,['Other / uncategorised'],"[{'industry': 'Other / uncategorised', 'score': 0.0, 'reasons': []}]",False,,0,ZAR,2026-06-30T16:30:00Z,,,2026-06-22T00:00:00Z
ocds-9t57fa-159887,FORMAL QUOTATIONS (RFQ`S) AWARDS SEPTEMBER 2025,Oudtshoorn Municipality,Western Cape,complete,['Other / uncategorised'],"[{'industry': 'Other / uncategorised', 'score': 0.0, 'reasons': []}]",False,,0,ZAR,2026-06-30T16:30:00Z,,,2026-06-22T00:00:00Z
ocds-9t57fa-159890,FORMAL QUOTATIONS (RFQ`S) AWARDS FOR AUGUST 2025,Oudtshoorn Municipality,Western Cape,complete,['Other / uncategorised'],"[{'industry': 'Other / uncategorised', 'score': 0.0, 'reasons': []}]",False,,0,ZAR,2026-06-30T16:30:00Z,,,2026-06-22T00:00:00Z
ocds-9t57fa-159892,FORMAL QUOTATIONS (RFQ`S) AWARDS FOR JULY 2025,Oudtshoorn Municipality,Western Cape,complete,['Other / uncategorised'],"[{'industry': 'Other / uncategorised', 'score': 0.0, 'reasons': []}]",False,,0,ZAR,2026-06-30T16:30:00Z,,,2026-06-22T00:00:00Z
ocds-9t57fa-159855,ATNS-CSI/180326/ INSTALLATION OF DATA PROJECTOR AN,Air Traffic and Navigation Services Company Limited,KwaZulu-Natal,complete,['Professional & consulting services'],"[{'industry': 'Professional & consulting services', 'score': 1.0, 'reasons': [""category field contains 'consulting'""]}]",False,,0,ZAR,2026-07-01T11:00:00Z,,,2026-06-22T00:00:00Z
ocds-9t57fa-159786,6000008281,African Exploration Mining and Finance Corporation Soc Ltd,Mpumalanga,complete,['Mining & resources'],"[{'industry': 'Mining & resources', 'score': 1.0, 'reasons': [""category field contains 'mining'""]}]",False,,0,ZAR,2026-07-02T12:00:00Z,,,2026-06-22T00:00:00Z
ocds-9t57fa-159852,RFQ VEH,National Museum Bloemfontein,Free State,complete,"['Mechanical & HVAC', 'Professional & consulting services']","[{'industry': 'Mechanical & HVAC', 'score': 1.0, 'reasons': [""text fuzzy-matches 'mechanical' (similarity 1.00)""]}, {'industry': 'Professional & consulting services', 'score': 1.0, 'reasons': [""category field contains 'consulting'""]}]",False,,0,ZAR,2026-07-02T15:00:00Z,,,2026-06-22T00:00:00Z
ocds-9t57fa-161399,CCMADIV-26-06-Corrected,Commission for Conciliation Mediation & Arbitration,National,complete,['Other / uncategorised'],"[{'industry': 'Other / uncategorised', 'score': 0.0, 'reasons': []}]",False,,0,ZAR,2026-07-03T11:00:00Z,,,2026-06-22T00:00:00Z
ocds-9t57fa-159803,Rec 71613(a,Airports Company of South Africa,Western Cape,complete,['Other / uncategorised'],"[{'industry': 'Other / uncategorised', 'score': 0.0, 'reasons': []}]",False,,0,ZAR,2026-07-03T12:00:00Z,,,2026-06-22T00:00:00Z
ocds-9t57fa-161210,RFP04-2026 Bids Received Register,iSimangaliso Wetland Park,KwaZulu-Natal,complete,['Construction & civil'],"[{'industry': 'Construction & civil', 'score': 1.0, 'reasons': [""text fuzzy-matches 'roads' (similarity 1.00)""]}]",False,,0,ZAR,2026-07-03T12:00:00Z,,,2026-06-22T00:00:00Z
ocds-9t57fa-159770,Box0026,National Museum Bloemfontein,Free State,complete,['Supply of goods'],"[{'industry': 'Supply of goods', 'score': 1.0, 'reasons': [""text fuzzy-matches 'supply and delivery' (similarity 1.00)""]}]",False,,0,ZAR,2026-07-03T15:00:00Z,,,2026-06-22T00:00:00Z
ocds-9t57fa-159771,Zip0026,National Museum Bloemfontein,Free State,complete,['Supply of goods'],"[{'industry': 'Supply of goods', 'score': 1.0, 'reasons': [""text fuzzy-matches 'supply and delivery' (similarity 1.00)""]}]",False,,0,ZAR,2026-07-03T15:00:00Z,,,2026-06-22T00:00:00Z
ocds-9t57fa-159888,MPDUV11390GXp,ESKOM,Mpumalanga,complete,['Security services'],"[{'industry': 'Security services', 'score': 1.0, 'reasons': [""text fuzzy-matches 'surveillance' (similarity 1.00)""]}]",False,,0,ZAR,2026-07-06T10:00:00Z,,,2026-06-22T00:00:00Z
ocds-9t57fa-159775,QCTO RFQ 09/2026,Quality Council for Trades and Occupations,Gauteng,complete,['Professional & consulting services'],"[{'industry': 'Professional & consulting services', 'score': 1.0, 'reasons': [""category field contains 'consulting'""]}]",False,,0,ZAR,2026-07-06T11:00:00Z,,,2026-06-22T00:00:00Z
ocds-9t57fa-159868,RFQ 65 Replacement of Aluminum Door  ,"National - Environment, Forestry and Fisheries",Western Cape,complete,['Other / uncategorised'],"[{'industry': 'Other / uncategorised', 'score': 0.0, 'reasons': []}]",False,,0,ZAR,2026-07-06T11:00:00Z,,,2026-06-22T00:00:00Z
ocds-9t57fa-159896,CSIR RFQ 6728/06/07/2026,Council for Scientific and Industrial Research (CSIR),National,complete,['Mining & resources'],"[{'industry': 'Mining & resources', 'score': 1.0, 'reasons': [""text fuzzy-matches 'mining' (similarity 1.00)""]}]",False,,0,ZAR,2026-07-06T16:30:00Z,,,2026-06-22T00:00:00Z
ocds-9t57fa-159758,RFP-DMPR-003-2026-27,National - Department of Mineral and Petroleum Resources,National,complete,"['Mining & resources', 'Professional & consulting services']","[{'industry': 'Mining & resources', 'score': 1.0, 'reasons': [""text fuzzy-matches 'mineral' (similarity 1.00)""]}, {'industry': 'Professional & consulting services', 'score': 1.0, 'reasons': [""category field contains 'consulting'""]}]",False,,0,ZAR,2026-07-07T11:00:00Z,,,2026-06-22T00:00:00Z
ocds-9t57fa-161298,SSP 4580,Council for Scientific and Industrial Research (CSIR),Eastern Cape,active,"['ICT & telecommunications', 'Professional & consulting services']","[{'industry': 'ICT & telecommunications', 'score': 1.0, 'reasons': [""text fuzzy-matches 'fibre' (similarity 1.00)""]}, {'industry': 'Professional & consulting services', 'score': 1.0, 'reasons': [""category field contains 'consulting'""]}]",False,,0,ZAR,2026-06-22T11:00:00Z,,182705649.0,2026-06-21T00:00:00Z
ocds-9t57fa-161906,PO0013522,Robben Island Museum,Western Cape,active,['Other / uncategorised'],"[{'industry': 'Other / uncategorised', 'score': 0.0, 'reasons': []}]",False,,0,ZAR,2026-06-22T11:00:00Z,,52877777.0,2026-06-21T00:00:00Z
ocds-9t57fa-159759,Table 01,South African Nuclear Energy Corporation Limited,North West,complete,['Supply of goods'],"[{'industry': 'Supply of goods', 'score': 1.0, 'reasons': [""text fuzzy-matches 'supply and delivery' (similarity 1.00)""]}]",False,,0,ZAR,2026-06-25T10:00:00Z,,,2026-06-21T00:00:00Z
ocds-9t57fa-159611,LDPWRI-BM/20654,Limpopo - Public Works,Limpopo,complete,['Mechanical & HVAC'],"[{'industry': 'Mechanical & HVAC', 'score': 1.0, 'reasons': [""text fuzzy-matches 'hvac' (similarity 1.00)""]}]",False,,0,ZAR,2026-07-21T11:00:00Z,,,2026-06-21T00:00:00Z
ocds-9t57fa-159616,LDPWRI-P/20658.,Limpopo - Public Works,Limpopo,complete,['Other / uncategorised'],"[{'industry': 'Other / uncategorised', 'score': 0.0, 'reasons': []}]",False,,0,ZAR,2026-07-21T11:00:00Z,,,2026-06-21T00:00:00Z
ocds-9t57fa-159760,T05-06-26,Land and Agricultural Development Bank of South Africa,National,complete,['Professional & consulting services'],"[{'industry': 'Professional & consulting services', 'score': 1.0, 'reasons': [""category field contains 'consulting'""]}]",False,,0,ZAR,2026-07-22T11:00:00Z,,,2026-06-21T00:00:00Z
ocds-9t57fa-160492,DSM 1726,Stellenbosch Municipality,Western Cape,complete,['Professional & consulting services'],"[{'industry': 'Professional & consulting services', 'score': 1.0, 'reasons': [""category field contains 'consulting'""]}]",False,,0,ZAR,2026-06-22T11:00:00Z,,,2026-06-20T00:00:00Z
ocds-9t57fa-159753,RFP 26-27-04/MM,South African Post Office Limited,Eastern Cape,complete,['Security services'],"[{'industry': 'Security services', 'score': 1.0, 'reasons': [""text fuzzy-matches 'guarding' (similarity 1.00)""]}]",False,,0,ZAR,2026-07-21T11:00:00Z,,,2026-06-20T00:00:00Z
ocds-9t57fa-159557,10116695,Road Accident Fund,Gauteng,active,['Construction & civil'],"[{'industry': 'Construction & civil', 'score': 0.89, 'reasons': [""text fuzzy-matches 'roads' (similarity 0.89)""]}]",False,,0,ZAR,2026-06-25T11:00:00Z,,10173420.0,2026-06-19T00:00:00Z
ocds-9t57fa-164952,REQ 4534,South African Weather Service,Gauteng,active,['Water & sanitation'],"[{'industry': 'Water & sanitation', 'score': 1.0, 'reasons': [""category field contains 'sewer'""]}]",False,2026-07-10T00:00:00Z,0,ZAR,2026-06-26T11:00:00Z,,4328600.0,2026-06-19T00:00:00Z
ocds-9t57fa-164965,REQ 4532,South African Weather Service,Gauteng,active,['Other / uncategorised'],"[{'industry': 'Other / uncategorised', 'score': 0.0, 'reasons': []}]",False,2026-12-31T00:00:00Z,0,ZAR,2026-06-26T11:00:00Z,,104430263.0,2026-06-19T00:00:00Z
ocds-9t57fa-161707,POU000041W,Justice & Constitutional Development,Gauteng,active,['Other / uncategorised'],"[{'industry': 'Other / uncategorised', 'score': 0.0, 'reasons': []}]",False,,0,ZAR,2026-06-26T16:00:00Z,,1800000.0,2026-06-19T00:00:00Z
ocds-9t57fa-159679,IZIKORFQFINRISK 12/06/2026,Iziko Museums of Cape Town,Western Cape,active,['Professional & consulting services'],"[{'industry': 'Professional & consulting services', 'score': 1.0, 'reasons': [""category field contains 'consulting'""]}]",False,,0,ZAR,2026-06-30T11:00:00Z,,954500.0,2026-06-19T00:00:00Z
ocds-9t57fa-159702,HOAC-VAR-57823-EQ-299,Transnet SOC Ltd,National,active,['Professional & consulting services'],"[{'industry': 'Professional & consulting services', 'score': 1.0, 'reasons': [""category field contains 'consulting'""]}]",False,,0,ZAR,2026-06-30T12:00:00Z,,12979177150.0,2026-06-19T00:00:00Z
ocds-9t57fa-159702,HOAC-VAR-57823-EQ-299,Transnet SOC Ltd,National,active,['Professional & consulting services'],"[{'industry': 'Professional & consulting services', 'score': 1.0, 'reasons': [""category field contains 'consulting'""]}]",False,,0,ZAR,2026-06-30T12:00:00Z,,12979177150.0,2026-06-19T00:00:00Z
ocds-9t57fa-159702,HOAC-VAR-57823-EQ-299,Transnet SOC Ltd,National,active,['Professional & consulting services'],"[{'industry': 'Professional & consulting services', 'score': 1.0, 'reasons': [""category field contains 'consulting'""]}]",False,,0,ZAR,2026-06-30T12:00:00Z,,12979177150.0,2026-06-19T00:00:00Z
ocds-9t57fa-160377,FS/NC 01/2026-2027,Correctional Services,Free State,active,"['Security services', 'ICT & telecommunications']","[{'industry': 'Security services', 'score': 1.0, 'reasons': [""category field contains 'security services'""]}, {'industry': 'ICT & telecommunications', 'score': 0.85, 'reasons': [""text fuzzy-matches 'cabling infrastructure' (similarity 0.85)""]}]",False,,0,ZAR,2026-06-19T11:00:00Z,,27000000.0,2026-06-18T00:00:00Z
ocds-9t57fa-160496,DSM 19/26,Stellenbosch Municipality,Western Cape,active,['Professional & consulting services'],"[{'industry': 'Professional & consulting services', 'score': 1.0, 'reasons': [""category field contains 'consulting'""]}]",False,,0,ZAR,2026-06-19T11:00:00Z,,10.0,2026-06-18T00:00:00Z
ocds-9t57fa-160520,SIN-082,Council for Scientific and Industrial Research (CSIR),Eastern Cape,active,"['ICT & telecommunications', 'Professional & consulting services']","[{'industry': 'ICT & telecommunications', 'score': 1.0, 'reasons': [""text fuzzy-matches 'fibre' (similarity 1.00)""]}, {'industry': 'Professional & consulting services', 'score': 1.0, 'reasons': [""category field contains 'consulting'""]}]",False,,0,ZAR,2026-06-19T11:00:00Z,,26404930.0,2026-06-18T00:00:00Z
ocds-9t57fa-160934,HSRC/08/2026/27,Human Sciences Research Council,Gauteng,active,['Professional & consulting services'],"[{'industry': 'Professional & consulting services', 'score': 1.0, 'reasons': [""category field contains 'consulting'""]}]",False,2027-09-30T00:00:00Z,0,ZAR,2026-06-19T11:00:00Z,,911465442.0,2026-06-18T00:00:00Z
ocds-9t57fa-161295,SSP-101,Council for Scientific and Industrial Research (CSIR),Gauteng,active,['Other / uncategorised'],"[{'industry': 'Other / uncategorised', 'score': 0.0, 'reasons': []}]",False,,0,ZAR,2026-06-19T11:00:00Z,,14078321.0,2026-06-18T00:00:00Z
ocds-9t57fa-161296,SSP-099,Council for Scientific and Industrial Research (CSIR),Gauteng,active,['Other / uncategorised'],"[{'industry': 'Other / uncategorised', 'score': 0.0, 'reasons': []}]",False,,0,ZAR,2026-06-19T11:00:00Z,,1555400.0,2026-06-18T00:00:00Z
ocds-9t57fa-161303,SIN-085,Council for Scientific and Industrial Research (CSIR),Gauteng,active,['Professional & consulting services'],"[{'industry': 'Professional & consulting services', 'score': 2.0, 'reasons': [""category field contains 'consulting'"", ""text fuzzy-matches 'advisory' (similarity 1.00)""]}]",False,,0,ZAR,2026-06-19T11:00:00Z,,15625000.0,2026-06-18T00:00:00Z
ocds-9t57fa-161306,SIN-090,Council for Scientific and Industrial Research (CSIR),Gauteng,active,['ICT & telecommunications'],"[{'industry': 'ICT & telecommunications', 'score': 0.94, 'reasons': [""text fuzzy-matches 'software' (similarity 0.94)""]}]",False,,0,ZAR,2026-06-19T11:00:00Z,,173016557.0,2026-06-18T00:00:00Z
ocds-9t57fa-161429,SIN-086,Council for Scientific and Industrial Research (CSIR),Gauteng,active,['Professional & consulting services'],"[{'industry': 'Professional & consulting services', 'score': 2.0, 'reasons': [""category field contains 'consulting'"", ""text fuzzy-matches 'advisory' (similarity 1.00)""]}]",False,,0,ZAR,2026-06-19T11:00:00Z,,30085000.0,2026-06-18T00:00:00Z
ocds-9t57fa-164149,S110(2),Stellenbosch Municipality,Western Cape,active,['Professional & consulting services'],"[{'industry': 'Professional & consulting services', 'score': 1.0, 'reasons': [""category field contains 'consulting'""]}]",False,,0,ZAR,2026-06-19T11:00:00Z,,10.0,2026-06-18T00:00:00Z
ocds-9t57fa-159406,RFQ BB 38/2026,South Cape TVET College,Western Cape,active,['Other / uncategorised'],"[{'industry': 'Other / uncategorised', 'score': 0.0, 'reasons': []}]",False,,0,ZAR,2026-06-23T11:00:00Z,,427800.0,2026-06-18T00:00:00Z
ocds-9t57fa-162127,RFX:6000034024,South African Revenue Service,Gauteng,active,['Electrical'],"[{'industry': 'Electrical', 'score': 1.0, 'reasons': [""text fuzzy-matches 'electrical' (similarity 1.00)""]}]",False,0001-01-01T00:00:00Z,0,ZAR,2026-06-23T11:00:00Z,,1190000.0,2026-06-18T00:00:00Z
ocds-9t57fa-164413,POU0000536,Justice & Constitutional Development,Gauteng,active,['Other / uncategorised'],"[{'industry': 'Other / uncategorised', 'score': 0.0, 'reasons': []}]",False,,0,ZAR,2026-06-23T16:00:00Z,,2731950.0,2026-06-18T00:00:00Z
ocds-9t57fa-159402,RFQ BB 39/2026,South Cape TVET College,Western Cape,active,['Supply of goods'],"[{'industry': 'Supply of goods', 'score': 1.0, 'reasons': [""text fuzzy-matches 'supply and delivery' (similarity 1.00)""]}]",False,,0,ZAR,2026-06-24T11:00:00Z,,5200875.0,2026-06-18T00:00:00Z
ocds-9t57fa-159443,PR10116501,Road Accident Fund,Gauteng,active,['Construction & civil'],"[{'industry': 'Construction & civil', 'score': 0.89, 'reasons': [""text fuzzy-matches 'roads' (similarity 0.89)""]}]",False,,0,ZAR,2026-06-24T11:00:00Z,,1411620.0,2026-06-18T00:00:00Z
ocds-9t57fa-162140,POU0000459,Justice & Constitutional Development,Gauteng,active,['Other / uncategorised'],"[{'industry': 'Other / uncategorised', 'score': 0.0, 'reasons': []}]",False,,0,ZAR,2026-06-24T16:00:00Z,,1612370.0,2026-06-18T00:00:00Z
ocds-9t57fa-159356,ZNQP 02/06/2026,Kwazulu Natal - Public Works (Head Office),KwaZulu-Natal,active,['ICT & telecommunications'],"[{'industry': 'ICT & telecommunications', 'score': 0.85, 'reasons': [""text fuzzy-matches 'cabling infrastructure' (similarity 0.85)""]}]",False,,0,ZAR,2026-06-25T11:00:00Z,,30800.0,2026-06-18T00:00:00Z
ocds-9t57fa-159408,ZNQP15/06/2026,Kwazulu Natal - Public Works (Head Office),KwaZulu-Natal,active,"['Security services', 'Cleaning & facilities']","[{'industry': 'Security services', 'score': 1.0, 'reasons': [""category field contains 'security services'""]}, {'industry': 'Cleaning & facilities', 'score': 1.0, 'reasons': [""text fuzzy-matches 'cleaning services' (similarity 1.00)""]}]",False,,0,ZAR,2026-06-25T11:00:00Z,,2826000.0,2026-06-18T00:00:00Z
ocds-9t57fa-159426,KDP-88,Water and Sanitation,KwaZulu-Natal,active,['Construction & civil'],"[{'industry': 'Construction & civil', 'score': 2.0, 'reasons': [""category field contains 'construction'"", ""text fuzzy-matches 'construction' (similarity 1.00)""]}]",False,,0,ZAR,2026-06-25T11:00:00Z,,232820.0,2026-06-18T00:00:00Z
ocds-9t57fa-159451,KDP-82,Water and Sanitation,KwaZulu-Natal,active,['Construction & civil'],"[{'industry': 'Construction & civil', 'score': 2.0, 'reasons': [""category field contains 'construction'"", ""text fuzzy-matches 'construction' (similarity 1.00)""]}]",False,,0,ZAR,2026-06-25T11:00:00Z,,666558.0,2026-06-18T00:00:00Z
ocds-9t57fa-161397,WD567,Water and Sanitation,National,active,['Other / uncategorised'],"[{'industry': 'Other / uncategorised', 'score': 0.0, 'reasons': []}]",False,,0,ZAR,2026-06-26T11:00:00Z,,6175500.0,2026-06-18T00:00:00Z
ocds-9t57fa-163123,WD566,Water and Sanitation,National,active,['Other / uncategorised'],"[{'industry': 'Other / uncategorised', 'score': 0.0, 'reasons': []}]",False,,0,ZAR,2026-06-26T11:00:00Z,,99397626.0,2026-06-18T00:00:00Z
ocds-9t57fa-159375,RFQ002-2026-27,Government Technical Advisory Centre (GTAC),National,active,['Professional & consulting services'],"[{'industry': 'Professional & consulting services', 'score': 2.0, 'reasons': [""category field contains 'consulting'"", ""text fuzzy-matches 'advisory' (similarity 1.00)""]}]",False,2027-06-30T00:00:00Z,0,ZAR,2026-07-01T14:00:00Z,,9936000.0,2026-06-18T00:00:00Z
ocds-9t57fa-159375,RFQ002-2026-27,Government Technical Advisory Centre (GTAC),National,active,['Professional & consulting services'],"[{'industry': 'Professional & consulting services', 'score': 2.0, 'reasons': [""category field contains 'consulting'"", ""text fuzzy-matches 'advisory' (similarity 1.00)""]}]",False,2027-06-30T00:00:00Z,0,ZAR,2026-07-01T14:00:00Z,,9936000.0,2026-06-18T00:00:00Z
ocds-9t57fa-159460,CSIR RFP 3732/03/07/2026,Council for Scientific and Industrial Research (CSIR),National,active,['Professional & consulting services'],"[{'industry': 'Professional & consulting services', 'score': 2.0, 'reasons': [""category field contains 'consulting'"", ""text fuzzy-matches 'project management' (similarity 1.00)""]}]",False,,0,ZAR,2026-07-03T16:30:00Z,,40568550.0,2026-06-18T00:00:00Z
ocds-9t57fa-163876,N.012-160-2026/1,South African National Roads Agency Soc Limited (SANRAL),North West,active,"['Construction & civil', 'Mining & resources']","[{'industry': 'Construction & civil', 'score': 1.89, 'reasons': [""category field contains 'construction'"", ""text fuzzy-matches 'roads' (similarity 0.89)""]}, {'industry': 'Mining & resources', 'score': 0.86, 'reasons': [""text fuzzy-matches 'mine rehabilitation' (similarity 0.86)""]}]",False,,0,ZAR,2026-07-08T11:00:00Z,,1362320933.0,2026-06-18T00:00:00Z
ocds-9t57fa-159429,RFP081/2026,Development Bank of Southern Africa,National,active,['Construction & civil'],"[{'industry': 'Construction & civil', 'score': 2.0, 'reasons': [""category field contains 'construction'"", ""text fuzzy-matches 'construction' (similarity 1.00)""]}]",False,,0,ZAR,2026-07-09T00:00:00Z,,3458132395.0,2026-06-18T00:00:00Z
ocds-9t57fa-159359,DMPR/001/2026/27,National - Department of Mineral and Petroleum Resources,National,active,"['Mining & resources', 'Security services']","[{'industry': 'Mining & resources', 'score': 1.0, 'reasons': [""text fuzzy-matches 'mineral' (similarity 1.00)""]}, {'industry': 'Security services', 'score': 1.0, 'reasons': [""category field contains 'security services'""]}]",False,,0,ZAR,2026-07-10T11:00:00Z,,718957194.0,2026-06-18T00:00:00Z
ocds-9t57fa-161291,SSP-127,Council for Scientific and Industrial Research (CSIR),Gauteng,active,['Other / uncategorised'],"[{'industry': 'Other / uncategorised', 'score': 0.0, 'reasons': []}]",False,,0,ZAR,2026-06-18T11:00:00Z,,13224266.0,2026-06-17T00:00:00Z
ocds-9t57fa-162568,POU00004G7,Justice & Constitutional Development,Gauteng,active,['Other / uncategorised'],"[{'industry': 'Other / uncategorised', 'score': 0.0, 'reasons': []}]",False,,0,ZAR,2026-06-22T16:00:00Z,,9169620.0,2026-06-17T00:00:00Z
ocds-9t57fa-161828,ANKM04027,Amatola Water Board,Eastern Cape,active,['Supply of goods'],"[{'industry': 'Supply of goods', 'score': 1.0, 'reasons': [""text fuzzy-matches 'supply and delivery' (similarity 1.00)""]}]",False,,0,ZAR,2026-06-23T11:00:00Z,,1212100.0,2026-06-17T00:00:00Z
ocds-9t57fa-159246,IHLM/206/2025-26/MM's,Ingquza Hill Local Municipality,Eastern Cape,active,['Other / uncategorised'],"[{'industry': 'Other / uncategorised', 'score': 0.0, 'reasons': []}]",False,,0,ZAR,2026-06-24T12:00:00Z,,328500.0,2026-06-17T00:00:00Z
ocds-9t57fa-169168,Dev 04/2026,Gauteng - Co-operative Governance & Traditional Affairs (COGTA),National,active,['Professional & consulting services'],"[{'industry': 'Professional & consulting services', 'score': 1.0, 'reasons': [""category field contains 'consulting'""]}]",False,,0,ZAR,2026-07-17T11:00:00Z,,12000.0,2026-06-17T00:00:00Z
ocds-9t57fa-159323,RFQJW114NS26,Johannesburg Water,Gauteng,complete,['Other / uncategorised'],"[{'industry': 'Other / uncategorised', 'score': 0.0, 'reasons': []}]",False,,0,ZAR,2026-06-17T15:35:27Z,,,2026-06-17T00:00:00Z
ocds-9t57fa-162722,REQ0000002011,Public Protector South Africa,Gauteng,complete,['Supply of goods'],"[{'industry': 'Supply of goods', 'score': 0.97, 'reasons': [""text fuzzy-matches 'supply and delivery' (similarity 0.97)""]}]",False,,0,ZAR,2026-06-18T11:00:00Z,,,2026-06-17T00:00:00Z
ocds-9t57fa-159240,iLABS/RFQ 2026/27:50,National Research Foundation,Western Cape,complete,"['Electrical', 'Supply of goods', 'Mining & resources']","[{'industry': 'Electrical', 'score': 2.0, 'reasons': [""category field contains 'electrical'"", ""text fuzzy-matches 'electrical' (similarity 1.00)""]}, {'industry': 'Supply of goods', 'score': 1.0, 'reasons': [""text fuzzy-matches 'supply and delivery' (similarity 1.00)""]}, {'industry': 'Mining & resources', 'score': 0.86, 'reasons': [""text fuzzy-matches 'ore' (similarity 0.86)""]}]",False,,0,ZAR,2026-06-19T11:00:00Z,,,2026-06-17T00:00:00Z
ocds-9t57fa-159247,RFQ2026-006-007,National Lotteries Commission,Eastern Cape,complete,['Other / uncategorised'],"[{'industry': 'Other / uncategorised', 'score': 0.0, 'reasons': []}]",False,,0,ZAR,2026-06-19T11:00:00Z,,,2026-06-17T00:00:00Z
ocds-9t57fa-159336,NRWDI/COMM/2026-06,National Radioactive Waste Disposal Institute (NRWDI),North West,complete,['Professional & consulting services'],"[{'industry': 'Professional & consulting services', 'score': 1.0, 'reasons': [""category field contains 'consulting'""]}]",False,,0,ZAR,2026-06-22T11:00:00Z,,,2026-06-17T00:00:00Z
ocds-9t57fa-162421,REQ0000001854,Public Protector South Africa,Gauteng,complete,['Supply of goods'],"[{'industry': 'Supply of goods', 'score': 2.0, 'reasons': [""category field contains 'stationery'"", ""text fuzzy-matches 'stationery' (similarity 1.00)""]}]",False,,0,ZAR,2026-06-22T11:00:00Z,,,2026-06-17T00:00:00Z
ocds-9t57fa-159300,RFQ026/2026,Artscape,Western Cape,complete,['Supply of goods'],"[{'industry': 'Supply of goods', 'score': 1.0, 'reasons': [""text fuzzy-matches 'supply and delivery' (similarity 1.00)""]}]",False,,0,ZAR,2026-06-22T13:00:00Z,,,2026-06-17T00:00:00Z
ocds-9t57fa-159271,HSRC/17/06/2026,Human Sciences Research Council,National,complete,['Other / uncategorised'],"[{'industry': 'Other / uncategorised', 'score': 0.0, 'reasons': []}]",False,,0,ZAR,2026-06-22T16:00:00Z,,,2026-06-17T00:00:00Z
ocds-9t57fa-159305,RFQ 2026/145,Gauteng – Community Education and Training College,Gauteng,complete,['Supply of goods'],"[{'industry': 'Supply of goods', 'score': 1.0, 'reasons': [""text fuzzy-matches 'supply and delivery' (similarity 1.00)""]}]",False,,0,ZAR,2026-06-23T09:00:00Z,,,2026-06-17T00:00:00Z
ocds-9t57fa-159248,REQ0006121-Reissue,South African National Accreditation System,Gauteng,complete,"['Professional & consulting services', 'ICT & telecommunications']","[{'industry': 'Professional & consulting services', 'score': 1.0, 'reasons': [""category field contains 'consulting'""]}, {'industry': 'ICT & telecommunications', 'score': 0.92, 'reasons': [""text fuzzy-matches 'server' (similarity 0.92)""]}]",False,,0,ZAR,2026-06-23T11:00:00Z,,,2026-06-17T00:00:00Z
ocds-9t57fa-159266, MKRIQ05/2026/27,Moses Kotane Institute,KwaZulu-Natal,complete,['Other / uncategorised'],"[{'industry': 'Other / uncategorised', 'score': 0.0, 'reasons': []}]",False,,0,ZAR,2026-06-23T11:00:00Z,,,2026-06-17T00:00:00Z
ocds-9t57fa-159334,RFQ/SAEON/ETFEON/ADULT SWIMMING LESSONS/48/2026,National Research Foundation,Western Cape,complete,['Other / uncategorised'],"[{'industry': 'Other / uncategorised', 'score': 0.0, 'reasons': []}]",False,,0,ZAR,2026-06-23T11:00:00Z,,,2026-06-17T00:00:00Z
ocds-9t57fa-159296,03/118/26/GAU-TO,Passenger Rail Agency of South Africa,Gauteng,complete,['Supply of goods'],"[{'industry': 'Supply of goods', 'score': 1.0, 'reasons': [""text fuzzy-matches 'supply and delivery' (similarity 1.00)""]}]",False,,0,ZAR,2026-06-24T10:00:00Z,,,2026-06-17T00:00:00Z
ocds-9t57fa-159298,04/117/26/GAU-TO,Passenger Rail Agency of South Africa,Gauteng,complete,['Professional & consulting services'],"[{'industry': 'Professional & consulting services', 'score': 1.0, 'reasons': [""category field contains 'consulting'""]}]",False,,0,ZAR,2026-06-24T10:00:00Z,,,2026-06-17T00:00:00Z
ocds-9t57fa-159245,RFQ 201999,The South African Bureau of Standards (SABS),Gauteng,complete,['Other / uncategorised'],"[{'industry': 'Other / uncategorised', 'score': 0.0, 'reasons': []}]",False,,0,ZAR,2026-06-24T11:00:00Z,,,2026-06-17T00:00:00Z
ocds-9t57fa-159299,OVI01REQ004004,Agricultural Research Council,Gauteng,complete,['Professional & consulting services'],"[{'industry': 'Professional & consulting services', 'score': 1.0, 'reasons': [""category field contains 'consulting'""]}]",False,,0,ZAR,2026-06-24T11:00:00Z,,,2026-06-17T00:00:00Z
ocds-9t57fa-159319,ISC01REQ003522,Agricultural Research Council,Gauteng,complete,"['Professional & consulting services', 'ICT & telecommunications']","[{'industry': 'Professional & consulting services', 'score': 1.0, 'reasons': [""category field contains 'consulting'""]}, {'industry': 'ICT & telecommunications', 'score': 0.89, 'reasons': [""text fuzzy-matches 'fibre' (similarity 0.89)""]}]",False,,0,ZAR,2026-06-24T11:00:00Z,,,2026-06-17T00:00:00Z
ocds-9t57fa-159274,RFQ202627/14,Kwa-Zulu Natal - Trade and Investment KwaZulu-Natal,KwaZulu-Natal,complete,"['Electrical', 'Security services']","[{'industry': 'Electrical', 'score': 1.0, 'reasons': [""category field contains 'electrical'""]}, {'industry': 'Security services', 'score': 1.0, 'reasons': [""text fuzzy-matches 'surveillance' (similarity 1.00)""]}]",False,,0,ZAR,2026-06-24T12:00:00Z,,,2026-06-17T00:00:00Z
ocds-9t57fa-159328,RFQ Gas Refill,iSimangaliso Wetland Park,KwaZulu-Natal,complete,['Other / uncategorised'],"[{'industry': 'Other / uncategorised', 'score': 0.0, 'reasons': []}]",False,,0,ZAR,2026-06-24T12:00:00Z,,,2026-06-17T00:00:00Z
ocds-9t57fa-159345,RFQ/OBP081/2026/27,Onderstepoort Biological Products Limited,Gauteng,complete,"['Professional & consulting services', 'Water & sanitation']","[{'industry': 'Professional & consulting services', 'score': 1.0, 'reasons': [""category field contains 'consulting'""]}, {'industry': 'Water & sanitation', 'score': 1.0, 'reasons': [""text fuzzy-matches 'borehole' (similarity 1.00)""]}]",False,,0,ZAR,2026-06-24T16:00:00Z,,,2026-06-17T00:00:00Z
ocds-9t57fa-159352,RFQJW110TN26,Johannesburg Water,Gauteng,complete,['Other / uncategorised'],"[{'industry': 'Other / uncategorised', 'score': 0.0, 'reasons': []}]",False,,0,ZAR,2026-06-24T16:00:00Z,,,2026-06-17T00:00:00Z
ocds-9t57fa-159260,RFQ 26-27-38/MM,South African Post Office Limited,National,complete,['Other / uncategorised'],"[{'industry': 'Other / uncategorised', 'score': 0.0, 'reasons': []}]",False,,0,ZAR,2026-06-25T11:00:00Z,,,2026-06-17T00:00:00Z
ocds-9t57fa-159282,QR0306TETA002075,Transport Education and Training Authority,National,complete,['Professional & consulting services'],"[{'industry': 'Professional & consulting services', 'score': 1.0, 'reasons': [""category field contains 'consulting'""]}]",False,,0,ZAR,2026-06-25T11:00:00Z,,,2026-06-17T00:00:00Z
ocds-9t57fa-159273,RFQ 0526,South African National Energy Development Institute,Gauteng,complete,['Other / uncategorised'],"[{'industry': 'Other / uncategorised', 'score': 0.0, 'reasons': []}]",False,,0,ZAR,2026-06-26T11:00:00Z,,,2026-06-17T00:00:00Z
ocds-9t57fa-159281,RFQ/MR/WEBSITE/ICT/029/2026-2027-R,South African Civil Aviation Authority,Gauteng,complete,['Professional & consulting services'],"[{'industry': 'Professional & consulting services', 'score': 1.0, 'reasons': [""category field contains 'consulting'""]}]",False,,0,ZAR,2026-06-26T11:00:00Z,,,2026-06-17T00:00:00Z
ocds-9t57fa-159331,RFQ025/06/26-27,Water Research Commission,National,complete,['Professional & consulting services'],"[{'industry': 'Professional & consulting services', 'score': 1.98, 'reasons': [""category field contains 'consulting'"", ""text fuzzy-matches 'professional services' (similarity 0.98)""]}]",False,,0,ZAR,2026-06-26T11:00:00Z,,,2026-06-17T00:00:00Z
ocds-9t57fa-159320,ADVERTISED RFQ 02/06/2026,Oudtshoorn Municipality,Western Cape,complete,"['ICT & telecommunications', 'Supply of goods']","[{'industry': 'ICT & telecommunications', 'score': 1.0, 'reasons': [""text fuzzy-matches 'server' (similarity 1.00)""]}, {'industry': 'Supply of goods', 'score': 1.0, 'reasons': [""text fuzzy-matches 'supply and delivery' (similarity 1.00)""]}]",False,,0,ZAR,2026-06-26T12:00:00Z,,,2026-06-17T00:00:00Z
ocds-9t57fa-159251,iLABS/RFQ 2026/27:51,National Research Foundation,Western Cape,complete,['Supply of goods'],"[{'industry': 'Supply of goods', 'score': 1.0, 'reasons': [""text fuzzy-matches 'supply and delivery' (similarity 1.00)""]}]",False,,0,ZAR,2026-06-26T16:00:00Z,,,2026-06-17T00:00:00Z
ocds-9t57fa-159294,Rec 8780(a),Airports Company of South Africa,Gauteng,complete,"['Electrical', 'Water & sanitation']","[{'industry': 'Electrical', 'score': 1.0, 'reasons': [""text fuzzy-matches 'reticulation' (similarity 1.00)""]}, {'industry': 'Water & sanitation', 'score': 0.89, 'reasons': [""text fuzzy-matches 'water reticulation' (similarity 0.89)""]}]",False,,0,ZAR,2026-06-29T12:00:00Z,,,2026-06-17T00:00:00Z
ocds-9t57fa-159258,E1907GXMPKUSREGRET,ESKOM,Mpumalanga,complete,['Professional & consulting services'],"[{'industry': 'Professional & consulting services', 'score': 0.97, 'reasons': [""text fuzzy-matches 'project management' (similarity 0.97)""]}]",False,,0,ZAR,2026-06-30T10:00:00Z,,,2026-06-17T00:00:00Z
ocds-9t57fa-159313,E1506GXMPDUVREGRET,ESKOM,Mpumalanga,complete,"['Electrical', 'Construction & civil']","[{'industry': 'Electrical', 'score': 1.0, 'reasons': [""text fuzzy-matches 'electrical' (similarity 1.00)""]}, {'industry': 'Construction & civil', 'score': 1.0, 'reasons': [""category field contains 'construction'""]}]",False,,0,ZAR,2026-06-30T10:00:00Z,,,2026-06-17T00:00:00Z
ocds-9t57fa-159302,RFQ202627/13,Kwa-Zulu Natal - Trade and Investment KwaZulu-Natal,KwaZulu-Natal,complete,['Professional & consulting services'],"[{'industry': 'Professional & consulting services', 'score': 1.0, 'reasons': [""category field contains 'consulting'""]}]",False,,0,ZAR,2026-06-30T12:00:00Z,,,2026-06-17T00:00:00Z
ocds-9t57fa-159288,REQ0989-16062026,KwaZulu Natal Economic Regulatory Authority,KwaZulu-Natal,complete,['Construction & civil'],"[{'industry': 'Construction & civil', 'score': 1.0, 'reasons': [""category field contains 'construction'""]}]",False,,0,ZAR,2026-07-01T16:00:00Z,,,2026-06-17T00:00:00Z
ocds-9t57fa-159333,RFQJW114NS261,Johannesburg Water,Gauteng,complete,['Construction & civil'],"[{'industry': 'Construction & civil', 'score': 2.0, 'reasons': [""category field contains 'construction'"", ""text fuzzy-matches 'concrete' (similarity 1.00)""]}]",False,,0,ZAR,2026-07-02T16:00:00Z,,,2026-06-17T00:00:00Z
ocds-9t57fa-159237,CTICC 022/2027,Cape Town International Convention Centre,Western Cape,complete,['Professional & consulting services'],"[{'industry': 'Professional & consulting services', 'score': 1.0, 'reasons': [""category field contains 'consulting'""]}]",False,,0,ZAR,2026-07-03T12:00:00Z,,,2026-06-17T00:00:00Z
ocds-9t57fa-169067,POU00004XW/4Z0/4Z1/56G/56H,Justice & Constitutional Development,KwaZulu-Natal,complete,['Supply of goods'],"[{'industry': 'Supply of goods', 'score': 2.0, 'reasons': [""category field contains 'stationery'"", ""text fuzzy-matches 'stationery' (similarity 1.00)""]}]",False,,0,ZAR,2026-07-05T11:00:00Z,,,2026-06-17T00:00:00Z
ocds-9t57fa-159346,E3008DXGPOU,ESKOM,Gauteng,complete,['Other / uncategorised'],"[{'industry': 'Other / uncategorised', 'score': 0.0, 'reasons': []}]",False,,0,ZAR,2026-07-06T10:00:00Z,,,2026-06-17T00:00:00Z
ocds-9t57fa-161290,SSP-128,Council for Scientific and Industrial Research (CSIR),KwaZulu-Natal,active,['Other / uncategorised'],"[{'industry': 'Other / uncategorised', 'score': 0.0, 'reasons': []}]",False,,0,ZAR,2026-06-17T11:00:00Z,,429216.0,2026-06-16T00:00:00Z
ocds-9t57fa-164416,POU000051P,Justice & Constitutional Development,Gauteng,active,['Electrical'],"[{'industry': 'Electrical', 'score': 1.0, 'reasons': [""category field contains 'electrical'""]}]",False,,0,ZAR,2026-06-23T16:00:00Z,,1136950.0,2026-06-16T00:00:00Z
ocds-9t57fa-161297,SSP-098,Council for Scientific and Industrial Research (CSIR),Gauteng,complete,['Other / uncategorised'],"[{'industry': 'Other / uncategorised', 'score': 0.0, 'reasons': []}]",False,,0,ZAR,2026-06-17T11:00:00Z,,,2026-06-16T00:00:00Z
ocds-9t57fa-159232,ER 12502 & ER UM 300104,Kwazulu Natal - Social Development,KwaZulu-Natal,complete,['Supply of goods'],"[{'industry': 'Supply of goods', 'score': 1.0, 'reasons': [""text fuzzy-matches 'supply and delivery' (similarity 1.00)""]}]",False,,0,ZAR,2026-06-26T11:00:00Z,,,2026-06-16T00:00:00Z
ocds-9t57fa-160399,S102605REQ00000041,Agricultural Sector Education and Training Authority,Gauteng,active,['Other / uncategorised'],"[{'industry': 'Other / uncategorised', 'score': 0.0, 'reasons': []}]",False,,0,ZAR,2026-06-17T11:00:00Z,,5955000.0,2026-06-15T00:00:00Z
ocds-9t57fa-160045,ANGM00014,Amatola Water Board,Eastern Cape,active,['Other / uncategorised'],"[{'industry': 'Other / uncategorised', 'score': 0.0, 'reasons': []}]",False,,0,ZAR,2026-06-19T09:30:00Z,,290001.0,2026-06-15T00:00:00Z
ocds-9t57fa-159178,PR10116533,Road Accident Fund,Gauteng,active,"['Security services', 'Construction & civil']","[{'industry': 'Security services', 'score': 1.0, 'reasons': [""text fuzzy-matches 'guarding' (similarity 1.00)""]}, {'industry': 'Construction & civil', 'score': 0.89, 'reasons': [""text fuzzy-matches 'roads' (similarity 0.89)""]}]",False,,0,ZAR,2026-06-22T09:00:00Z,,8958000.0,2026-06-15T00:00:00Z
ocds-9t57fa-164414,POU000053V,Justice & Constitutional Development,Northern Cape,active,['Other / uncategorised'],"[{'industry': 'Other / uncategorised', 'score': 0.0, 'reasons': []}]",False,,0,ZAR,2026-06-22T11:00:00Z,,19608880.0,2026-06-15T00:00:00Z
ocds-9t57fa-163721,COSEC: 4500059754,South African National Roads Agency Soc Limited (SANRAL),National,active,['Professional & consulting services'],"[{'industry': 'Professional & consulting services', 'score': 1.0, 'reasons': [""category field contains 'consulting'""]}]",False,,0,ZAR,2026-06-30T11:00:00Z,,500000000.0,2026-06-15T00:00:00Z
ocds-9t57fa-159221,GKM 52-25/26 RE-ADVERT,Greater Kokstad Local Municipality,KwaZulu-Natal,active,['Professional & consulting services'],"[{'industry': 'Professional & consulting services', 'score': 1.0, 'reasons': [""category field contains 'consulting'""]}]",False,,0,ZAR,2026-06-30T12:00:00Z,,23101080.0,2026-06-15T00:00:00Z
ocds-9t57fa-159168,9/3/1/438,Bela Bela Local Municipality,Limpopo,active,['Other / uncategorised'],"[{'industry': 'Other / uncategorised', 'score': 0.0, 'reasons': []}]",False,,0,ZAR,2026-07-01T12:00:00Z,,702125150.0,2026-06-15T00:00:00Z
ocds-9t57fa-159167,9/3/1/439,Bela Bela Local Municipality,Limpopo,active,['Other / uncategorised'],"[{'industry': 'Other / uncategorised', 'score': 0.0, 'reasons': []}]",False,,0,ZAR,2026-07-03T12:00:00Z,,690664159.0,2026-06-15T00:00:00Z
ocds-9t57fa-166764,Memorandum 2026,Productivity SA,Gauteng,active,['Professional & consulting services'],"[{'industry': 'Professional & consulting services', 'score': 1.0, 'reasons': [""category field contains 'consulting'""]}]",False,,0,ZAR,2026-08-10T11:00:00Z,,50670840.0,2026-06-15T00:00:00Z
ocds-9t57fa-159206,HRM/JUN/2026/10,Limpopo - Gateway Airport Authority Limited,Limpopo,complete,['Other / uncategorised'],"[{'industry': 'Other / uncategorised', 'score': 0.0, 'reasons': []}]",False,,0,ZAR,2026-06-19T11:00:00Z,,,2026-06-15T00:00:00Z
ocds-9t57fa-162286,Limmited Bidding-IAIASA,Mpumalanga - Agriculture Rural Development and Land Administration,Mpumalanga,complete,['Other / uncategorised'],"[{'industry': 'Other / uncategorised', 'score': 0.0, 'reasons': []}]",False,,0,ZAR,2026-06-19T11:00:00Z,,,2026-06-15T00:00:00Z
ocds-9t57fa-159163,ECR/RS/09/06/2026,Passenger Rail Agency of South Africa,Eastern Cape,complete,"['Electrical', 'Supply of goods']","[{'industry': 'Electrical', 'score': 1.0, 'reasons': [""text fuzzy-matches 'electrical' (similarity 1.00)""]}, {'industry': 'Supply of goods', 'score': 1.0, 'reasons': [""text fuzzy-matches 'supply and delivery' (similarity 1.00)""]}]",False,,0,ZAR,2026-06-19T12:00:00Z,,,2026-06-15T00:00:00Z
ocds-9t57fa-159183,RFQ-1-12389,Statistics South Africa,Gauteng,complete,['Other / uncategorised'],"[{'industry': 'Other / uncategorised', 'score': 0.0, 'reasons': []}]",False,,0,ZAR,2026-06-22T16:00:00Z,,,2026-06-15T00:00:00Z
ocds-9t57fa-159203,RFQJW0071SM2026,Johannesburg Water,Gauteng,complete,['Professional & consulting services'],"[{'industry': 'Professional & consulting services', 'score': 1.0, 'reasons': [""text fuzzy-matches 'project management' (similarity 1.00)""]}]",False,,0,ZAR,2026-06-22T16:00:00Z,,,2026-06-15T00:00:00Z
ocds-9t57fa-159158,RFQ 042 2026/27A,Special Investigation Unit,Gauteng,complete,"['ICT & telecommunications', 'Professional & consulting services']","[{'industry': 'ICT & telecommunications', 'score': 1.0, 'reasons': [""category field contains 'ict'""]}, {'industry': 'Professional & consulting services', 'score': 1.0, 'reasons': [""category field contains 'consulting'""]}]",False,,0,ZAR,2026-06-23T10:00:00Z,,,2026-06-15T00:00:00Z
ocds-9t57fa-159171,RFQ Number: 4502/26,South African Weather Service,Eastern Cape,complete,['Professional & consulting services'],"[{'industry': 'Professional & consulting services', 'score': 1.0, 'reasons': [""category field contains 'consulting'""]}]",False,,0,ZAR,2026-06-23T11:00:00Z,,,2026-06-15T00:00:00Z
ocds-9t57fa-159213,MISA/REQ01301/HR/A/2026/2027,Municipal Infrastructure Support Agent,Gauteng,complete,['Professional & consulting services'],"[{'industry': 'Professional & consulting services', 'score': 1.0, 'reasons': [""category field contains 'consulting'""]}]",False,,0,ZAR,2026-06-23T11:00:00Z,,,2026-06-15T00:00:00Z
ocds-9t57fa-159214,ASA 01/06/2026,Agrément South Africa,National,complete,['Professional & consulting services'],"[{'industry': 'Professional & consulting services', 'score': 1.0, 'reasons': [""category field contains 'consulting'""]}]",False,,0,ZAR,2026-06-23T11:00:00Z,,,2026-06-15T00:00:00Z
ocds-9t57fa-159215,RFQ053 AM (26/27),"National - Environment, Forestry and Fisheries",Mpumalanga,complete,['Professional & consulting services'],"[{'industry': 'Professional & consulting services', 'score': 1.0, 'reasons': [""category field contains 'consulting'""]}]",False,,0,ZAR,2026-06-23T11:00:00Z,,,2026-06-15T00:00:00Z
ocds-9t57fa-159196,OLT2128193,ESKOM,Eastern Cape,complete,['Electrical'],"[{'industry': 'Electrical', 'score': 1.0, 'reasons': [""text fuzzy-matches 'transformer' (similarity 1.00)""]}]",False,,0,ZAR,2026-06-24T10:00:00Z,,,2026-06-15T00:00:00Z
ocds-9t57fa-158882,RFQ/VDM/FIN/28/05/2026/01,Vhembe District Municipality,Limpopo,complete,['Other / uncategorised'],"[{'industry': 'Other / uncategorised', 'score': 0.0, 'reasons': []}]",False,,0,ZAR,2026-06-24T12:00:00Z,,,2026-06-15T00:00:00Z
ocds-9t57fa-159218,SAST/RFQ/2025/289,The South African State Theatre,Gauteng,complete,['Other / uncategorised'],"[{'industry': 'Other / uncategorised', 'score': 0.0, 'reasons': []}]",False,,0,ZAR,2026-06-25T11:00:00Z,,,2026-06-15T00:00:00Z
ocds-9t57fa-159205,RFQ00062/2026,Eastern Cape - Eastern Cape Development Corporation,Eastern Cape,complete,['Other / uncategorised'],"[{'industry': 'Other / uncategorised', 'score': 0.0, 'reasons': []}]",False,,0,ZAR,2026-06-26T12:00:00Z,,,2026-06-15T00:00:00Z
ocds-9t57fa-159165,RFQ SUR,National Museum Bloemfontein,Free State,complete,['Professional & consulting services'],"[{'industry': 'Professional & consulting services', 'score': 1.0, 'reasons': [""category field contains 'consulting'""]}]",False,,0,ZAR,2026-06-26T15:00:00Z,,,2026-06-15T00:00:00Z
ocds-9t57fa-159157,RFQ: FIN0004/26,Gauteng - Agriculture and Rural Development,Gauteng,complete,"['Professional & consulting services', 'Agriculture']","[{'industry': 'Professional & consulting services', 'score': 1.98, 'reasons': [""category field contains 'consulting'"", ""text fuzzy-matches 'professional services' (similarity 0.98)""]}, {'industry': 'Agriculture', 'score': 1.0, 'reasons': [""text fuzzy-matches 'agriculture' (similarity 1.00)""]}]",False,,0,ZAR,2026-06-30T11:00:00Z,,,2026-06-15T00:00:00Z
ocds-9t57fa-159177,RFQ NO  4185/26,South African Weather Service,Gauteng,complete,['Construction & civil'],"[{'industry': 'Construction & civil', 'score': 1.0, 'reasons': [""category field contains 'construction'""]}]",False,,0,ZAR,2026-06-30T11:00:00Z,,,2026-06-15T00:00:00Z
ocds-9t57fa-159228,RFQ 201990,SA Bureau of Standards,Mpumalanga,complete,['Other / uncategorised'],"[{'industry': 'Other / uncategorised', 'score': 0.0, 'reasons': []}]",False,,0,ZAR,2026-06-30T11:00:00Z,,,2026-06-15T00:00:00Z
ocds-9t57fa-159161,RFP2026/8,SOUTH AFRICAN SPECIAL RISKS INSURANCE ASSOCIATION (Sasria Soc Ltd),Gauteng,complete,['Professional & consulting services'],"[{'industry': 'Professional & consulting services', 'score': 1.0, 'reasons': [""category field contains 'consulting'""]}]",False,,0,ZAR,2026-06-30T12:00:00Z,,,2026-06-15T00:00:00Z
ocds-9t57fa-159190,T/MM/01/05/2025/2026,Victor Khanye Local Municipality,Mpumalanga,complete,['Construction & civil'],"[{'industry': 'Construction & civil', 'score': 1.0, 'reasons': [""category field contains 'building'""]}]",False,,0,ZAR,2026-07-03T10:00:00Z,,,2026-06-15T00:00:00Z
ocds-9t57fa-159207,T/SS/02/05/2025/2026,Victor Khanye Local Municipality,Mpumalanga,complete,"['Supply of goods', 'ICT & telecommunications']","[{'industry': 'Supply of goods', 'score': 1.0, 'reasons': [""text fuzzy-matches 'supply and delivery' (similarity 1.00)""]}, {'industry': 'ICT & telecommunications', 'score': 0.89, 'reasons': [""text fuzzy-matches 'fibre' (similarity 0.89)""]}]",False,,0,ZAR,2026-07-03T10:00:00Z,,,2026-06-15T00:00:00Z
ocds-9t57fa-158711,OVI01REQ004068,Agricultural Research Council,Gauteng,complete,['Professional & consulting services'],"[{'industry': 'Professional & consulting services', 'score': 1.0, 'reasons': [""category field contains 'consulting'""]}]",False,,0,ZAR,2026-07-03T11:00:00Z,,,2026-06-15T00:00:00Z
ocds-9t57fa-159187,GPAA 02/2026,Government Pensions Administration Agency (GPAA),Gauteng,complete,['Professional & consulting services'],"[{'industry': 'Professional & consulting services', 'score': 1.0, 'reasons': [""category field contains 'consulting'""]}]",False,,0,ZAR,2026-07-06T11:00:00Z,,,2026-06-15T00:00:00Z
ocds-9t57fa-159193,GPAA 04/2026,Government Pensions Administration Agency (GPAA),Gauteng,complete,['Professional & consulting services'],"[{'industry': 'Professional & consulting services', 'score': 1.0, 'reasons': [""category field contains 'consulting'""]}]",False,,0,ZAR,2026-07-06T11:00:00Z,,,2026-06-15T00:00:00Z
ocds-9t57fa-159170,E0626TSSERIC,ESKOM,Gauteng,complete,"['Electrical', 'Supply of goods']","[{'industry': 'Electrical', 'score': 1.0, 'reasons': [""category field contains 'electrical'""]}, {'industry': 'Supply of goods', 'score': 1.0, 'reasons': [""text fuzzy-matches 'supply and delivery' (similarity 1.00)""]}]",False,,0,ZAR,2026-07-07T10:00:00Z,,,2026-06-15T00:00:00Z
ocds-9t57fa-159817,71695,South African Local Government Association,National,complete,['Professional & consulting services'],"[{'industry': 'Professional & consulting services', 'score': 1.0, 'reasons': [""category field contains 'consulting'""]}]",False,,0,ZAR,2026-06-15T11:00:00Z,,,2026-06-14T00:00:00Z
ocds-9t57fa-162437,MSP0150/16/03/2026,Council for Scientific and Industrial Research (CSIR),Gauteng,complete,['Supply of goods'],"[{'industry': 'Supply of goods', 'score': 1.0, 'reasons': [""text fuzzy-matches 'supply and delivery' (similarity 1.00)""]}]",False,,0,ZAR,2026-06-15T11:00:00Z,,,2026-06-14T00:00:00Z
ocds-9t57fa-159155,RFQ  Number 4495/26,South African Weather Service,Gauteng,complete,['ICT & telecommunications'],"[{'industry': 'ICT & telecommunications', 'score': 1.0, 'reasons': [""text fuzzy-matches 'software' (similarity 1.00)""]}]",False,,0,ZAR,2026-06-22T11:00:00Z,,,2026-06-14T00:00:00Z
ocds-9t57fa-159154,NLM: TEC-01/06/2026,Ngwathe Local Municipality,Free State,complete,['Other / uncategorised'],"[{'industry': 'Other / uncategorised', 'score': 0.0, 'reasons': []}]",False,,0,ZAR,2026-07-17T12:00:00Z,,,2026-06-14T00:00:00Z
ocds-9t57fa-158965,ECR/CS/06/06/2025,Passenger Rail Agency of South Africa,Eastern Cape,active,['Other / uncategorised'],"[{'industry': 'Other / uncategorised', 'score': 0.0, 'reasons': []}]",False,,0,ZAR,2026-06-18T12:00:00Z,,50885.0,2026-06-12T00:00:00Z
ocds-9t57fa-166036,6000442770,ESKOM,KwaZulu-Natal,active,"['Electrical', 'Supply of goods']","[{'industry': 'Electrical', 'score': 1.0, 'reasons': [""category field contains 'electrical'""]}, {'industry': 'Supply of goods', 'score': 1.0, 'reasons': [""text fuzzy-matches 'supply and delivery' (similarity 1.00)""]}]",False,2026-09-30T00:00:00Z,0,ZAR,2026-06-23T11:00:00Z,,60737600.0,2026-06-12T00:00:00Z
ocds-9t57fa-160694,DEV 09 2026/27,Special Investigation Unit,Gauteng,active,['Other / uncategorised'],"[{'industry': 'Other / uncategorised', 'score': 0.0, 'reasons': []}]",False,,0,ZAR,2026-06-24T12:00:00Z,,187000.0,2026-06-12T00:00:00Z
ocds-9t57fa-158959,IZIKOC&DRFQ2026/05/12,Iziko Museums of Cape Town,Western Cape,active,['Construction & civil'],"[{'industry': 'Construction & civil', 'score': 1.0, 'reasons': [""category field contains 'construction'""]}]",False,,0,ZAR,2026-06-25T11:00:00Z,,2563350.0,2026-06-12T00:00:00Z
ocds-9t57fa-158917,PPA - 122790,Transnet SOC Ltd,KwaZulu-Natal,active,['Construction & civil'],"[{'industry': 'Construction & civil', 'score': 2.0, 'reasons': [""category field contains 'construction'"", ""text fuzzy-matches 'structural' (similarity 1.00)""]}]",False,,0,ZAR,2026-06-26T12:00:00Z,,568625350.0,2026-06-12T00:00:00Z
ocds-9t57fa-159009,SK8/3/1-37/2025/2026,Sekhukhune District Municipality,Limpopo,active,['Security services'],"[{'industry': 'Security services', 'score': 1.0, 'reasons': [""text fuzzy-matches 'security services' (similarity 1.00)""]}]",False,,0,ZAR,2026-06-29T11:00:00Z,,19740260.0,2026-06-12T00:00:00Z
ocds-9t57fa-158940,LAB2026-BID-11,uThukela Water (Pty) Ltd,KwaZulu-Natal,active,['Other / uncategorised'],"[{'industry': 'Other / uncategorised', 'score': 0.0, 'reasons': []}]",False,,0,ZAR,2026-06-30T12:00:00Z,,161652050.0,2026-06-12T00:00:00Z
ocds-9t57fa-159001,GNP-113A-25,South African National Parks,National,active,['Other / uncategorised'],"[{'industry': 'Other / uncategorised', 'score': 0.0, 'reasons': []}]",False,,0,ZAR,2026-07-06T11:00:00Z,,973983377.0,2026-06-12T00:00:00Z
ocds-9t57fa-159006,NT008-2026,National Treasury,Gauteng,active,['Professional & consulting services'],"[{'industry': 'Professional & consulting services', 'score': 1.0, 'reasons': [""category field contains 'consulting'""]}]",False,,0,ZAR,2026-07-17T11:00:00Z,,13975911360.0,2026-06-12T00:00:00Z
ocds-9t57fa-167124,SO/VO/03/05/2026,South African National Space Agency,Gauteng,active,['ICT & telecommunications'],"[{'industry': 'ICT & telecommunications', 'score': 1.0, 'reasons': [""category field contains 'telecommunications'""]}]",False,,0,ZAR,2026-08-24T11:00:00Z,,200000.0,2026-06-12T00:00:00Z
ocds-9t57fa-159034,E1705GXMPKRI  Award,ESKOM,Mpumalanga,complete,"['Mechanical & HVAC', 'Supply of goods']","[{'industry': 'Mechanical & HVAC', 'score': 1.0, 'reasons': [""text fuzzy-matches 'boiler' (similarity 1.00)""]}, {'industry': 'Supply of goods', 'score': 1.0, 'reasons': [""text fuzzy-matches 'supply and delivery' (similarity 1.00)""]}]",False,,0,ZAR,2026-06-15T10:00:00Z,,,2026-06-12T00:00:00Z
ocds-9t57fa-159036,E1705GXMPKRI Regret Letter,ESKOM,Mpumalanga,complete,"['Mechanical & HVAC', 'Supply of goods']","[{'industry': 'Mechanical & HVAC', 'score': 1.0, 'reasons': [""text fuzzy-matches 'boiler' (similarity 1.00)""]}, {'industry': 'Supply of goods', 'score': 1.0, 'reasons': [""text fuzzy-matches 'supply and delivery' (similarity 1.00)""]}]",False,,0,ZAR,2026-06-15T10:00:00Z,,,2026-06-12T00:00:00Z
ocds-9t57fa-158997,RFQ2026/27/13,Ports Regulator of South Africa,KwaZulu-Natal,complete,['Security services'],"[{'industry': 'Security services', 'score': 1.0, 'reasons': [""category field contains 'security services'""]}]",False,,0,ZAR,2026-06-18T12:00:00Z,,,2026-06-12T00:00:00Z
ocds-9t57fa-159041,ECR/CS/07/06/2026,Passenger Rail Agency of South Africa,Eastern Cape,complete,['Supply of goods'],"[{'industry': 'Supply of goods', 'score': 1.0, 'reasons': [""text fuzzy-matches 'supply and delivery' (similarity 1.00)""]}]",False,,0,ZAR,2026-06-18T12:00:00Z,,,2026-06-12T00:00:00Z
ocds-9t57fa-159071,RFQJW0075DM26 ,Johannesburg Water,Gauteng,complete,"['Construction & civil', 'Water & sanitation']","[{'industry': 'Construction & civil', 'score': 1.0, 'reasons': [""text fuzzy-matches 'building' (similarity 1.00)""]}, {'industry': 'Water & sanitation', 'score': 1.0, 'reasons': [""category field contains 'sewer'""]}]",False,,0,ZAR,2026-06-18T12:00:00Z,,,2026-06-12T00:00:00Z
ocds-9t57fa-158945,INF012606RFQ02,Agricultural Research Council,Western Cape,complete,['ICT & telecommunications'],"[{'industry': 'ICT & telecommunications', 'score': 0.89, 'reasons': [""text fuzzy-matches 'fibre' (similarity 0.89)""]}]",False,,0,ZAR,2026-06-19T11:00:00Z,,,2026-06-12T00:00:00Z
ocds-9t57fa-158977,Q 2026/046,Cape Winelands District Municipality,Western Cape,complete,['Other / uncategorised'],"[{'industry': 'Other / uncategorised', 'score': 0.0, 'reasons': []}]",False,,0,ZAR,2026-06-19T11:00:00Z,,,2026-06-12T00:00:00Z
ocds-9t57fa-158982,INF012606RFQ11,Agricultural Research Council,Western Cape,complete,['Supply of goods'],"[{'industry': 'Supply of goods', 'score': 1.0, 'reasons': [""text fuzzy-matches 'supply and delivery' (similarity 1.00)""]}]",False,,0,ZAR,2026-06-19T11:00:00Z,,,2026-06-12T00:00:00Z
ocds-9t57fa-159004,INF012606RFQ12,Agricultural Research Council,Western Cape,complete,['Other / uncategorised'],"[{'industry': 'Other / uncategorised', 'score': 0.0, 'reasons': []}]",False,,0,ZAR,2026-06-19T11:00:00Z,,,2026-06-12T00:00:00Z
ocds-9t57fa-159017,RFQ-MICT-22-2026,"Media, Information and Communication Technologies Sector Education and training Authority (MICT SETA)",National,complete,['Other / uncategorised'],"[{'industry': 'Other / uncategorised', 'score': 0.0, 'reasons': []}]",False,,0,ZAR,2026-06-19T11:00:00Z,,,2026-06-12T00:00:00Z
ocds-9t57fa-159069,DM822/26,Tourism,Gauteng,complete,['Other / uncategorised'],"[{'industry': 'Other / uncategorised', 'score': 0.0, 'reasons': []}]",False,,0,ZAR,2026-06-19T11:00:00Z,,,2026-06-12T00:00:00Z
ocds-9t57fa-159047,6000080547,Johannesburg Water,Gauteng,complete,['Supply of goods'],"[{'industry': 'Supply of goods', 'score': 0.97, 'reasons': [""text fuzzy-matches 'supply and delivery' (similarity 0.97)""]}]",False,,0,ZAR,2026-06-19T12:00:00Z,,,2026-06-12T00:00:00Z
ocds-9t57fa-159076,6000080549,Johannesburg Water,Gauteng,complete,['Supply of goods'],"[{'industry': 'Supply of goods', 'score': 0.97, 'reasons': [""text fuzzy-matches 'supply and delivery' (similarity 0.97)""]}]",False,,0,ZAR,2026-06-19T12:00:00Z,,,2026-06-12T00:00:00Z
ocds-9t57fa-159086,SGI012605RFQ00000037,Agricultural Research Council,Free State,complete,['Supply of goods'],"[{'industry': 'Supply of goods', 'score': 1.0, 'reasons': [""text fuzzy-matches 'supply and delivery' (similarity 1.00)""]}]",False,,0,ZAR,2026-06-19T12:00:00Z,,,2026-06-12T00:00:00Z
ocds-9t57fa-158972,REQ-00255,Umzinyathi District Municipality,KwaZulu-Natal,complete,['Supply of goods'],"[{'industry': 'Supply of goods', 'score': 1.0, 'reasons': [""text fuzzy-matches 'supply and delivery' (similarity 1.00)""]}]",False,,0,ZAR,2026-06-19T13:00:00Z,,,2026-06-12T00:00:00Z
ocds-9t57fa-158950,RFQ/OBP062/2026/27,Onderstepoort Biological Products Limited,Gauteng,complete,['Professional & consulting services'],"[{'industry': 'Professional & consulting services', 'score': 1.0, 'reasons': [""category field contains 'consulting'""]}]",False,,0,ZAR,2026-06-19T14:00:00Z,,,2026-06-12T00:00:00Z
ocds-9t57fa-159027,RFQJW071KM26,Johannesburg Water,Gauteng,complete,['Other / uncategorised'],"[{'industry': 'Other / uncategorised', 'score': 0.0, 'reasons': []}]",False,,0,ZAR,2026-06-19T16:00:00Z,,,2026-06-12T00:00:00Z
ocds-9t57fa-159054,SLM RFQ 33/2026,Siyathemba Local Municipality,Northern Cape,complete,['Supply of goods'],"[{'industry': 'Supply of goods', 'score': 1.0, 'reasons': [""text fuzzy-matches 'supply and delivery' (similarity 1.00)""]}]",False,,0,ZAR,2026-06-19T16:00:00Z,,,2026-06-12T00:00:00Z
ocds-9t57fa-159055,SLM RFQ 34/2026,Siyathemba Local Municipality,Northern Cape,complete,"['Electrical', 'Supply of goods']","[{'industry': 'Electrical', 'score': 2.0, 'reasons': [""category field contains 'electrical'"", ""text fuzzy-matches 'electrical' (similarity 1.00)""]}, {'industry': 'Supply of goods', 'score': 1.0, 'reasons': [""text fuzzy-matches 'supply and delivery' (similarity 1.00)""]}]",False,,0,ZAR,2026-06-19T16:00:00Z,,,2026-06-12T00:00:00Z
ocds-9t57fa-158991,JTC0034/2025-26,City Council of Johannesburg,Gauteng,complete,['Other / uncategorised'],"[{'industry': 'Other / uncategorised', 'score': 0.0, 'reasons': []}]",False,,0,ZAR,2026-06-22T10:00:00Z,,,2026-06-12T00:00:00Z
ocds-9t57fa-159046,Q91-01-2025-26,City of Tshwane,Gauteng,complete,['Other / uncategorised'],"[{'industry': 'Other / uncategorised', 'score': 0.0, 'reasons': []}]",False,,0,ZAR,2026-06-22T10:00:00Z,,,2026-06-12T00:00:00Z
ocds-9t57fa-159016,RFQ Number: 4489/26,South African Weather Service,Gauteng,complete,"['Electrical', 'Professional & consulting services']","[{'industry': 'Electrical', 'score': 1.0, 'reasons': [""text fuzzy-matches 'electrical' (similarity 1.00)""]}, {'industry': 'Professional & consulting services', 'score': 1.0, 'reasons': [""category field contains 'consulting'""]}]",False,,0,ZAR,2026-06-22T11:00:00Z,,,2026-06-12T00:00:00Z
ocds-9t57fa-159107,PR10068272,Gauteng - Legislature,Gauteng,complete,['Professional & consulting services'],"[{'industry': 'Professional & consulting services', 'score': 1.0, 'reasons': [""category field contains 'consulting'""]}]",False,,0,ZAR,2026-06-22T11:00:00Z,,,2026-06-12T00:00:00Z
ocds-9t57fa-159148,RAF/2026/00032,Road Accident Fund,National,complete,['Other / uncategorised'],"[{'industry': 'Other / uncategorised', 'score': 0.0, 'reasons': []}]",False,,0,ZAR,2026-06-22T11:00:00Z,,,2026-06-12T00:00:00Z
ocds-9t57fa-158979,RFQ 55 Medicals Gough Island 2026,"National - Environment, Forestry and Fisheries",Western Cape,complete,"['Health & medical', 'Supply of goods']","[{'industry': 'Health & medical', 'score': 1.93, 'reasons': [""category field contains 'medical'"", ""text fuzzy-matches 'medical' (similarity 0.93)""]}, {'industry': 'Supply of goods', 'score': 1.0, 'reasons': [""text fuzzy-matches 'supply and delivery' (similarity 1.00)""]}]",False,,0,ZAR,2026-06-22T12:00:00Z,,,2026-06-12T00:00:00Z
ocds-9t57fa-159057,UMS/FIN/LAPTOPS/PC/06/2026,Umsobomvu Local Municipality,Northern Cape,complete,['Supply of goods'],"[{'industry': 'Supply of goods', 'score': 1.0, 'reasons': [""text fuzzy-matches 'supply and delivery' (similarity 1.00)""]}]",False,,0,ZAR,2026-06-22T12:00:00Z,,,2026-06-12T00:00:00Z
ocds-9t57fa-159097,FWQ13/2026,Blue crane route local municipality,Eastern Cape,complete,['Supply of goods'],"[{'industry': 'Supply of goods', 'score': 0.97, 'reasons': [""text fuzzy-matches 'supply and delivery' (similarity 0.97)""]}]",False,,0,ZAR,2026-06-22T12:00:00Z,,,2026-06-12T00:00:00Z
ocds-9t57fa-159100,FWQ09/2026,Blue crane route local municipality,Eastern Cape,complete,['Supply of goods'],"[{'industry': 'Supply of goods', 'score': 1.0, 'reasons': [""text fuzzy-matches 'supply and delivery' (similarity 1.00)""]}]",False,,0,ZAR,2026-06-22T12:00:00Z,,,2026-06-12T00:00:00Z
ocds-9t57fa-159102,FWQ19/2026,Blue crane route local municipality,Eastern Cape,complete,['Supply of goods'],"[{'industry': 'Supply of goods', 'score': 1.0, 'reasons': [""text fuzzy-matches 'supply and delivery' (similarity 1.00)""]}]",False,,0,ZAR,2026-06-22T12:00:00Z,,,2026-06-12T00:00:00Z
ocds-9t57fa-158975,REQ-00258,Umzinyathi District Municipality,KwaZulu-Natal,complete,['Other / uncategorised'],"[{'industry': 'Other / uncategorised', 'score': 0.0, 'reasons': []}]",False,,0,ZAR,2026-06-22T13:00:00Z,,,2026-06-12T00:00:00Z
ocds-9t57fa-158999,RFQ-ICT-26-27-059,"Manufacturing, Engineering and Related Services SETA (merSETA)",Gauteng,complete,['Professional & consulting services'],"[{'industry': 'Professional & consulting services', 'score': 1.0, 'reasons': [""category field contains 'consulting'""]}]",False,,0,ZAR,2026-06-22T16:00:00Z,,,2026-06-12T00:00:00Z
ocds-9t57fa-158985,RFQ 56 Meat Gough Island 2026,"National - Environment, Forestry and Fisheries",Western Cape,complete,['Supply of goods'],"[{'industry': 'Supply of goods', 'score': 1.0, 'reasons': [""text fuzzy-matches 'supply and delivery' (similarity 1.00)""]}]",False,,0,ZAR,2026-06-23T11:00:00Z,,,2026-06-12T00:00:00Z
ocds-9t57fa-159083,SARAO HART023/2026-27,National Research Foundation,Gauteng,complete,['Other / uncategorised'],"[{'industry': 'Other / uncategorised', 'score': 0.0, 'reasons': []}]",False,,0,ZAR,2026-06-23T11:00:00Z,,,2026-06-12T00:00:00Z
ocds-9t57fa-159116,5/2/1/1/2025-2026/764,National - Department of Agriculture,National,complete,"['Construction & civil', 'Security services', 'Agriculture']","[{'industry': 'Construction & civil', 'score': 1.0, 'reasons': [""text fuzzy-matches 'building' (similarity 1.00)""]}, {'industry': 'Security services', 'score': 1.0, 'reasons': [""text fuzzy-matches 'guarding' (similarity 1.00)""]}, {'industry': 'Agriculture', 'score': 1.0, 'reasons': [""text fuzzy-matches 'agriculture' (similarity 1.00)""]}]",False,,0,ZAR,2026-06-23T11:00:00Z,,,2026-06-12T00:00:00Z
ocds-9t57fa-158984,Q44-2025,Overberg District Municipality,Western Cape,complete,['Security services'],"[{'industry': 'Security services', 'score': 2.0, 'reasons': [""category field contains 'security services'"", ""text fuzzy-matches 'access control' (similarity 1.00)""]}]",False,,0,ZAR,2026-06-23T12:00:00Z,,,2026-06-12T00:00:00Z
ocds-9t57fa-159143,8/2/5/149RE (2026-2029),Midvaal Local Municipality,Gauteng,complete,"['Professional & consulting services', 'Health & medical', 'Security services']","[{'industry': 'Professional & consulting services', 'score': 1.0, 'reasons': [""category field contains 'consulting'""]}, {'industry': 'Health & medical', 'score': 1.0, 'reasons': [""text fuzzy-matches 'medical' (similarity 1.00)""]}, {'industry': 'Security services', 'score': 0.92, 'reasons': [""text fuzzy-matches 'surveillance' (similarity 0.92)""]}]",False,,0,ZAR,2026-06-24T10:00:00Z,,,2026-06-12T00:00:00Z
ocds-9t57fa-165321,WD561,Water and Sanitation,National,complete,['Other / uncategorised'],"[{'industry': 'Other / uncategorised', 'score': 0.0, 'reasons': []}]",False,,0,ZAR,2026-06-24T11:00:00Z,,,2026-06-12T00:00:00Z
ocds-9t57fa-158993,Q45-2025,Overberg District Municipality,Western Cape,complete,['ICT & telecommunications'],"[{'industry': 'ICT & telecommunications', 'score': 0.89, 'reasons': [""text fuzzy-matches 'fibre' (similarity 0.89)""]}]",False,,0,ZAR,2026-06-24T12:00:00Z,,,2026-06-12T00:00:00Z
ocds-9t57fa-158995,RFQ 57 Cargo Clearance Gough Island 2026,"National - Environment, Forestry and Fisheries",Western Cape,complete,['Other / uncategorised'],"[{'industry': 'Other / uncategorised', 'score': 0.0, 'reasons': []}]",False,,0,ZAR,2026-06-24T12:00:00Z,,,2026-06-12T00:00:00Z
ocds-9t57fa-159084,MLM/2025-26/INFRA/016,Makana Local Municipality,Eastern Cape,complete,['Construction & civil'],"[{'industry': 'Construction & civil', 'score': 1.0, 'reasons': [""category field contains 'construction'""]}]",False,,0,ZAR,2026-06-24T12:00:00Z,,,2026-06-12T00:00:00Z
ocds-9t57fa-159124,RFQ29130,Airports Company of South Africa,KwaZulu-Natal,complete,['Construction & civil'],"[{'industry': 'Construction & civil', 'score': 0.89, 'reasons': [""text fuzzy-matches 'roads' (similarity 0.89)""]}]",False,,0,ZAR,2026-06-24T16:00:00Z,,,2026-06-12T00:00:00Z
ocds-9t57fa-159125,MAPW RFQ 063/2025/26,Maluti-a-Phofung Water,Free State,complete,"['Water & sanitation', 'Supply of goods']","[{'industry': 'Water & sanitation', 'score': 2.0, 'reasons': [""category field contains 'sewer'"", ""text fuzzy-matches 'water treatment' (similarity 1.00)""]}, {'industry': 'Supply of goods', 'score': 1.0, 'reasons': [""text fuzzy-matches 'supply and delivery' (similarity 1.00)""]}]",False,,0,ZAR,2026-06-25T10:00:00Z,,,2026-06-12T00:00:00Z
ocds-9t57fa-158856,N28/2025/2026,Thulamela Local Municipality,Limpopo,complete,['Other / uncategorised'],"[{'industry': 'Other / uncategorised', 'score': 0.0, 'reasons': []}]",False,,0,ZAR,2026-06-25T11:00:00Z,,,2026-06-12T00:00:00Z
ocds-9t57fa-158961,INF012606RFQ10,Agricultural Research Council,Western Cape,complete,['Construction & civil'],"[{'industry': 'Construction & civil', 'score': 2.0, 'reasons': [""category field contains 'building'"", ""text fuzzy-matches 'building' (similarity 1.00)""]}]",False,,0,ZAR,2026-06-25T11:00:00Z,,,2026-06-12T00:00:00Z
ocds-9t57fa-159003,RFQ 58 Food Gough Island 2026,"National - Environment, Forestry and Fisheries",Western Cape,complete,['Supply of goods'],"[{'industry': 'Supply of goods', 'score': 1.0, 'reasons': [""text fuzzy-matches 'supply and delivery' (similarity 1.00)""]}]",False,,0,ZAR,2026-06-25T11:00:00Z,,,2026-06-12T00:00:00Z
ocds-9t57fa-159038,SGR/WEST RAND/ WASTE MAN SERV/01/06/2026,Passenger Rail Agency of South Africa,Gauteng,complete,['Other / uncategorised'],"[{'industry': 'Other / uncategorised', 'score': 0.0, 'reasons': []}]",False,,0,ZAR,2026-06-25T12:00:00Z,,,2026-06-12T00:00:00Z
ocds-9t57fa-159042,SGR/EAST RAND/ WASTE MAN SERV/02/06/2026,Passenger Rail Agency of South Africa,Gauteng,complete,['Other / uncategorised'],"[{'industry': 'Other / uncategorised', 'score': 0.0, 'reasons': []}]",False,,0,ZAR,2026-06-25T12:00:00Z,,,2026-06-12T00:00:00Z
ocds-9t57fa-159129,HOAC HO 57992,Transnet SOC Ltd,National,complete,"['Mining & resources', 'Professional & consulting services']","[{'industry': 'Mining & resources', 'score': 1.0, 'reasons': [""text fuzzy-matches 'ore' (similarity 1.00)""]}, {'industry': 'Professional & consulting services', 'score': 1.0, 'reasons': [""text fuzzy-matches 'advisory' (similarity 1.00)""]}]",False,,0,ZAR,2026-06-25T13:00:00Z,,,2026-06-12T00:00:00Z
ocds-9t57fa-158974,RFQ/SASSETA/2526122/3,Safety and Security Sector Education and Training Authority (Sasseta),Gauteng,complete,['Professional & consulting services'],"[{'industry': 'Professional & consulting services', 'score': 1.0, 'reasons': [""category field contains 'consulting'""]}]",False,,0,ZAR,2026-06-25T15:00:00Z,,,2026-06-12T00:00:00Z
ocds-9t57fa-158998,RFQ/SASSETA/2627104,Safety and Security Sector Education and Training Authority (Sasseta),Gauteng,complete,['Professional & consulting services'],"[{'industry': 'Professional & consulting services', 'score': 1.0, 'reasons': [""category field contains 'consulting'""]}]",False,,0,ZAR,2026-06-25T15:00:00Z,,,2026-06-12T00:00:00Z
ocds-9t57fa-158969,31613-1R,Ethekwini Metropolitan Municipality,KwaZulu-Natal,complete,['Construction & civil'],"[{'industry': 'Construction & civil', 'score': 0.91, 'reasons': [""text fuzzy-matches 'roads' (similarity 0.91)""]}]",False,,0,ZAR,2026-06-26T11:00:00Z,,,2026-06-12T00:00:00Z
ocds-9t57fa-158973,36460-1R,Ethekwini Metropolitan Municipality,KwaZulu-Natal,complete,['Other / uncategorised'],"[{'industry': 'Other / uncategorised', 'score': 0.0, 'reasons': []}]",False,,0,ZAR,2026-06-26T11:00:00Z,,,2026-06-12T00:00:00Z
ocds-9t57fa-158996,E0326TSSERIV,ESKOM,Gauteng,complete,['Other / uncategorised'],"[{'industry': 'Other / uncategorised', 'score': 0.0, 'reasons': []}]",False,,0,ZAR,2026-06-26T11:00:00Z,,,2026-06-12T00:00:00Z
ocds-9t57fa-159037,ATNS/RFQ22/05/2026/27/ATS_ANNUAL CRITICAL INCIDENT,Air Traffic and Navigation Services Company Limited,Gauteng,complete,['Professional & consulting services'],"[{'industry': 'Professional & consulting services', 'score': 1.0, 'reasons': [""category field contains 'consulting'""]}]",False,,0,ZAR,2026-06-26T11:00:00Z,,,2026-06-12T00:00:00Z
ocds-9t57fa-159060,RFQ/NRF-SAASTA 45/2026-2027,National Research Foundation,Gauteng,complete,['Professional & consulting services'],"[{'industry': 'Professional & consulting services', 'score': 1.0, 'reasons': [""category field contains 'consulting'""]}]",False,,0,ZAR,2026-06-26T11:00:00Z,,,2026-06-12T00:00:00Z
ocds-9t57fa-159063,RFQ08 2026-2027,National Film and Video Foundation of South Africa,Gauteng,complete,['Supply of goods'],"[{'industry': 'Supply of goods', 'score': 0.97, 'reasons': [""text fuzzy-matches 'supply and delivery' (similarity 0.97)""]}]",False,,0,ZAR,2026-06-26T11:00:00Z,,,2026-06-12T00:00:00Z
ocds-9t57fa-159000,E1326TSSERIL,ESKOM,National,complete,"['Electrical', 'Mechanical & HVAC']","[{'industry': 'Electrical', 'score': 1.0, 'reasons': [""text fuzzy-matches 'cabling' (similarity 1.00)""]}, {'industry': 'Mechanical & HVAC', 'score': 1.0, 'reasons': [""category field contains 'air conditioning'""]}]",False,,0,ZAR,2026-06-29T10:00:00Z,,,2026-06-12T00:00:00Z
ocds-9t57fa-158953,NLM/BT/007/2025-26,Nala Local Municipality,Free State,complete,['Professional & consulting services'],"[{'industry': 'Professional & consulting services', 'score': 1.0, 'reasons': [""category field contains 'consulting'""]}]",False,,0,ZAR,2026-06-29T12:00:00Z,,,2026-06-12T00:00:00Z
ocds-9t57fa-158978,SCM/BID 017/2025-26,Fezile Dabi District Municipality,Free State,complete,['Professional & consulting services'],"[{'industry': 'Professional & consulting services', 'score': 1.0, 'reasons': [""category field contains 'consulting'""]}]",False,,0,ZAR,2026-06-29T12:00:00Z,,,2026-06-12T00:00:00Z
ocds-9t57fa-159075,RFQ06-01/06/2026,Passenger Rail Agency of South Africa,Gauteng,complete,"['Construction & civil', 'Supply of goods']","[{'industry': 'Construction & civil', 'score': 2.0, 'reasons': [""category field contains 'building'"", ""text fuzzy-matches 'building' (similarity 1.00)""]}, {'industry': 'Supply of goods', 'score': 0.97, 'reasons': [""text fuzzy-matches 'supply and delivery' (similarity 0.97)""]}]",False,,0,ZAR,2026-06-29T12:00:00Z,,,2026-06-12T00:00:00Z
ocds-9t57fa-159138,TNPA/2026/05/1105/6153/RFQ,Transnet SOC Ltd,Eastern Cape,complete,['Construction & civil'],"[{'industry': 'Construction & civil', 'score': 1.0, 'reasons': [""category field contains 'construction'""]}]",False,,0,ZAR,2026-06-29T16:00:00Z,,,2026-06-12T00:00:00Z
ocds-9t57fa-159002,E1154CXMWPc,ESKOM,Gauteng,complete,['Other / uncategorised'],"[{'industry': 'Other / uncategorised', 'score': 0.0, 'reasons': []}]",False,,0,ZAR,2026-06-30T10:00:00Z,,,2026-06-12T00:00:00Z
ocds-9t57fa-158923,E1226TSSERI/BL,ESKOM,Gauteng,complete,"['Electrical', 'Supply of goods']","[{'industry': 'Electrical', 'score': 1.0, 'reasons': [""text fuzzy-matches 'transformer' (similarity 1.00)""]}, {'industry': 'Supply of goods', 'score': 1.0, 'reasons': [""text fuzzy-matches 'supply and delivery' (similarity 1.00)""]}]",False,,0,ZAR,2026-06-30T11:00:00Z,,,2026-06-12T00:00:00Z
ocds-9t57fa-159039,KZNQ10/DSD/2026/27,Kwazulu Natal - Social Development,KwaZulu-Natal,complete,['Construction & civil'],"[{'industry': 'Construction & civil', 'score': 1.0, 'reasons': [""text fuzzy-matches 'building' (similarity 1.00)""]}]",False,,0,ZAR,2026-06-30T11:00:00Z,,,2026-06-12T00:00:00Z
ocds-9t57fa-159045,KZNQ11/DSD/2026/27,Kwazulu Natal - Social Development,KwaZulu-Natal,complete,['Construction & civil'],"[{'industry': 'Construction & civil', 'score': 1.0, 'reasons': [""text fuzzy-matches 'building' (similarity 1.00)""]}]",False,,0,ZAR,2026-06-30T11:00:00Z,,,2026-06-12T00:00:00Z
ocds-9t57fa-159051,KZNQ13/DSD/2026/27,Kwazulu Natal - Social Development,KwaZulu-Natal,complete,['Construction & civil'],"[{'industry': 'Construction & civil', 'score': 1.0, 'reasons': [""text fuzzy-matches 'building' (similarity 1.00)""]}]",False,,0,ZAR,2026-06-30T11:00:00Z,,,2026-06-12T00:00:00Z
ocds-9t57fa-159064,KZNQ12/DSD/2026/27,Kwazulu Natal - Social Development,KwaZulu-Natal,complete,['Construction & civil'],"[{'industry': 'Construction & civil', 'score': 1.0, 'reasons': [""text fuzzy-matches 'building' (similarity 1.00)""]}]",False,,0,ZAR,2026-06-30T11:00:00Z,,,2026-06-12T00:00:00Z
ocds-9t57fa-162290,Limmited Bidding-UMP,Mpumalanga - Agriculture Rural Development and Land Administration,Mpumalanga,complete,['Other / uncategorised'],"[{'industry': 'Other / uncategorised', 'score': 0.0, 'reasons': []}]",False,,0,ZAR,2026-06-30T11:00:00Z,,,2026-06-12T00:00:00Z
ocds-9t57fa-159099,RFQ 30242,Airports Company of South Africa,KwaZulu-Natal,complete,['Other / uncategorised'],"[{'industry': 'Other / uncategorised', 'score': 0.0, 'reasons': []}]",False,,0,ZAR,2026-06-30T16:00:00Z,,,2026-06-12T00:00:00Z
ocds-9t57fa-159112,RFQ28501,Airports Company of South Africa,KwaZulu-Natal,complete,['Electrical'],"[{'industry': 'Electrical', 'score': 0.88, 'reasons': [""text fuzzy-matches 'power installation' (similarity 0.88)""]}]",False,,0,ZAR,2026-06-30T16:00:00Z,,,2026-06-12T00:00:00Z
ocds-9t57fa-159114,E2844NTCSAMWPR,Eskom National Transmission Company of South Africa,Gauteng,complete,['Other / uncategorised'],"[{'industry': 'Other / uncategorised', 'score': 0.0, 'reasons': []}]",False,,0,ZAR,2026-07-03T10:00:00Z,,,2026-06-12T00:00:00Z
ocds-9t57fa-158919,dtic 01/26-27,Trade & Industry,Gauteng,complete,"['Professional & consulting services', 'Mining & resources']","[{'industry': 'Professional & consulting services', 'score': 1.0, 'reasons': [""category field contains 'consulting'""]}, {'industry': 'Mining & resources', 'score': 0.86, 'reasons': [""text fuzzy-matches 'ore' (similarity 0.86)""]}]",False,,0,ZAR,2026-07-03T11:00:00Z,,,2026-06-12T00:00:00Z
ocds-9t57fa-158936,OLT2120088,Eskom National Transmission Company of South Africa,Northern Cape,active,"['Electrical', 'Professional & consulting services']","[{'industry': 'Electrical', 'score': 1.0, 'reasons': [""text fuzzy-matches 'transformer' (similarity 1.00)""]}, {'industry': 'Professional & consulting services', 'score': 1.0, 'reasons': [""category field contains 'consulting'""]}]",False,2026-10-31T00:00:00Z,0,ZAR,2026-06-12T11:00:00Z,,343648820.0,2026-06-11T00:00:00Z
ocds-9t57fa-161292,SSP-126,Council for Scientific and Industrial Research (CSIR),Gauteng,active,['ICT & telecommunications'],"[{'industry': 'ICT & telecommunications', 'score': 1.0, 'reasons': [""text fuzzy-matches 'software' (similarity 1.00)""]}]",False,,0,ZAR,2026-06-12T11:00:00Z,,4974440.0,2026-06-11T00:00:00Z
ocds-9t57fa-160820,SCD3694/2025,Overstrand Municipality,Western Cape,active,['Transport & logistics'],"[{'industry': 'Transport & logistics', 'score': 1.0, 'reasons': [""category field contains 'transport'""]}]",False,,0,ZAR,2026-06-15T11:00:00Z,,8633280.0,2026-06-11T00:00:00Z
ocds-9t57fa-161120,RFQ2423,Mine Health and Safety Council,Gauteng,active,['Other / uncategorised'],"[{'industry': 'Other / uncategorised', 'score': 0.0, 'reasons': []}]",False,,0,ZAR,2026-06-17T11:00:00Z,,4000000.0,2026-06-11T00:00:00Z
ocds-9t57fa-161372,POU00003WT,Justice & Constitutional Development,Gauteng,active,['Electrical'],"[{'industry': 'Electrical', 'score': 1.0, 'reasons': [""category field contains 'electrical'""]}]",False,,0,ZAR,2026-06-17T16:00:00Z,,1052500.0,2026-06-11T00:00:00Z
ocds-9t57fa-158797,PR10116536,Road Accident Fund,Gauteng,active,"['Security services', 'Construction & civil']","[{'industry': 'Security services', 'score': 1.0, 'reasons': [""category field contains 'security services'""]}, {'industry': 'Construction & civil', 'score': 0.89, 'reasons': [""text fuzzy-matches 'roads' (similarity 0.89)""]}]",False,,0,ZAR,2026-06-18T15:00:00Z,,4200720.0,2026-06-11T00:00:00Z
ocds-9t57fa-160922,ANGM00017,Amatola Water Board,Eastern Cape,active,['Other / uncategorised'],"[{'industry': 'Other / uncategorised', 'score': 0.0, 'reasons': []}]",False,,0,ZAR,2026-06-19T09:30:00Z,,179400.0,2026-06-11T00:00:00Z
ocds-9t57fa-158848,ZNQP 01/06/2026,Kwazulu Natal - Public Works (Head Office),KwaZulu-Natal,active,['Supply of goods'],"[{'industry': 'Supply of goods', 'score': 1.0, 'reasons': [""category field contains 'stationery'""]}]",False,,0,ZAR,2026-06-19T11:00:00Z,,6735050.0,2026-06-11T00:00:00Z
ocds-9t57fa-158848,ZNQP 01/06/2026,Kwazulu Natal - Public Works (Head Office),KwaZulu-Natal,active,['Supply of goods'],"[{'industry': 'Supply of goods', 'score': 1.0, 'reasons': [""category field contains 'stationery'""]}]",False,,0,ZAR,2026-06-19T11:00:00Z,,6735050.0,2026-06-11T00:00:00Z
ocds-9t57fa-158819,10116558,Road Accident Fund,Gauteng,active,['Construction & civil'],"[{'industry': 'Construction & civil', 'score': 0.89, 'reasons': [""text fuzzy-matches 'roads' (similarity 0.89)""]}]",False,,0,ZAR,2026-06-22T10:00:00Z,,10173420.0,2026-06-11T00:00:00Z
ocds-9t57fa-158893,POS9819,Technology Innovation Agency,Gauteng,active,"['Security services', 'Professional & consulting services']","[{'industry': 'Security services', 'score': 1.0, 'reasons': [""text fuzzy-matches 'surveillance' (similarity 1.00)""]}, {'industry': 'Professional & consulting services', 'score': 1.0, 'reasons': [""category field contains 'consulting'""]}]",False,,0,ZAR,2026-06-22T14:00:00Z,,1065000.0,2026-06-11T00:00:00Z
ocds-9t57fa-164611,6000033949,South African Revenue Service,Eastern Cape,active,['Construction & civil'],"[{'industry': 'Construction & civil', 'score': 2.0, 'reasons': [""category field contains 'building'"", ""text fuzzy-matches 'building' (similarity 1.00)""]}]",False,,0,ZAR,2026-06-23T11:00:00Z,,8900850.0,2026-06-11T00:00:00Z
ocds-9t57fa-158638,061643,Kwazulu Natal - Public Works (Head Office),KwaZulu-Natal,active,['Construction & civil'],"[{'industry': 'Construction & civil', 'score': 2.0, 'reasons': [""category field contains 'building'"", ""text fuzzy-matches 'fencing' (similarity 1.00)""]}]",False,,0,ZAR,2026-06-24T11:00:00Z,,3100000.0,2026-06-11T00:00:00Z
ocds-9t57fa-163457,POU0000453,Justice & Constitutional Development,North West,active,['Construction & civil'],"[{'industry': 'Construction & civil', 'score': 1.0, 'reasons': [""category field contains 'building'""]}]",False,,0,ZAR,2026-06-24T14:00:00Z,,10783490.0,2026-06-11T00:00:00Z
ocds-9t57fa-158865,CSIR RFP 1229/26/06/2026,Council for Scientific and Industrial Research (CSIR),Gauteng,active,['Professional & consulting services'],"[{'industry': 'Professional & consulting services', 'score': 1.0, 'reasons': [""category field contains 'consulting'""]}]",False,,0,ZAR,2026-06-26T16:30:00Z,,1405000.0,2026-06-11T00:00:00Z
ocds-9t57fa-159085,E2166NTCSAMWP,Eskom National Transmission Company of South Africa,Northern Cape,complete,"['Electrical', 'Professional & consulting services']","[{'industry': 'Electrical', 'score': 1.0, 'reasons': [""text fuzzy-matches 'substation' (similarity 1.00)""]}, {'industry': 'Professional & consulting services', 'score': 1.0, 'reasons': [""category field contains 'consulting'""]}]",False,,0,ZAR,2026-06-12T11:00:00Z,,,2026-06-11T00:00:00Z
ocds-9t57fa-158835,API012606RFQ00000015,Agricultural Research Council,Free State,complete,['Other / uncategorised'],"[{'industry': 'Other / uncategorised', 'score': 0.0, 'reasons': []}]",False,,0,ZAR,2026-06-17T10:00:00Z,,,2026-06-11T00:00:00Z
ocds-9t57fa-158785,RFQ15-04-2026,Cross-Border Road Transport Agency,Gauteng,complete,['Supply of goods'],"[{'industry': 'Supply of goods', 'score': 0.97, 'reasons': [""text fuzzy-matches 'supply and delivery' (similarity 0.97)""]}]",False,,0,ZAR,2026-06-17T11:00:00Z,,,2026-06-11T00:00:00Z
ocds-9t57fa-158792,RFQ00029,Mining Qualifications Authority,Gauteng,complete,['Mining & resources'],"[{'industry': 'Mining & resources', 'score': 1.0, 'reasons': [""text fuzzy-matches 'mining' (similarity 1.00)""]}]",False,,0,ZAR,2026-06-17T11:00:00Z,,,2026-06-11T00:00:00Z
ocds-9t57fa-158852,MKRIQ13/2026/27,Moses Kotane Institute,KwaZulu-Natal,complete,['Other / uncategorised'],"[{'industry': 'Other / uncategorised', 'score': 0.0, 'reasons': []}]",False,,0,ZAR,2026-06-17T11:00:00Z,,,2026-06-11T00:00:00Z
ocds-9t57fa-158779,RFQ18-05-2026,Cross-Border Road Transport Agency,Gauteng,complete,['Other / uncategorised'],"[{'industry': 'Other / uncategorised', 'score': 0.0, 'reasons': []}]",False,,0,ZAR,2026-06-18T11:00:00Z,,,2026-06-11T00:00:00Z
ocds-9t57fa-158814,RFQ 162-2026,South African Diamond and Precious Metals Regulator,Gauteng,complete,['Other / uncategorised'],"[{'industry': 'Other / uncategorised', 'score': 0.0, 'reasons': []}]",False,,0,ZAR,2026-06-18T11:00:00Z,,,2026-06-11T00:00:00Z
ocds-9t57fa-158854,RFQ/MICT/24/2026,"Media, Information and Communication Technologies Sector Education and training Authority (MICT SETA)",Gauteng,complete,['Other / uncategorised'],"[{'industry': 'Other / uncategorised', 'score': 0.0, 'reasons': []}]",False,,0,ZAR,2026-06-18T11:00:00Z,,,2026-06-11T00:00:00Z
ocds-9t57fa-158805,FQ 14/2026,Kannaland Municipality,Western Cape,complete,['Professional & consulting services'],"[{'industry': 'Professional & consulting services', 'score': 1.0, 'reasons': [""category field contains 'consulting'""]}]",False,,0,ZAR,2026-06-18T12:00:00Z,,,2026-06-11T00:00:00Z
ocds-9t57fa-158861,SLM/SCM/78/2025/2026,Sakhisizwe Local Municipality,Eastern Cape,complete,['Supply of goods'],"[{'industry': 'Supply of goods', 'score': 1.0, 'reasons': [""text fuzzy-matches 'supply and delivery' (similarity 1.00)""]}]",False,,0,ZAR,2026-06-18T12:00:00Z,,,2026-06-11T00:00:00Z
ocds-9t57fa-158864,SLM/SCM/77/2026/2026,Sakhisizwe Local Municipality,Eastern Cape,complete,['Other / uncategorised'],"[{'industry': 'Other / uncategorised', 'score': 0.0, 'reasons': []}]",False,,0,ZAR,2026-06-18T12:00:00Z,,,2026-06-11T00:00:00Z
ocds-9t57fa-158843, JW RFI 11/06/2026,Johannesburg Water,Gauteng,complete,['Other / uncategorised'],"[{'industry': 'Other / uncategorised', 'score': 0.0, 'reasons': []}]",False,,0,ZAR,2026-06-18T13:00:00Z,,,2026-06-11T00:00:00Z
ocds-9t57fa-160141,EX 07/2026,South African Revenue Service,Western Cape,active,['Other / uncategorised'],"[{'industry': 'Other / uncategorised', 'score': 0.0, 'reasons': []}]",False,2031-11-30T00:00:00Z,0,ZAR,2026-06-11T11:00:00Z,,478957924.0,2026-06-10T00:00:00Z
ocds-9t57fa-160143,EX 08/2026,South African Revenue Service,Mpumalanga,active,['Other / uncategorised'],"[{'industry': 'Other / uncategorised', 'score': 0.0, 'reasons': []}]",False,2031-08-31T00:00:00Z,0,ZAR,2026-06-11T11:00:00Z,,5849446666.0,2026-06-10T00:00:00Z
ocds-9t57fa-160195,EX 09/2026,South African Revenue Service,Mpumalanga,active,['Electrical'],"[{'industry': 'Electrical', 'score': 1.0, 'reasons': [""text fuzzy-matches 'electrical' (similarity 1.00)""]}]",False,2028-07-31T00:00:00Z,0,ZAR,2026-06-11T11:00:00Z,,792337096.0,2026-06-10T00:00:00Z
ocds-9t57fa-163791,WD565,Water and Sanitation,National,active,['Other / uncategorised'],"[{'industry': 'Other / uncategorised', 'score': 0.0, 'reasons': []}]",False,,0,ZAR,2026-06-12T11:00:00Z,,615000.0,2026-06-10T00:00:00Z
ocds-9t57fa-168771,SS12062026,Industrial Development Corporation of South Africa Limited,National,active,['Other / uncategorised'],"[{'industry': 'Other / uncategorised', 'score': 0.0, 'reasons': []}]",False,0001-01-01T00:00:00Z,0,ZAR,2026-06-12T11:00:00Z,,103113313.0,2026-06-10T00:00:00Z
ocds-9t57fa-165582,Dev2026-023,National Treasury,National,active,['Professional & consulting services'],"[{'industry': 'Professional & consulting services', 'score': 1.0, 'reasons': [""category field contains 'consulting'""]}]",False,,0,ZAR,2026-06-17T11:00:00Z,,98924248.0,2026-06-10T00:00:00Z
ocds-9t57fa-167308,POU00005BW,Justice & Constitutional Development,Limpopo,active,['Supply of goods'],"[{'industry': 'Supply of goods', 'score': 2.0, 'reasons': [""category field contains 'stationery'"", ""text fuzzy-matches 'supply and delivery' (similarity 1.00)""]}]",False,,0,ZAR,2026-06-18T11:00:00Z,,1343120.0,2026-06-10T00:00:00Z
ocds-9t57fa-167106,SO/DEV/03/06,South African National Space Agency,Gauteng,active,['ICT & telecommunications'],"[{'industry': 'ICT & telecommunications', 'score': 1.0, 'reasons': [""category field contains 'telecommunications'""]}]",False,,0,ZAR,2026-06-19T11:00:00Z,,24485800.0,2026-06-10T00:00:00Z
ocds-9t57fa-158669,RFQ 004-2026/2027,Government Communications (GCIS),Gauteng,active,['Other / uncategorised'],"[{'industry': 'Other / uncategorised', 'score': 0.0, 'reasons': []}]",False,,0,ZAR,2026-06-25T11:00:00Z,,5992650.0,2026-06-10T00:00:00Z
ocds-9t57fa-158692,PPA - 122409,Transnet SOC Ltd,KwaZulu-Natal,active,['Electrical'],"[{'industry': 'Electrical', 'score': 2.0, 'reasons': [""category field contains 'electrical'"", ""text fuzzy-matches 'electrical' (similarity 1.00)""]}]",False,,0,ZAR,2026-06-25T12:00:00Z,,28310000.0,2026-06-10T00:00:00Z
ocds-9t57fa-158866,14/2026-27,Public Service Commission,National,complete,['Other / uncategorised'],"[{'industry': 'Other / uncategorised', 'score': 0.0, 'reasons': []}]",False,,0,ZAR,2026-06-11T11:00:00Z,,,2026-06-10T00:00:00Z
ocds-9t57fa-158652,iLABS/RFQ 2026/27:23,National Research Foundation,Western Cape,complete,['Other / uncategorised'],"[{'industry': 'Other / uncategorised', 'score': 0.0, 'reasons': []}]",False,,0,ZAR,2026-06-12T10:00:00Z,,,2026-06-10T00:00:00Z
ocds-9t57fa-158637,Q42-2025,Overberg District Municipality,Western Cape,complete,"['Mechanical & HVAC', 'Supply of goods']","[{'industry': 'Mechanical & HVAC', 'score': 1.0, 'reasons': [""text fuzzy-matches 'pump' (similarity 1.00)""]}, {'industry': 'Supply of goods', 'score': 1.0, 'reasons': [""text fuzzy-matches 'supply and delivery' (similarity 1.00)""]}]",False,,0,ZAR,2026-06-12T12:00:00Z,,,2026-06-10T00:00:00Z
ocds-9t57fa-158741,TPT/2026/06/0612/6847/RFQ,Transnet SOC Ltd,KwaZulu-Natal,complete,['Other / uncategorised'],"[{'industry': 'Other / uncategorised', 'score': 0.0, 'reasons': []}]",False,,0,ZAR,2026-06-12T15:00:00Z,,,2026-06-10T00:00:00Z
ocds-9t57fa-158729,RFQ for PR00073074-Rev2 - Unions,South African Nuclear Energy Corporation Limited,North West,complete,['Other / uncategorised'],"[{'industry': 'Other / uncategorised', 'score': 0.0, 'reasons': []}]",False,,0,ZAR,2026-06-12T16:00:00Z,,,2026-06-10T00:00:00Z
ocds-9t57fa-158747,NOTICE TO CANCEL TO RE-ADVERTISE RFQ 02/05/2026,Oudtshoorn Municipality,Western Cape,complete,['Supply of goods'],"[{'industry': 'Supply of goods', 'score': 1.0, 'reasons': [""text fuzzy-matches 'supply and delivery' (similarity 1.00)""]}]",False,,0,ZAR,2026-06-12T16:30:00Z,,,2026-06-10T00:00:00Z
ocds-9t57fa-158749,NOTICE TO CANCEL TO RE-ADVERTISE RFQ 02/04/2026,Oudtshoorn Municipality,Western Cape,complete,"['Professional & consulting services', 'Construction & civil']","[{'industry': 'Professional & consulting services', 'score': 1.0, 'reasons': [""category field contains 'consulting'""]}, {'industry': 'Construction & civil', 'score': 0.94, 'reasons': [""text fuzzy-matches 'building' (similarity 0.94)""]}]",False,,0,ZAR,2026-06-12T16:30:00Z,,,2026-06-10T00:00:00Z
ocds-9t57fa-158658,RFQ2026/27/12,Ports Regulator of South Africa,KwaZulu-Natal,complete,['Supply of goods'],"[{'industry': 'Supply of goods', 'score': 1.0, 'reasons': [""text fuzzy-matches 'supply and delivery' (similarity 1.00)""]}]",False,,0,ZAR,2026-06-15T10:00:00Z,,,2026-06-10T00:00:00Z
ocds-9t57fa-158649,RFQ003-2026,Limpopo - Limpopo Tourism Agency,Limpopo,complete,"['Construction & civil', 'ICT & telecommunications']","[{'industry': 'Construction & civil', 'score': 1.0, 'reasons': [""category field contains 'building'""]}, {'industry': 'ICT & telecommunications', 'score': 0.89, 'reasons': [""text fuzzy-matches 'fibre' (similarity 0.89)""]}]",False,,0,ZAR,2026-06-15T11:00:00Z,,,2026-06-10T00:00:00Z
ocds-9t57fa-158661,RFQ 2605- CAMP,South African National Energy Development Institute,Gauteng,complete,['Professional & consulting services'],"[{'industry': 'Professional & consulting services', 'score': 1.0, 'reasons': [""text fuzzy-matches 'project management' (similarity 1.00)""]}]",False,,0,ZAR,2026-06-15T11:00:00Z,,,2026-06-10T00:00:00Z
ocds-9t57fa-158672,RFQ 20-03-2026,Cross-Border Road Transport Agency,Gauteng,complete,['ICT & telecommunications'],"[{'industry': 'ICT & telecommunications', 'score': 1.0, 'reasons': [""text fuzzy-matches 'server' (similarity 1.00)""]}]",False,,0,ZAR,2026-06-15T11:00:00Z,,,2026-06-10T00:00:00Z
ocds-9t57fa-158704,RFQ 201994,SA Bureau of Standards,Gauteng,complete,['Professional & consulting services'],"[{'industry': 'Professional & consulting services', 'score': 1.0, 'reasons': [""text fuzzy-matches 'consulting' (similarity 1.00)""]}]",False,,0,ZAR,2026-06-15T11:00:00Z,,,2026-06-10T00:00:00Z
ocds-9t57fa-158707,31075/TNP/2026-27 ,South African National Parks,Eastern Cape,complete,['Professional & consulting services'],"[{'industry': 'Professional & consulting services', 'score': 1.0, 'reasons': [""category field contains 'consulting'""]}]",False,,0,ZAR,2026-06-15T11:00:00Z,,,2026-06-10T00:00:00Z
ocds-9t57fa-158660,RFQ/867/054/2026,South African Forestry Company Limited,Mpumalanga,complete,['Transport & logistics'],"[{'industry': 'Transport & logistics', 'score': 2.0, 'reasons': [""category field contains 'transport'"", ""text fuzzy-matches 'transport' (similarity 1.00)""]}]",False,,0,ZAR,2026-06-15T12:00:00Z,,,2026-06-10T00:00:00Z
ocds-9t57fa-158710,RFQ-058A-26,South African National Parks,Mpumalanga,complete,['Other / uncategorised'],"[{'industry': 'Other / uncategorised', 'score': 0.0, 'reasons': []}]",False,,0,ZAR,2026-06-16T11:00:00Z,,,2026-06-10T00:00:00Z
ocds-9t57fa-158632,E1209GXMPCAMC,ESKOM,Mpumalanga,complete,['Other / uncategorised'],"[{'industry': 'Other / uncategorised', 'score': 0.0, 'reasons': []}]",False,,0,ZAR,2026-06-17T10:00:00Z,,,2026-06-10T00:00:00Z
ocds-9t57fa-158633,RFQ108/26/27,Limpopo - Public Works,Limpopo,complete,['Other / uncategorised'],"[{'industry': 'Other / uncategorised', 'score': 0.0, 'reasons': []}]",False,,0,ZAR,2026-06-17T11:00:00Z,,,2026-06-10T00:00:00Z
ocds-9t57fa-158634,RFQ109/26/27,Limpopo - Public Works,Limpopo,complete,"['Construction & civil', 'Professional & consulting services']","[{'industry': 'Construction & civil', 'score': 1.0, 'reasons': [""text fuzzy-matches 'construction' (similarity 1.00)""]}, {'industry': 'Professional & consulting services', 'score': 1.0, 'reasons': [""text fuzzy-matches 'project management' (similarity 1.00)""]}]",False,,0,ZAR,2026-06-17T11:00:00Z,,,2026-06-10T00:00:00Z
ocds-9t57fa-158635,RFQ110/26/27,Limpopo - Public Works,Limpopo,complete,['Other / uncategorised'],"[{'industry': 'Other / uncategorised', 'score': 0.0, 'reasons': []}]",False,,0,ZAR,2026-06-17T11:00:00Z,,,2026-06-10T00:00:00Z
ocds-9t57fa-158656,RFQ 04/06/2026,Kwa-Zulu Natal - Ezemvelo KwaZulu-Natal Wildlife,KwaZulu-Natal,complete,['Other / uncategorised'],"[{'industry': 'Other / uncategorised', 'score': 0.0, 'reasons': []}]",False,,0,ZAR,2026-06-17T11:00:00Z,,,2026-06-10T00:00:00Z
ocds-9t57fa-158662,COM73/2026,Mbombela Local Municipality,Mpumalanga,complete,['Other / uncategorised'],"[{'industry': 'Other / uncategorised', 'score': 0.0, 'reasons': []}]",False,,0,ZAR,2026-06-17T11:00:00Z,,,2026-06-10T00:00:00Z
ocds-9t57fa-158664,RFQ 05/06/2026,Kwa-Zulu Natal - Ezemvelo KwaZulu-Natal Wildlife,KwaZulu-Natal,complete,['Construction & civil'],"[{'industry': 'Construction & civil', 'score': 1.0, 'reasons': [""text fuzzy-matches 'construction' (similarity 1.00)""]}]",False,,0,ZAR,2026-06-17T11:00:00Z,,,2026-06-10T00:00:00Z
ocds-9t57fa-158678,RFQ-ISC01REQ003486,Agricultural Research Council,Gauteng,complete,"['Professional & consulting services', 'Health & medical']","[{'industry': 'Professional & consulting services', 'score': 1.0, 'reasons': [""category field contains 'consulting'""]}, {'industry': 'Health & medical', 'score': 0.93, 'reasons': [""text fuzzy-matches 'medical' (similarity 0.93)""]}]",False,,0,ZAR,2026-06-17T11:00:00Z,,,2026-06-10T00:00:00Z
ocds-9t57fa-158685,RFQ0001225,Marine Living Resources Fund,Western Cape,complete,['Supply of goods'],"[{'industry': 'Supply of goods', 'score': 0.97, 'reasons': [""text fuzzy-matches 'supply and delivery' (similarity 0.97)""]}]",False,,0,ZAR,2026-06-17T11:00:00Z,,,2026-06-10T00:00:00Z
ocds-9t57fa-158771,NAMC RFQ1766B,National Agricultural Marketing Council,Gauteng,complete,"['ICT & telecommunications', 'Professional & consulting services', 'Agriculture']","[{'industry': 'ICT & telecommunications', 'score': 1.0, 'reasons': [""category field contains 'ict'""]}, {'industry': 'Professional & consulting services', 'score': 1.0, 'reasons': [""category field contains 'consulting'""]}, {'industry': 'Agriculture', 'score': 0.87, 'reasons': [""text fuzzy-matches 'agriculture' (similarity 0.87)""]}]",False,,0,ZAR,2026-06-17T11:00:00Z,,,2026-06-10T00:00:00Z
ocds-9t57fa-158651,1/1/003/2025-26,Moqhaka Local Municipality,Free State,complete,['Professional & consulting services'],"[{'industry': 'Professional & consulting services', 'score': 1.0, 'reasons': [""category field contains 'consulting'""]}]",False,,0,ZAR,2026-06-17T12:00:00Z,,,2026-06-10T00:00:00Z
ocds-9t57fa-158670,RFQ/FAC/26/27/057,"Manufacturing, Engineering and Related Services SETA (merSETA)",Gauteng,complete,['Professional & consulting services'],"[{'industry': 'Professional & consulting services', 'score': 1.0, 'reasons': [""category field contains 'consulting'""]}]",False,,0,ZAR,2026-06-17T12:00:00Z,,,2026-06-10T00:00:00Z
ocds-9t57fa-158689,RFQJW41SN26,Johannesburg Water,Gauteng,complete,['Other / uncategorised'],"[{'industry': 'Other / uncategorised', 'score': 0.0, 'reasons': []}]",False,,0,ZAR,2026-06-17T12:00:00Z,,,2026-06-10T00:00:00Z
ocds-9t57fa-158691,RFQ-FAC-25-26-323/1,"Manufacturing, Engineering and Related Services SETA (merSETA)",Gauteng,complete,['Professional & consulting services'],"[{'industry': 'Professional & consulting services', 'score': 1.0, 'reasons': [""category field contains 'consulting'""]}]",False,,0,ZAR,2026-06-17T12:00:00Z,,,2026-06-10T00:00:00Z
ocds-9t57fa-158701,JDAHR/PM-TRAINING/06/2026,Johannesburg Development Agency,Gauteng,complete,['Other / uncategorised'],"[{'industry': 'Other / uncategorised', 'score': 0.0, 'reasons': []}]",False,,0,ZAR,2026-06-17T12:00:00Z,,,2026-06-10T00:00:00Z
ocds-9t57fa-158761,COJ0114-25/26,City Council of Johannesburg,Gauteng,complete,['Other / uncategorised'],"[{'industry': 'Other / uncategorised', 'score': 0.0, 'reasons': []}]",False,,0,ZAR,2026-06-18T10:30:00Z,,,2026-06-10T00:00:00Z
ocds-9t57fa-158762,COJ0115-25/26,City Council of Johannesburg,Gauteng,complete,['Agriculture'],"[{'industry': 'Agriculture', 'score': 0.87, 'reasons': [""text fuzzy-matches 'agriculture' (similarity 0.87)""]}]",False,,0,ZAR,2026-06-18T10:30:00Z,,,2026-06-10T00:00:00Z
ocds-9t57fa-158764,COJ0116-25/26,City Council of Johannesburg,Gauteng,complete,['Supply of goods'],"[{'industry': 'Supply of goods', 'score': 1.0, 'reasons': [""text fuzzy-matches 'supply and delivery' (similarity 1.00)""]}]",False,,0,ZAR,2026-06-18T10:30:00Z,,,2026-06-10T00:00:00Z
ocds-9t57fa-158765,COJ0117-25/26,City Council of Johannesburg,Gauteng,complete,['Other / uncategorised'],"[{'industry': 'Other / uncategorised', 'score': 0.0, 'reasons': []}]",False,,0,ZAR,2026-06-18T10:30:00Z,,,2026-06-10T00:00:00Z
ocds-9t57fa-158654,RFQ 06/06/2026,Kwa-Zulu Natal - Ezemvelo KwaZulu-Natal Wildlife,KwaZulu-Natal,complete,"['Professional & consulting services', 'Health & medical']","[{'industry': 'Professional & consulting services', 'score': 1.0, 'reasons': [""category field contains 'consulting'""]}, {'industry': 'Health & medical', 'score': 1.0, 'reasons': [""text fuzzy-matches 'medical' (similarity 1.00)""]}]",False,,0,ZAR,2026-06-18T11:00:00Z,,,2026-06-10T00:00:00Z
ocds-9t57fa-158679,COM77/2026,Mbombela Local Municipality,Mpumalanga,complete,['Professional & consulting services'],"[{'industry': 'Professional & consulting services', 'score': 0.98, 'reasons': [""text fuzzy-matches 'professional services' (similarity 0.98)""]}]",False,,0,ZAR,2026-06-18T11:00:00Z,,,2026-06-10T00:00:00Z
ocds-9t57fa-158681,COM78/2026,Mbombela Local Municipality,Mpumalanga,complete,['Professional & consulting services'],"[{'industry': 'Professional & consulting services', 'score': 0.98, 'reasons': [""text fuzzy-matches 'professional services' (similarity 0.98)""]}]",False,,0,ZAR,2026-06-18T11:00:00Z,,,2026-06-10T00:00:00Z
ocds-9t57fa-158686,COM74/2026,Mbombela Local Municipality,Mpumalanga,complete,['Other / uncategorised'],"[{'industry': 'Other / uncategorised', 'score': 0.0, 'reasons': []}]",False,,0,ZAR,2026-06-18T11:00:00Z,,,2026-06-10T00:00:00Z
ocds-9t57fa-158688,COM75/2026,Mbombela Local Municipality,Mpumalanga,complete,['Other / uncategorised'],"[{'industry': 'Other / uncategorised', 'score': 0.0, 'reasons': []}]",False,,0,ZAR,2026-06-18T11:00:00Z,,,2026-06-10T00:00:00Z
ocds-9t57fa-158690,COM76/2026,Mbombela Local Municipality,Mpumalanga,complete,['Other / uncategorised'],"[{'industry': 'Other / uncategorised', 'score': 0.0, 'reasons': []}]",False,,0,ZAR,2026-06-18T11:00:00Z,,,2026-06-10T00:00:00Z
ocds-9t57fa-158719,6763-ZNQ-CORP-26,Kwa-Zulu Natal - Natal Sharks Board,KwaZulu-Natal,complete,['Other / uncategorised'],"[{'industry': 'Other / uncategorised', 'score': 0.0, 'reasons': []}]",False,,0,ZAR,2026-06-18T11:00:00Z,,,2026-06-10T00:00:00Z
ocds-9t57fa-158730,10024042-3,State Security Agency,Gauteng,complete,['Professional & consulting services'],"[{'industry': 'Professional & consulting services', 'score': 1.0, 'reasons': [""category field contains 'consulting'""]}]",False,,0,ZAR,2026-06-18T11:00:00Z,,,2026-06-10T00:00:00Z
ocds-9t57fa-158748, 08/06/2026 PBT ,Passenger Rail Agency of South Africa,National,complete,['Professional & consulting services'],"[{'industry': 'Professional & consulting services', 'score': 1.0, 'reasons': [""category field contains 'consulting'""]}]",False,,0,ZAR,2026-06-18T12:00:00Z,,,2026-06-10T00:00:00Z
ocds-9t57fa-158673,Q103/2025-26,Endumeni Local Municipality,KwaZulu-Natal,complete,['ICT & telecommunications'],"[{'industry': 'ICT & telecommunications', 'score': 0.89, 'reasons': [""text fuzzy-matches 'fibre' (similarity 0.89)""]}]",False,,0,ZAR,2026-06-18T14:00:00Z,,,2026-06-10T00:00:00Z
ocds-9t57fa-158775,RFQ/CMS/SHR/03/04/26 ,Council for Medical Schemes,Gauteng,complete,['Other / uncategorised'],"[{'industry': 'Other / uncategorised', 'score': 0.0, 'reasons': []}]",False,,0,ZAR,2026-06-19T00:00:00Z,,,2026-06-10T00:00:00Z
ocds-9t57fa-158097,E3023GXMPKEN,ESKOM,Mpumalanga,complete,['Supply of goods'],"[{'industry': 'Supply of goods', 'score': 1.0, 'reasons': [""text fuzzy-matches 'supply and delivery' (similarity 1.00)""]}]",False,,0,ZAR,2026-06-19T10:00:00Z,,,2026-06-10T00:00:00Z
ocds-9t57fa-158680,01/1097/26-GP-ICT,Passenger Rail Agency of South Africa,Gauteng,complete,"['ICT & telecommunications', 'Supply of goods']","[{'industry': 'ICT & telecommunications', 'score': 1.0, 'reasons': [""text fuzzy-matches 'ict' (similarity 1.00)""]}, {'industry': 'Supply of goods', 'score': 1.0, 'reasons': [""text fuzzy-matches 'supply and delivery' (similarity 1.00)""]}]",False,,0,ZAR,2026-06-19T10:00:00Z,,,2026-06-10T00:00:00Z
ocds-9t57fa-158653,RFQ/NRF-SAASTA 36/2026-2027,National Research Foundation,Eastern Cape,complete,['Supply of goods'],"[{'industry': 'Supply of goods', 'score': 0.97, 'reasons': [""text fuzzy-matches 'supply and delivery' (similarity 0.97)""]}]",False,,0,ZAR,2026-06-19T11:00:00Z,,,2026-06-10T00:00:00Z
ocds-9t57fa-158676,COM69/2026,Mbombela Local Municipality,Mpumalanga,complete,['Other / uncategorised'],"[{'industry': 'Other / uncategorised', 'score': 0.0, 'reasons': []}]",False,,0,ZAR,2026-06-19T11:00:00Z,,,2026-06-10T00:00:00Z
ocds-9t57fa-158721,EHC/BRACKETS/2026,Ekurhuieni Housing Company,Gauteng,complete,['Other / uncategorised'],"[{'industry': 'Other / uncategorised', 'score': 0.0, 'reasons': []}]",False,,0,ZAR,2026-06-19T11:00:00Z,,,2026-06-10T00:00:00Z
ocds-9t57fa-158723,6739-ZNQ-CORP-26,Kwa-Zulu Natal - Natal Sharks Board,KwaZulu-Natal,complete,['ICT & telecommunications'],"[{'industry': 'ICT & telecommunications', 'score': 0.89, 'reasons': [""text fuzzy-matches 'fibre' (similarity 0.89)""]}]",False,,0,ZAR,2026-06-19T11:00:00Z,,,2026-06-10T00:00:00Z
ocds-9t57fa-158754,RFQ-HO-1697.2,South African Maritime Safety Authority,Gauteng,complete,['Other / uncategorised'],"[{'industry': 'Other / uncategorised', 'score': 0.0, 'reasons': []}]",False,,0,ZAR,2026-06-19T11:00:00Z,,,2026-06-10T00:00:00Z
ocds-9t57fa-158756,REQNHFC009989,National Housing Finance Corporation Limited,Gauteng,complete,['Professional & consulting services'],"[{'industry': 'Professional & consulting services', 'score': 1.0, 'reasons': [""category field contains 'consulting'""]}]",False,,0,ZAR,2026-06-19T11:00:00Z,,,2026-06-10T00:00:00Z
ocds-9t57fa-158706,RFQJW66SC26 ,Johannesburg Water,Gauteng,complete,['Supply of goods'],"[{'industry': 'Supply of goods', 'score': 1.0, 'reasons': [""text fuzzy-matches 'supply and delivery' (similarity 1.00)""]}]",False,,0,ZAR,2026-06-19T16:00:00Z,,,2026-06-10T00:00:00Z
ocds-9t57fa-158695,LM 2026/0037,Luthuli museum,KwaZulu-Natal,complete,['Supply of goods'],"[{'industry': 'Supply of goods', 'score': 1.0, 'reasons': [""text fuzzy-matches 'supply and delivery' (similarity 1.00)""]}]",False,,0,ZAR,2026-06-22T11:00:00Z,,,2026-06-10T00:00:00Z
ocds-9t57fa-158740,IDTMPU- SEC 01/ 2026,Independent Development Trust,Mpumalanga,complete,"['Security services', 'Construction & civil']","[{'industry': 'Security services', 'score': 1.97, 'reasons': [""category field contains 'security services'"", ""text fuzzy-matches 'access control' (similarity 0.97)""]}, {'industry': 'Construction & civil', 'score': 1.0, 'reasons': [""text fuzzy-matches 'building' (similarity 1.00)""]}]",False,,0,ZAR,2026-06-22T11:00:00Z,,,2026-06-10T00:00:00Z
ocds-9t57fa-158702,TPT/2026/06/0554/6344/RFI,Transnet SOC Ltd,KwaZulu-Natal,complete,['Other / uncategorised'],"[{'industry': 'Other / uncategorised', 'score': 0.0, 'reasons': []}]",False,,0,ZAR,2026-06-22T14:00:00Z,,,2026-06-10T00:00:00Z
ocds-9t57fa-158770,E0926TGSERI,ESKOM,National,complete,['Other / uncategorised'],"[{'industry': 'Other / uncategorised', 'score': 0.0, 'reasons': []}]",False,,0,ZAR,2026-06-24T10:00:00Z,,,2026-06-10T00:00:00Z
ocds-9t57fa-158599,WTE1005CE,Water and Sanitation,Mpumalanga,complete,['Construction & civil'],"[{'industry': 'Construction & civil', 'score': 1.0, 'reasons': [""category field contains 'construction'""]}]",False,,0,ZAR,2026-06-24T11:00:00Z,,,2026-06-10T00:00:00Z
ocds-9t57fa-158696,RFQ 10364461,Passenger Rail Agency of South Africa,Western Cape,complete,['Other / uncategorised'],"[{'industry': 'Other / uncategorised', 'score': 0.0, 'reasons': []}]",False,,0,ZAR,2026-06-24T11:00:00Z,,,2026-06-10T00:00:00Z
ocds-9t57fa-158698,LM 2026/0038,Luthuli museum,KwaZulu-Natal,complete,['Supply of goods'],"[{'industry': 'Supply of goods', 'score': 1.0, 'reasons': [""text fuzzy-matches 'supply and delivery' (similarity 1.00)""]}]",False,,0,ZAR,2026-06-24T11:00:00Z,,,2026-06-10T00:00:00Z
ocds-9t57fa-158728,SCM30/06/2026,Enoch Mgijima Local Municipality,Eastern Cape,complete,['Supply of goods'],"[{'industry': 'Supply of goods', 'score': 1.0, 'reasons': [""text fuzzy-matches 'supply and delivery' (similarity 1.00)""]}]",False,,0,ZAR,2026-06-24T12:00:00Z,,,2026-06-10T00:00:00Z
ocds-9t57fa-158641,RFQ NO: 120/03/25-26-,Water Research Commission,Gauteng,complete,['Professional & consulting services'],"[{'industry': 'Professional & consulting services', 'score': 1.0, 'reasons': [""category field contains 'consulting'""]}]",False,,0,ZAR,2026-06-24T16:00:00Z,,,2026-06-10T00:00:00Z
ocds-9t57fa-158722,E3049GXMPKUS,ESKOM,Mpumalanga,complete,['Other / uncategorised'],"[{'industry': 'Other / uncategorised', 'score': 0.0, 'reasons': []}]",False,,0,ZAR,2026-06-25T10:00:00Z,,,2026-06-10T00:00:00Z
ocds-9t57fa-158677,WTE-0531 CS,Water and Sanitation,Eastern Cape,complete,"['Construction & civil', 'Transport & logistics']","[{'industry': 'Construction & civil', 'score': 1.0, 'reasons': [""text fuzzy-matches 'construction' (similarity 1.00)""]}, {'industry': 'Transport & logistics', 'score': 1.0, 'reasons': [""text fuzzy-matches 'transport' (similarity 1.00)""]}]",False,,0,ZAR,2026-06-25T11:00:00Z,,,2026-06-10T00:00:00Z
ocds-9t57fa-158700,DEE/002/2026/27,National - Department of Electricity and Energy,National,complete,"['Security services', 'Cleaning & facilities', 'Energy & renewables']","[{'industry': 'Security services', 'score': 1.0, 'reasons': [""category field contains 'security services'""]}, {'industry': 'Cleaning & facilities', 'score': 0.97, 'reasons': [""text fuzzy-matches 'cleaning services' (similarity 0.97)""]}, {'industry': 'Energy & renewables', 'score': 0.86, 'reasons': [""text fuzzy-matches 'wind energy' (similarity 0.86)""]}]",False,,0,ZAR,2026-06-25T11:00:00Z,,,2026-06-10T00:00:00Z
ocds-9t57fa-157717,DEV/SASSETA/26272,Safety and Security Sector Education and Training Authority (Sasseta),National,active,['Professional & consulting services'],"[{'industry': 'Professional & consulting services', 'score': 1.0, 'reasons': [""category field contains 'consulting'""]}]",False,,0,ZAR,2026-06-10T11:00:00Z,,50000000.0,2026-06-09T00:00:00Z
ocds-9t57fa-161302,SSP-085,Council for Scientific and Industrial Research (CSIR),Gauteng,active,['Professional & consulting services'],"[{'industry': 'Professional & consulting services', 'score': 1.0, 'reasons': [""category field contains 'consulting'""]}]",False,2032-10-31T00:00:00Z,0,ZAR,2026-06-10T11:00:00Z,,28497768.0,2026-06-09T00:00:00Z
ocds-9t57fa-161427,SIN-079,Council for Scientific and Industrial Research (CSIR),Western Cape,active,['Other / uncategorised'],"[{'industry': 'Other / uncategorised', 'score': 0.0, 'reasons': []}]",False,,0,ZAR,2026-06-10T11:00:00Z,,232382567.0,2026-06-09T00:00:00Z
ocds-9t57fa-163927,SSP-108,Council for Scientific and Industrial Research (CSIR),Gauteng,active,['Mechanical & HVAC'],"[{'industry': 'Mechanical & HVAC', 'score': 1.0, 'reasons': [""text fuzzy-matches 'boiler' (similarity 1.00)""]}]",False,,0,ZAR,2026-06-10T11:00:00Z,,17501265.0,2026-06-09T00:00:00Z
ocds-9t57fa-159975,S102605REQ00000005,Agricultural Sector Education and Training Authority,Gauteng,active,['Water & sanitation'],"[{'industry': 'Water & sanitation', 'score': 1.0, 'reasons': [""category field contains 'sewer'""]}]",False,,0,ZAR,2026-06-11T11:00:00Z,,50000.0,2026-06-09T00:00:00Z
ocds-9t57fa-164047,SS 2026/65210/1027/011,South African National Roads Agency Soc Limited (SANRAL),KwaZulu-Natal,active,['Construction & civil'],"[{'industry': 'Construction & civil', 'score': 0.89, 'reasons': [""text fuzzy-matches 'roads' (similarity 0.89)""]}]",False,,0,ZAR,2026-06-11T11:00:00Z,,3500000.0,2026-06-09T00:00:00Z
ocds-9t57fa-165837,NTCSA12638,ESKOM,Gauteng,active,['Professional & consulting services'],"[{'industry': 'Professional & consulting services', 'score': 1.0, 'reasons': [""category field contains 'consulting'""]}]",False,0001-01-01T00:00:00Z,0,ZAR,2026-06-12T16:00:00Z,,3688874.0,2026-06-09T00:00:00Z
ocds-9t57fa-158585,PR10116560 ,Road Accident Fund,Mpumalanga,active,['Construction & civil'],"[{'industry': 'Construction & civil', 'score': 0.89, 'reasons': [""text fuzzy-matches 'roads' (similarity 0.89)""]}]",False,,0,ZAR,2026-06-15T15:00:00Z,,60150750.0,2026-06-09T00:00:00Z
ocds-9t57fa-165788,RFQ496-2026,National Treasury,National,active,['Other / uncategorised'],"[{'industry': 'Other / uncategorised', 'score': 0.0, 'reasons': []}]",False,,0,ZAR,2026-06-16T16:00:00Z,,603460.0,2026-06-09T00:00:00Z
ocds-9t57fa-158566,021/2026/HR&OD/DESIGN/RFQ,Trans-Caledon Tunnel Authority,Gauteng,active,['Professional & consulting services'],"[{'industry': 'Professional & consulting services', 'score': 1.0, 'reasons': [""category field contains 'consulting'""]}]",False,,0,ZAR,2026-06-17T11:00:00Z,,1971185.0,2026-06-09T00:00:00Z
ocds-9t57fa-158558,CSIR RFQ 6724/26/06/2026,Council for Scientific and Industrial Research (CSIR),National,active,"['Construction & civil', 'Mechanical & HVAC', 'Professional & consulting services']","[{'industry': 'Construction & civil', 'score': 1.0, 'reasons': [""text fuzzy-matches 'building' (similarity 1.00)""]}, {'industry': 'Mechanical & HVAC', 'score': 1.0, 'reasons': [""text fuzzy-matches 'pump' (similarity 1.00)""]}, {'industry': 'Professional & consulting services', 'score': 1.0, 'reasons': [""category field contains 'consulting'""]}]",False,,0,ZAR,2026-06-26T16:30:00Z,,105581250.0,2026-06-09T00:00:00Z
ocds-9t57fa-158496,LDE/B07/2026/27,Limpopo - Education,Limpopo,active,['Other / uncategorised'],"[{'industry': 'Other / uncategorised', 'score': 0.0, 'reasons': []}]",False,,0,ZAR,2026-07-03T11:00:00Z,,4657500000.0,2026-06-09T00:00:00Z
ocds-9t57fa-158615,SCMU4-26/27-0003,Eastern Cape - Social Development and Special Programmes,Eastern Cape,active,['Cleaning & facilities'],"[{'industry': 'Cleaning & facilities', 'score': 0.91, 'reasons': [""text fuzzy-matches 'hygiene services' (similarity 0.91)""]}]",False,,0,ZAR,2026-07-15T11:00:00Z,,206128316.0,2026-06-09T00:00:00Z
ocds-9t57fa-158618,SCMU4-26/27-0005,Eastern Cape - Social Development and Special Programmes,Eastern Cape,active,['Cleaning & facilities'],"[{'industry': 'Cleaning & facilities', 'score': 0.91, 'reasons': [""text fuzzy-matches 'hygiene services' (similarity 0.91)""]}]",False,,0,ZAR,2026-07-15T11:00:00Z,,451725217.0,2026-06-09T00:00:00Z
ocds-9t57fa-158618,SCMU4-26/27-0005,Eastern Cape - Social Development and Special Programmes,Eastern Cape,active,['Cleaning & facilities'],"[{'industry': 'Cleaning & facilities', 'score': 0.91, 'reasons': [""text fuzzy-matches 'hygiene services' (similarity 0.91)""]}]",False,,0,ZAR,2026-07-15T11:00:00Z,,451725217.0,2026-06-09T00:00:00Z
ocds-9t57fa-158482,IHLM/145/2025-26/COMM_,Ingquza Hill Local Municipality,Eastern Cape,complete,"['ICT & telecommunications', 'Supply of goods']","[{'industry': 'ICT & telecommunications', 'score': 1.0, 'reasons': [""text fuzzy-matches 'software' (similarity 1.00)""]}, {'industry': 'Supply of goods', 'score': 1.0, 'reasons': [""text fuzzy-matches 'supply and delivery' (similarity 1.00)""]}]",False,,0,ZAR,2026-06-09T09:04:41Z,,,2026-06-09T00:00:00Z
ocds-9t57fa-158506,iLABS/RFQ 2026/27:42,National Research Foundation,Western Cape,complete,['Professional & consulting services'],"[{'industry': 'Professional & consulting services', 'score': 1.0, 'reasons': [""category field contains 'consulting'""]}]",False,,0,ZAR,2026-06-11T11:00:00Z,,,2026-06-09T00:00:00Z
ocds-9t57fa-158582,RFQ07 2026-2027,National Film and Video Foundation of South Africa,Free State,complete,['Other / uncategorised'],"[{'industry': 'Other / uncategorised', 'score': 0.0, 'reasons': []}]",False,,0,ZAR,2026-06-11T11:00:00Z,,,2026-06-09T00:00:00Z
ocds-9t57fa-158836,MPMAT113054580 - Cancellation,ESKOM,Mpumalanga,complete,"['Water & sanitation', 'Supply of goods']","[{'industry': 'Water & sanitation', 'score': 1.0, 'reasons': [""text fuzzy-matches 'water treatment' (similarity 1.00)""]}, {'industry': 'Supply of goods', 'score': 1.0, 'reasons': [""text fuzzy-matches 'supply and delivery' (similarity 1.00)""]}]",False,,0,ZAR,2026-06-11T11:00:00Z,,,2026-06-09T00:00:00Z
ocds-9t57fa-158535,Q2026/03,Amajuba District Municipality,KwaZulu-Natal,complete,['Professional & consulting services'],"[{'industry': 'Professional & consulting services', 'score': 1.0, 'reasons': [""category field contains 'consulting'""]}]",False,,0,ZAR,2026-06-11T12:00:00Z,,,2026-06-09T00:00:00Z
ocds-9t57fa-158588,-PPA-107304-tpt/2026/06/0604/6746/rfq,Transnet SOC Ltd,KwaZulu-Natal,complete,['Water & sanitation'],"[{'industry': 'Water & sanitation', 'score': 1.0, 'reasons': [""category field contains 'sewer'""]}]",False,,0,ZAR,2026-06-11T16:00:00Z,,,2026-06-09T00:00:00Z
ocds-9t57fa-158476,201995 ,SA Bureau of Standards,Gauteng,complete,['Other / uncategorised'],"[{'industry': 'Other / uncategorised', 'score': 0.0, 'reasons': []}]",False,,0,ZAR,2026-06-12T11:00:00Z,,,2026-06-09T00:00:00Z
ocds-9t57fa-158579,iLABS/RFQ 2026/27:41,National Research Foundation,Western Cape,complete,['Supply of goods'],"[{'industry': 'Supply of goods', 'score': 0.89, 'reasons': [""text fuzzy-matches 'supply and delivery' (similarity 0.89)""]}]",False,,0,ZAR,2026-06-12T11:00:00Z,,,2026-06-09T00:00:00Z
ocds-9t57fa-160516,SIN-059,Council for Scientific and Industrial Research (CSIR),Gauteng,active,['ICT & telecommunications'],"[{'industry': 'ICT & telecommunications', 'score': 1.0, 'reasons': [""text fuzzy-matches 'software' (similarity 1.00)""]}]",False,,0,ZAR,2026-06-09T11:00:00Z,,1459800735.0,2026-06-08T00:00:00Z
ocds-9t57fa-161286,SSP-104,Council for Scientific and Industrial Research (CSIR),Western Cape,active,['Other / uncategorised'],"[{'industry': 'Other / uncategorised', 'score': 0.0, 'reasons': []}]",False,,0,ZAR,2026-06-09T11:00:00Z,,56710755.0,2026-06-08T00:00:00Z
ocds-9t57fa-161293,SSP-121,Council for Scientific and Industrial Research (CSIR),Western Cape,active,['Supply of goods'],"[{'industry': 'Supply of goods', 'score': 1.0, 'reasons': [""text fuzzy-matches 'supply and delivery' (similarity 1.00)""]}]",False,,0,ZAR,2026-06-09T11:00:00Z,,4788416.0,2026-06-08T00:00:00Z
ocds-9t57fa-163784,EV 491,Council for Scientific and Industrial Research (CSIR),Gauteng,active,['Other / uncategorised'],"[{'industry': 'Other / uncategorised', 'score': 0.0, 'reasons': []}]",False,2026-07-31T00:00:00Z,0,ZAR,2026-06-09T11:00:00Z,,200250.0,2026-06-08T00:00:00Z
ocds-9t57fa-167344,POU0003QB,Justice & Constitutional Development,Limpopo,active,['Supply of goods'],"[{'industry': 'Supply of goods', 'score': 1.0, 'reasons': [""category field contains 'stationery'""]}]",False,,0,ZAR,2026-06-12T11:00:00Z,,13591074.0,2026-06-08T00:00:00Z
ocds-9t57fa-158339,018/2026/EWSS/LAPTOP/RFQ,Trans-Caledon Tunnel Authority,Gauteng,active,['Other / uncategorised'],"[{'industry': 'Other / uncategorised', 'score': 0.0, 'reasons': []}]",False,,0,ZAR,2026-06-12T13:00:00Z,,75618174.0,2026-06-08T00:00:00Z
ocds-9t57fa-158339,018/2026/EWSS/LAPTOP/RFQ,Trans-Caledon Tunnel Authority,Gauteng,active,['Other / uncategorised'],"[{'industry': 'Other / uncategorised', 'score': 0.0, 'reasons': []}]",False,,0,ZAR,2026-06-12T13:00:00Z,,75618174.0,2026-06-08T00:00:00Z
ocds-9t57fa-161294,SSP-118,Council for Scientific and Industrial Research (CSIR),Gauteng,active,['Other / uncategorised'],"[{'industry': 'Other / uncategorised', 'score': 0.0, 'reasons': []}]",False,,0,ZAR,2026-06-08T11:00:00Z,,29500000.0,2026-06-07T00:00:00Z
ocds-9t57fa-158326,WMM OOO100 MMB,Winnie Madikizela-Mandela Local Municipality,Eastern Cape,complete,['Construction & civil'],"[{'industry': 'Construction & civil', 'score': 2.0, 'reasons': [""category field contains 'construction'"", ""text fuzzy-matches 'building' (similarity 1.00)""]}]",False,,0,ZAR,2026-06-22T12:00:00Z,,,2026-06-07T00:00:00Z
ocds-9t57fa-158330,MRTT26-05/2,Mpumalanga - Mpumalanga Regional Training Trust (MRTT),Mpumalanga,complete,"['Construction & civil', 'Supply of goods']","[{'industry': 'Construction & civil', 'score': 2.0, 'reasons': [""category field contains 'construction'"", ""text fuzzy-matches 'construction' (similarity 1.00)""]}, {'industry': 'Supply of goods', 'score': 1.0, 'reasons': [""text fuzzy-matches 'supply and delivery' (similarity 1.00)""]}]",False,,0,ZAR,2026-07-06T11:00:00Z,,,2026-06-07T00:00:00Z
